{"type":"FeatureCollection","name":"auckland_osm_water","provenance":"Observed","source":"OpenStreetMap via Overpass API","license":"ODbL 1.0","source_feature_count":126,"kept_feature_count":126,"features":[{"type":"Feature","properties":{"kind":"water"},"geometry":{"type":"Polygon","coordinates":[[[174.78343,-36.86467],[174.78337,-36.86467],[174.78332,-36.86462],[174.78327,-36.8646],[174.78325,-36.86455],[174.78327,-36.86447],[174.78332,-36.8644],[174.78343,-36.86437],[174.78349,-36.86436],[174.78354,-36.86436],[174.7836,-36.86438],[174.78367,-36.86442],[174.78368,-36.86449],[174.78365,-36.86452],[174.78358,-36.86455],[174.78353,-36.86458],[174.78352,-36.86461],[174.7835,-36.86464],[174.78347,-36.86466],[174.78343,-36.86467]]]}},{"type":"Feature","properties":{"kind":"water"},"geometry":{"type":"Polygon","coordinates":[[[174.72157,-36.86635],[174.72149,-36.86643],[174.7215,-36.86649],[174.72148,-36.8666],[174.72144,-36.86662],[174.72144,-36.86666],[174.72143,-36.86668],[174.72143,-36.8667],[174.72138,-36.86669],[174.72135,-36.86673],[174.72123,-36.86683],[174.72122,-36.86687],[174.7213,-36.86702],[174.7213,-36.86706],[174.72125,-36.86705],[174.72122,-36.86706],[174.7212,-36.86708],[174.72119,-36.86707],[174.72119,-36.86705],[174.72121,-36.86705],[174.72121,-36.86704],[174.7212,-36.86702],[174.7211,-36.86694],[174.72094,-36.86691],[174.72084,-36.86691],[174.72073,-36.8671],[174.72073,-36.86716],[174.72079,-36.86721],[174.72083,-36.8672],[174.72085,-36.86717],[174.72091,-36.86718],[174.72102,-36.86722],[174.72107,-36.86722],[174.72106,-36.8672],[174.72109,-36.8672],[174.72112,-36.86722],[174.72113,-36.8672],[174.72115,-36.8672],[174.72118,-36.86725],[174.72125,-36.86729],[174.72127,-36.86733],[174.72124,-36.86735],[174.72124,-36.86738],[174.72125,-36.8674],[174.72125,-36.86744],[174.72129,-36.86745],[174.72132,-36.86742],[174.72132,-36.86739],[174.72135,-36.86739],[174.72133,-36.86737],[174.72133,-36.86735],[174.72134,-36.86733],[174.72136,-36.86731],[174.72136,-36.86729],[174.72137,-36.86729],[174.72138,-36.86728],[174.72141,-36.86731],[174.72143,-36.86735],[174.72144,-36.86737],[174.72143,-36.86739],[174.72142,-36.8674],[174.72144,-36.86742],[174.72145,-36.86745],[174.72148,-36.86746],[174.72152,-36.86748],[174.72154,-36.86744],[174.72154,-36.86742],[174.72151,-36.8674],[174.72152,-36.86736],[174.72154,-36.86731],[174.72158,-36.86729],[174.72161,-36.86721],[174.72158,-36.86714],[174.72162,-36.86711],[174.7216,-36.86705],[174.72148,-36.86694],[174.72144,-36.86687],[174.72141,-36.86686],[174.72139,-36.86683],[174.72141,-36.8668],[174.72142,-36.86679],[174.72142,-36.86674],[174.72143,-36.86673],[174.72151,-36.86673],[174.72164,-36.86686],[174.7217,-36.86679],[174.72161,-36.86661],[174.72171,-36.86646],[174.72171,-36.86641],[174.72172,-36.86638],[174.72169,-36.86634],[174.72162,-36.86633],[174.72157,-36.86635]]]}},{"type":"Feature","properties":{"kind":"coastline"},"geometry":{"type":"LineString","coordinates":[[174.80743,-36.85001],[174.80745,-36.85],[174.80746,-36.84999],[174.80747,-36.84997],[174.80748,-36.84996],[174.80749,-36.84994],[174.80749,-36.84992],[174.80749,-36.84991],[174.80749,-36.84989],[174.80749,-36.84988],[174.80749,-36.84987],[174.80788,-36.84887],[174.80789,-36.84885],[174.8079,-36.84884],[174.80791,-36.84883],[174.80792,-36.84882],[174.80793,-36.84881],[174.80793,-36.8488],[174.80793,-36.84878],[174.80793,-36.84877],[174.80792,-36.84875],[174.80791,-36.84873],[174.8079,-36.84872],[174.80788,-36.84872],[174.80786,-36.84872],[174.80784,-36.84872],[174.80782,-36.84873],[174.80781,-36.84874],[174.8078,-36.84876],[174.80733,-36.84992],[174.80733,-36.84994],[174.80733,-36.84996],[174.80734,-36.84998],[174.80735,-36.84999],[174.80736,-36.85],[174.80738,-36.85001],[174.8074,-36.85001],[174.80743,-36.85001]]}},{"type":"Feature","properties":{"kind":"water"},"geometry":{"type":"Polygon","coordinates":[[[174.75476,-36.8616],[174.75521,-36.8612],[174.75522,-36.86121],[174.75524,-36.86123],[174.75527,-36.86121],[174.75531,-36.86125],[174.75537,-36.8613],[174.75491,-36.86161],[174.75484,-36.86165],[174.75479,-36.86164],[174.75478,-36.86163],[174.75476,-36.8616]]]}},{"type":"Feature","properties":{"kind":"water"},"geometry":{"type":"Polygon","coordinates":[[[174.75539,-36.86127],[174.75549,-36.8612],[174.75553,-36.86116],[174.75553,-36.86113],[174.75551,-36.8611],[174.75549,-36.86108],[174.75546,-36.86107],[174.75544,-36.86107],[174.7554,-36.86108],[174.75532,-36.86115],[174.7553,-36.86118],[174.75531,-36.8612],[174.75533,-36.86123],[174.75539,-36.86127]]]}},{"type":"Feature","properties":{"kind":"water"},"geometry":{"type":"Polygon","coordinates":[[[174.75777,-36.84451],[174.75778,-36.84447],[174.75779,-36.84446],[174.75779,-36.84445],[174.7578,-36.84443],[174.75782,-36.84438],[174.75782,-36.84437],[174.75785,-36.8443],[174.75785,-36.84429],[174.75788,-36.84423],[174.75788,-36.84422],[174.75791,-36.84415],[174.75791,-36.84414],[174.75794,-36.84407],[174.75795,-36.84406],[174.75797,-36.84399],[174.75798,-36.84399],[174.75801,-36.84391],[174.75777,-36.84384],[174.75775,-36.84389],[174.75754,-36.84442],[174.7575,-36.84452],[174.75752,-36.84452],[174.75747,-36.84462],[174.75755,-36.84465],[174.75758,-36.84465],[174.75765,-36.84467],[174.75769,-36.84459],[174.75772,-36.8446],[174.75774,-36.84458],[174.75774,-36.84456],[174.75777,-36.84457],[174.75778,-36.84457],[174.75779,-36.84457],[174.75781,-36.84458],[174.75783,-36.84453],[174.75782,-36.84452],[174.7578,-36.84452],[174.75779,-36.84452],[174.75777,-36.84451]]]}},{"type":"Feature","properties":{"kind":"coastline"},"geometry":{"type":"LineString","coordinates":[[174.79093,-36.83078],[174.79195,-36.83102],[174.79265,-36.83118],[174.79453,-36.83219],[174.7949,-36.83231],[174.79503,-36.83238],[174.79551,-36.8327],[174.79576,-36.83279],[174.79599,-36.83286],[174.7961,-36.83287],[174.79613,-36.83289],[174.79615,-36.83289],[174.79626,-36.8329],[174.7963,-36.8329],[174.79651,-36.83289],[174.79663,-36.83288],[174.79673,-36.83287],[174.79694,-36.83283],[174.79721,-36.83279],[174.79746,-36.83271],[174.79772,-36.83276],[174.79799,-36.83276],[174.79832,-36.83269],[174.79834,-36.83261],[174.79826,-36.83256],[174.7982,-36.83254],[174.79817,-36.83251],[174.79816,-36.83247],[174.79817,-36.83239],[174.79822,-36.83232],[174.79839,-36.83214],[174.79853,-36.83203],[174.79911,-36.83172],[174.80017,-36.83188],[174.80132,-36.83168],[174.80176,-36.83155],[174.80187,-36.8315],[174.80264,-36.83108],[174.80273,-36.83115],[174.80288,-36.83122],[174.803,-36.83127],[174.80312,-36.83132],[174.80326,-36.83125],[174.8033,-36.83122],[174.80332,-36.83119],[174.80333,-36.83101],[174.80343,-36.83084],[174.80381,-36.83046],[174.80412,-36.83027],[174.80448,-36.83006],[174.80485,-36.82979],[174.80504,-36.82968],[174.80535,-36.82957],[174.80552,-36.82947],[174.80567,-36.82939],[174.80581,-36.82928],[174.80594,-36.82911],[174.80604,-36.829],[174.80627,-36.82884],[174.80642,-36.82874],[174.80685,-36.82852],[174.80721,-36.82835],[174.80744,-36.82833],[174.80773,-36.82832],[174.80787,-36.82835],[174.8081,-36.82829],[174.80831,-36.82832],[174.80857,-36.82839],[174.80882,-36.82848],[174.80888,-36.82856],[174.80869,-36.82869],[174.80866,-36.82872],[174.8089,-36.82894],[174.80892,-36.82892],[174.80926,-36.82921],[174.80941,-36.82931],[174.80947,-36.82941],[174.80959,-36.82969],[174.80966,-36.82967],[174.80962,-36.82957],[174.80976,-36.82953],[174.80982,-36.8296],[174.81001,-36.82956],[174.81011,-36.8296],[174.81033,-36.82966],[174.8105,-36.82973],[174.81068,-36.8297],[174.81097,-36.82968],[174.81119,-36.82959],[174.81154,-36.82955],[174.81188,-36.82955],[174.81217,-36.82954],[174.81239,-36.82953],[174.81255,-36.8295],[174.81285,-36.82931]]}},{"type":"Feature","properties":{"kind":"coastline"},"geometry":{"type":"LineString","coordinates":[[174.77423,-36.82538],[174.77427,-36.82544],[174.77424,-36.82554],[174.77417,-36.82568],[174.774,-36.82592],[174.77397,-36.82604],[174.77394,-36.82633],[174.77392,-36.82645],[174.77392,-36.82698],[174.77388,-36.82708],[174.77377,-36.8271],[174.77363,-36.8271],[174.77347,-36.82715],[174.7732,-36.82729],[174.77316,-36.82731],[174.773,-36.82739],[174.77284,-36.82748],[174.77279,-36.8275],[174.77278,-36.82751],[174.77277,-36.82751],[174.77271,-36.82755],[174.77266,-36.82757],[174.77264,-36.82758],[174.77236,-36.82773],[174.7723,-36.82776],[174.7722,-36.82803],[174.77231,-36.82823],[174.77236,-36.82834],[174.77282,-36.82926],[174.77319,-36.82946],[174.77344,-36.82945],[174.77394,-36.82915],[174.77441,-36.82901],[174.77491,-36.82891],[174.7755,-36.8287],[174.77564,-36.82867],[174.77652,-36.82867],[174.77739,-36.82821],[174.77768,-36.82779],[174.77766,-36.82754],[174.77773,-36.82728],[174.77809,-36.82696],[174.7785,-36.82683],[174.77876,-36.82672],[174.77919,-36.82664],[174.77941,-36.82662],[174.77973,-36.82662],[174.7798,-36.82662],[174.77997,-36.82664],[174.78011,-36.82667],[174.78076,-36.82677],[174.78117,-36.82686],[174.78125,-36.82688],[174.78139,-36.82698],[174.78145,-36.82711],[174.78149,-36.82731],[174.78141,-36.8276],[174.78142,-36.82771],[174.7815,-36.82778],[174.78167,-36.82785]]}},{"type":"Feature","properties":{"kind":"coastline"},"geometry":{"type":"LineString","coordinates":[[174.73365,-36.82259],[174.73382,-36.82245],[174.73395,-36.82246],[174.73412,-36.8225],[174.73416,-36.82256],[174.7342,-36.8225],[174.73427,-36.82246],[174.73444,-36.82249],[174.73452,-36.82249],[174.73512,-36.82234],[174.73513,-36.82234],[174.73515,-36.82231],[174.73514,-36.82221],[174.73507,-36.82201],[174.73567,-36.8219],[174.73571,-36.8219],[174.73599,-36.82198],[174.73625,-36.82206],[174.73647,-36.82204],[174.73655,-36.82199],[174.73729,-36.8213],[174.73777,-36.8212],[174.73796,-36.82116],[174.73829,-36.82097],[174.73851,-36.82079],[174.73872,-36.82046],[174.73876,-36.82041],[174.73886,-36.82034],[174.73895,-36.82028],[174.73891,-36.8202],[174.739,-36.82],[174.73908,-36.81997],[174.73917,-36.81988],[174.73956,-36.81972],[174.73965,-36.81963],[174.7397,-36.81952],[174.73971,-36.8195],[174.73964,-36.81947],[174.73959,-36.81944],[174.73954,-36.81944],[174.73942,-36.81947],[174.73934,-36.81949],[174.73912,-36.81954],[174.73862,-36.81914],[174.73829,-36.81897],[174.73816,-36.8189],[174.73812,-36.81879],[174.73847,-36.81853],[174.73942,-36.81795],[174.73926,-36.81765],[174.73921,-36.81742],[174.73923,-36.81706],[174.73918,-36.81675],[174.73918,-36.81667],[174.73932,-36.81668],[174.73952,-36.81665],[174.73969,-36.81658],[174.73974,-36.81647],[174.73979,-36.81646],[174.73984,-36.81645],[174.73992,-36.8165],[174.74005,-36.81654],[174.74024,-36.81651],[174.74024,-36.81648],[174.7403,-36.81647],[174.74033,-36.8165],[174.74107,-36.81637],[174.74125,-36.81638],[174.74142,-36.81636],[174.74173,-36.81644],[174.74177,-36.8167],[174.74185,-36.81679],[174.74209,-36.81712],[174.74212,-36.81719],[174.74215,-36.81748],[174.74218,-36.81752],[174.74253,-36.81779],[174.74273,-36.8179],[174.7436,-36.81827],[174.74406,-36.81841],[174.74448,-36.81862],[174.74469,-36.81882],[174.74574,-36.81956],[174.74673,-36.82053],[174.7469,-36.82086],[174.74707,-36.82146],[174.7472,-36.82206],[174.74715,-36.8222],[174.74716,-36.82233],[174.74714,-36.82278],[174.74724,-36.82301],[174.74726,-36.8231],[174.74723,-36.82353],[174.7473,-36.82374],[174.74743,-36.82408],[174.74736,-36.8244],[174.74725,-36.82496],[174.74729,-36.82616],[174.74721,-36.82627],[174.74716,-36.82637],[174.74712,-36.82639],[174.74707,-36.8264],[174.74706,-36.82641],[174.74691,-36.82642],[174.7469,-36.82641],[174.74686,-36.82639],[174.7468,-36.82639],[174.74676,-36.82641],[174.74673,-36.82645],[174.7467,-36.82648]]}},{"type":"Feature","properties":{"kind":"water"},"geometry":{"type":"Polygon","coordinates":[[[174.7214,-36.86394],[174.72135,-36.86395],[174.7213,-36.86399],[174.72127,-36.86401],[174.72128,-36.86404],[174.72128,-36.86407],[174.72129,-36.86413],[174.72127,-36.86416],[174.72123,-36.86413],[174.72121,-36.86411],[174.72119,-36.86409],[174.72118,-36.86407],[174.72117,-36.86404],[174.72117,-36.86402],[174.72118,-36.86398],[174.7213,-36.86389],[174.72132,-36.86388],[174.72134,-36.86387],[174.72144,-36.86385],[174.72155,-36.86386],[174.72158,-36.86384],[174.7216,-36.86381],[174.72167,-36.86378],[174.72179,-36.86376],[174.72181,-36.86376],[174.72183,-36.86381],[174.72199,-36.86381],[174.72206,-36.86373],[174.72205,-36.86364],[174.72198,-36.86353],[174.72194,-36.86348],[174.72184,-36.86346],[174.7218,-36.8634],[174.72179,-36.86333],[174.7218,-36.86324],[174.72173,-36.8632],[174.72175,-36.86317],[174.72181,-36.8632],[174.72186,-36.86324],[174.72185,-36.86331],[174.72183,-36.86337],[174.72188,-36.86343],[174.72196,-36.86345],[174.72201,-36.8635],[174.72209,-36.86365],[174.72207,-36.86377],[174.722,-36.86384],[174.72185,-36.86387],[174.72183,-36.86387],[174.7218,-36.86386],[174.72178,-36.86385],[174.72171,-36.86382],[174.72165,-36.86385],[174.72165,-36.86386],[174.72164,-36.86389],[174.72172,-36.864],[174.72174,-36.86401],[174.72175,-36.86403],[174.72174,-36.86407],[174.72172,-36.86409],[174.72169,-36.8641],[174.72167,-36.86409],[174.72164,-36.86407],[174.72163,-36.86405],[174.72161,-36.86398],[174.72158,-36.86394],[174.72154,-36.86392],[174.72152,-36.86392],[174.72146,-36.86392],[174.72144,-36.86393],[174.7214,-36.86394]]]}},{"type":"Feature","properties":{"kind":"water"},"geometry":{"type":"Polygon","coordinates":[[[174.72182,-36.8631],[174.72178,-36.86312],[174.72178,-36.86313],[174.72176,-36.86315],[174.72175,-36.86317],[174.72173,-36.8632],[174.72171,-36.86321],[174.7217,-36.86322],[174.72166,-36.86323],[174.72168,-36.86316],[174.72169,-36.86313],[174.72168,-36.86311],[174.72166,-36.8631],[174.72164,-36.86308],[174.72164,-36.86305],[174.72164,-36.86301],[174.72166,-36.86295],[174.7217,-36.8629],[174.72174,-36.86287],[174.72179,-36.86287],[174.72181,-36.86288],[174.72182,-36.86291],[174.72181,-36.86294],[174.72182,-36.86296],[174.72184,-36.863],[174.72186,-36.86301],[174.72189,-36.86301],[174.72193,-36.86304],[174.72194,-36.86306],[174.7219,-36.8631],[174.72188,-36.8631],[174.72184,-36.8631],[174.72182,-36.8631]]]}},{"type":"Feature","properties":{"kind":"coastline"},"geometry":{"type":"LineString","coordinates":[[174.73179,-36.83494],[174.73179,-36.835],[174.73178,-36.83504],[174.73176,-36.83513],[174.7318,-36.83515],[174.73189,-36.83513],[174.73196,-36.83509],[174.73207,-36.83507],[174.73212,-36.83507],[174.73215,-36.83505],[174.73216,-36.83504],[174.73215,-36.83503],[174.73213,-36.83502],[174.73211,-36.83502],[174.73208,-36.83502],[174.73201,-36.83499],[174.73197,-36.83497],[174.73195,-36.83496],[174.73194,-36.83495],[174.73194,-36.8349],[174.73191,-36.83489],[174.73185,-36.8349],[174.73183,-36.83491],[174.73182,-36.83492],[174.73179,-36.83494]]}},{"type":"Feature","properties":{"kind":"water"},"geometry":{"type":"Polygon","coordinates":[[[174.77585,-36.88838],[174.77582,-36.8884],[174.7758,-36.88842],[174.77579,-36.88845],[174.77579,-36.88848],[174.7758,-36.88851],[174.77582,-36.88853],[174.77586,-36.88855],[174.7759,-36.88855],[174.77594,-36.88855],[174.77597,-36.88853],[174.776,-36.88851],[174.77601,-36.88848],[174.77601,-36.88845],[174.776,-36.88842],[174.77598,-36.8884],[174.77595,-36.88838],[174.77592,-36.88837],[174.77588,-36.88837],[174.77585,-36.88838]]]}},{"type":"Feature","properties":{"name":"Duck Pond","kind":"water"},"geometry":{"type":"Polygon","coordinates":[[[174.79514,-36.81756],[174.79517,-36.81756],[174.79534,-36.8176],[174.79555,-36.81758],[174.79569,-36.81751],[174.79582,-36.81739],[174.79586,-36.8173],[174.79611,-36.81712],[174.79637,-36.81695],[174.79645,-36.8169],[174.79655,-36.8168],[174.79666,-36.81676],[174.79672,-36.81672],[174.7968,-36.8167],[174.79686,-36.81661],[174.79679,-36.8166],[174.79673,-36.81657],[174.79664,-36.81662],[174.79641,-36.81677],[174.79608,-36.81692],[174.79584,-36.81702],[174.79559,-36.81713],[174.79553,-36.81724],[174.79522,-36.81734],[174.79511,-36.81743],[174.79514,-36.81756]]]}},{"type":"Feature","properties":{"kind":"coastline"},"geometry":{"type":"LineString","coordinates":[[174.81217,-36.86167],[174.81214,-36.86168],[174.8121,-36.86172],[174.81197,-36.86173],[174.81195,-36.86175],[174.81191,-36.86174],[174.81189,-36.86171],[174.81179,-36.86165],[174.81162,-36.8615],[174.81152,-36.86149],[174.81145,-36.86142],[174.81127,-36.86141],[174.81103,-36.86147],[174.81083,-36.86147],[174.81082,-36.86155],[174.81077,-36.86154],[174.8107,-36.86147],[174.81056,-36.86147],[174.81048,-36.86141],[174.81036,-36.86139],[174.81019,-36.86143],[174.80962,-36.86178],[174.80955,-36.86096],[174.80918,-36.86098],[174.80929,-36.86203],[174.80923,-36.86208],[174.8084,-36.86175],[174.80766,-36.86139],[174.80689,-36.86093],[174.80649,-36.86068],[174.80614,-36.86047],[174.80562,-36.86009],[174.8055,-36.86008],[174.80545,-36.86012],[174.80537,-36.86017],[174.80538,-36.86019],[174.80538,-36.86022],[174.80537,-36.86024],[174.80546,-36.86035],[174.80642,-36.86095],[174.80782,-36.86178],[174.80803,-36.8619],[174.80808,-36.86232],[174.80832,-36.86253],[174.80836,-36.86267],[174.80827,-36.86285],[174.80835,-36.86296],[174.80841,-36.8631],[174.80847,-36.86317],[174.80857,-36.86326],[174.80867,-36.86333],[174.80876,-36.8635],[174.80871,-36.86362],[174.80871,-36.8637],[174.80869,-36.86375],[174.80828,-36.8641],[174.80811,-36.86445],[174.80809,-36.86452],[174.80802,-36.86497],[174.80794,-36.86516],[174.80775,-36.86541],[174.80769,-36.86545],[174.8067,-36.86581],[174.80639,-36.866],[174.80616,-36.86609],[174.80543,-36.86599],[174.80482,-36.86586],[174.80479,-36.86586],[174.8051,-36.86534],[174.80526,-36.86479],[174.8053,-36.86456],[174.80531,-36.86439],[174.80531,-36.86429],[174.8047,-36.86407],[174.80411,-36.86353],[174.80367,-36.86307],[174.80353,-36.86275],[174.80352,-36.86253],[174.80352,-36.86244],[174.80344,-36.86228],[174.8034,-36.86221],[174.80328,-36.86213],[174.8032,-36.86213],[174.80298,-36.86218],[174.80294,-36.86215],[174.80289,-36.86215],[174.80281,-36.86216],[174.80279,-36.86216],[174.80277,-36.86213],[174.80274,-36.86212],[174.80269,-36.86211],[174.80264,-36.86214],[174.80257,-36.86218],[174.80252,-36.8622],[174.80241,-36.86222],[174.80229,-36.86223],[174.80216,-36.86224],[174.80186,-36.86223],[174.80185,-36.8622],[174.80155,-36.86218],[174.80112,-36.86215],[174.80103,-36.86218],[174.80071,-36.86217],[174.79972,-36.86205],[174.79964,-36.86203],[174.79924,-36.86186],[174.79865,-36.86173],[174.79814,-36.86174],[174.79767,-36.86191],[174.79745,-36.86203],[174.79726,-36.86216],[174.79707,-36.86235],[174.79685,-36.86269],[174.79684,-36.86272],[174.79661,-36.86338],[174.79665,-36.86354],[174.79656,-36.8637],[174.79644,-36.8638],[174.7964,-36.86383],[174.79638,-36.86387],[174.79628,-36.86409],[174.79615,-36.86424],[174.79606,-36.86422],[174.7961,-36.86395],[174.796,-36.86386],[174.79594,-36.86375],[174.79591,-36.86364],[174.79593,-36.86336],[174.79586,-36.86327],[174.79542,-36.86315],[174.79512,-36.86321],[174.79477,-36.86326],[174.79446,-36.86322],[174.79423,-36.86316],[174.79409,-36.86312],[174.7938,-36.86321],[174.79295,-36.86355],[174.79272,-36.86355],[174.79264,-36.86353],[174.79239,-36.86333],[174.79235,-36.86329],[174.7923,-36.86325],[174.79225,-36.86327],[174.7922,-36.86335],[174.79204,-36.86337],[174.79169,-36.86338],[174.79124,-36.86353],[174.79109,-36.86358],[174.7909,-36.86376],[174.7907,-36.86394],[174.79057,-36.864],[174.79053,-36.86402],[174.79045,-36.86402],[174.7903,-36.86398],[174.79013,-36.86389],[174.79004,-36.86378],[174.7899,-36.86364],[174.78972,-36.86357],[174.78946,-36.86359],[174.78924,-36.86362],[174.78888,-36.86362],[174.78859,-36.86374],[174.78842,-36.8638],[174.78818,-36.86382],[174.78814,-36.86376],[174.78818,-36.86373],[174.78826,-36.86372],[174.78846,-36.86368],[174.78875,-36.86342],[174.78912,-36.86312],[174.78951,-36.86288],[174.79033,-36.86213],[174.79057,-36.86207],[174.79078,-36.86194],[174.79063,-36.86181],[174.79058,-36.86168],[174.79048,-36.86127],[174.7904,-36.86113],[174.7902,-36.8605],[174.7901,-36.8603],[174.79016,-36.85999],[174.7903,-36.85979],[174.79031,-36.8597],[174.79031,-36.85962],[174.79026,-36.85955],[174.79021,-36.85954],[174.79019,-36.85937],[174.7903,-36.85913],[174.79038,-36.85902],[174.79044,-36.85901],[174.79051,-36.85894],[174.79056,-36.85886],[174.79057,-36.85884],[174.7909,-36.85858],[174.79096,-36.85859],[174.79102,-36.85862],[174.79116,-36.85863],[174.79127,-36.85861],[174.79137,-36.85859],[174.79143,-36.85854],[174.79153,-36.85836],[174.79154,-36.85831],[174.79157,-36.85823],[174.79156,-36.85818],[174.79146,-36.85812],[174.79172,-36.85789],[174.79181,-36.85782],[174.79186,-36.85771],[174.79194,-36.85746],[174.79205,-36.85697],[174.79206,-36.85676],[174.79214,-36.8566],[174.79225,-36.8565],[174.7925,-36.85639],[174.79303,-36.85611],[174.79316,-36.85599],[174.79327,-36.85586],[174.7934,-36.85549],[174.7934,-36.85522],[174.79336,-36.85502],[174.7932,-36.85466],[174.79318,-36.85428],[174.79322,-36.85411],[174.79319,-36.85383],[174.79311,-36.85355],[174.79297,-36.85322],[174.79275,-36.85307],[174.79253,-36.8527],[174.79244,-36.85261],[174.79231,-36.85249],[174.79225,-36.85225],[174.79212,-36.85182],[174.79205,-36.85144],[174.79206,-36.85081],[174.7923,-36.85036],[174.79239,-36.84985],[174.79243,-36.84964],[174.79246,-36.84952],[174.7925,-36.84933],[174.79249,-36.84918]]}},{"type":"Feature","properties":{"kind":"coastline"},"geometry":{"type":"LineString","coordinates":[[174.78667,-36.84063],[174.78666,-36.84045],[174.78653,-36.8404],[174.78657,-36.84009],[174.78345,-36.83982],[174.78307,-36.83978],[174.78311,-36.8398],[174.78312,-36.83985],[174.7831,-36.83989],[174.78305,-36.83992],[174.78299,-36.83991],[174.78295,-36.83988],[174.78307,-36.84036],[174.78444,-36.84551],[174.78275,-36.84507],[174.78256,-36.84489],[174.7821,-36.84312],[174.78207,-36.84308],[174.78203,-36.84306],[174.78176,-36.84299],[174.7817,-36.84299],[174.78165,-36.84301],[174.77985,-36.84431],[174.77958,-36.84436],[174.77944,-36.84438],[174.77823,-36.84407],[174.77809,-36.84377],[174.78086,-36.84179],[174.78086,-36.84173],[174.78022,-36.84116],[174.78013,-36.84116],[174.77738,-36.84314],[174.7772,-36.84318],[174.77643,-36.84333],[174.77631,-36.84336],[174.77608,-36.8434],[174.77522,-36.84317],[174.77572,-36.84281],[174.77565,-36.84274],[174.77563,-36.84276],[174.77563,-36.84278],[174.7754,-36.84295],[174.77538,-36.84293],[174.77531,-36.84287],[174.7753,-36.84286],[174.77553,-36.84269],[174.77554,-36.84269],[174.77557,-36.84267],[174.77554,-36.84265],[174.77665,-36.84184],[174.77666,-36.84181],[174.77624,-36.84143],[174.77618,-36.84143],[174.77555,-36.84189],[174.77544,-36.84183],[174.77543,-36.84184],[174.77543,-36.84186],[174.77541,-36.84188],[174.77542,-36.84191],[174.77535,-36.842],[174.77538,-36.84201],[174.77529,-36.84209],[174.77523,-36.84206],[174.77515,-36.84201],[174.77511,-36.84198],[174.77526,-36.8418],[174.77529,-36.84182],[174.77533,-36.84177],[174.77532,-36.84177],[174.77532,-36.84174],[174.77665,-36.8402],[174.77675,-36.84009],[174.77669,-36.84],[174.77656,-36.83999],[174.77665,-36.83988],[174.77653,-36.83982],[174.7764,-36.83997],[174.77649,-36.84002],[174.77635,-36.84018],[174.77332,-36.83995],[174.77339,-36.83979],[174.77328,-36.83979],[174.77321,-36.83981],[174.77314,-36.83984],[174.77308,-36.8399],[174.77141,-36.84393],[174.7709,-36.8438],[174.77091,-36.84379],[174.77132,-36.84276],[174.77093,-36.84266],[174.77048,-36.84378],[174.77042,-36.84377],[174.77042,-36.84375],[174.7701,-36.84367],[174.77007,-36.84367],[174.76998,-36.84364],[174.76995,-36.84354],[174.76994,-36.84342],[174.76997,-36.84329],[174.77066,-36.84157],[174.77063,-36.8415],[174.76996,-36.84132],[174.76987,-36.84136]]}},{"type":"Feature","properties":{"kind":"coastline"},"geometry":{"type":"LineString","coordinates":[[174.74952,-36.84266],[174.74949,-36.84273],[174.74947,-36.84277],[174.74945,-36.84281],[174.74939,-36.84283],[174.74925,-36.84278],[174.74906,-36.84272],[174.74883,-36.84266],[174.74825,-36.84253],[174.74779,-36.84243],[174.74743,-36.84234],[174.74731,-36.8423],[174.74711,-36.84219],[174.74673,-36.84198],[174.74649,-36.84183],[174.74635,-36.84173],[174.74614,-36.84157],[174.74601,-36.84142],[174.74597,-36.84135],[174.74602,-36.84114],[174.7461,-36.84077],[174.74615,-36.84072],[174.74624,-36.8407],[174.74633,-36.84071],[174.74663,-36.84071],[174.74674,-36.8406],[174.74754,-36.84072],[174.74839,-36.84022],[174.74852,-36.84014],[174.74853,-36.84013],[174.74856,-36.83982],[174.74856,-36.8398],[174.74854,-36.83978],[174.74849,-36.83977],[174.74766,-36.83964],[174.74758,-36.83964],[174.74753,-36.83965],[174.74748,-36.83967],[174.74745,-36.83972],[174.74737,-36.84014],[174.7471,-36.84029],[174.74555,-36.84004],[174.74517,-36.83982],[174.74477,-36.83959],[174.74472,-36.83956],[174.74471,-36.83955],[174.74434,-36.83933],[174.74391,-36.83909],[174.74386,-36.83906],[174.74356,-36.83889],[174.74337,-36.83878],[174.74332,-36.83875],[174.74322,-36.8387],[174.743,-36.83858],[174.74301,-36.83856],[174.74292,-36.83851],[174.7429,-36.83852],[174.74273,-36.83843],[174.74262,-36.83834],[174.74266,-36.83816],[174.74265,-36.83816],[174.7427,-36.838],[174.74274,-36.83782],[174.7428,-36.83761],[174.74279,-36.83761],[174.74285,-36.83739],[174.74287,-36.83739],[174.74288,-36.83733],[174.74289,-36.83733],[174.74291,-36.83724],[174.74291,-36.83723],[174.74292,-36.83721],[174.74295,-36.83708],[174.74294,-36.83707],[174.74297,-36.83697],[174.74295,-36.83697],[174.74299,-36.83683],[174.743,-36.83683],[174.74303,-36.8367],[174.74302,-36.8367],[174.74306,-36.83653],[174.74306,-36.83652],[174.74307,-36.8365],[174.74307,-36.83648],[174.74308,-36.83648],[174.74314,-36.83623],[174.74314,-36.83622],[174.74318,-36.83605],[174.74319,-36.83605],[174.74322,-36.83594],[174.74323,-36.83587],[174.74321,-36.83587],[174.74328,-36.83559],[174.74335,-36.83559],[174.74337,-36.83552],[174.74411,-36.83559],[174.74415,-36.8356],[174.74523,-36.8357],[174.74523,-36.83572],[174.74598,-36.8358],[174.74598,-36.83577],[174.74603,-36.83578],[174.74604,-36.83571],[174.74663,-36.83576],[174.7473,-36.83582],[174.74806,-36.8359],[174.7487,-36.83596],[174.74942,-36.83602],[174.74987,-36.83607],[174.74994,-36.83607],[174.75017,-36.83602],[174.75021,-36.83597],[174.75024,-36.83578],[174.75017,-36.83577],[174.74928,-36.83568],[174.74853,-36.83562],[174.74845,-36.83561],[174.7484,-36.83561],[174.74837,-36.83558],[174.7454,-36.8353],[174.74348,-36.83511],[174.74333,-36.8351],[174.74318,-36.83508],[174.743,-36.83508],[174.74282,-36.83507],[174.74285,-36.83502],[174.7427,-36.83496],[174.74263,-36.83506],[174.74259,-36.83508],[174.74232,-36.83511],[174.7422,-36.83513],[174.74209,-36.83515],[174.74195,-36.83518],[174.74176,-36.83523],[174.74147,-36.83534],[174.74126,-36.83543],[174.74108,-36.83551],[174.74084,-36.83565],[174.74055,-36.83585],[174.7403,-36.83606],[174.74013,-36.83626],[174.74007,-36.83633],[174.74002,-36.8364],[174.73993,-36.83653],[174.73982,-36.83676],[174.73974,-36.83696],[174.73973,-36.83699],[174.7396,-36.83735],[174.73945,-36.83784],[174.73943,-36.83796],[174.73939,-36.83818],[174.73934,-36.83885],[174.7393,-36.83934],[174.73927,-36.83966],[174.73924,-36.83993],[174.73922,-36.84008],[174.73919,-36.8401],[174.73906,-36.84014],[174.7389,-36.84015],[174.73883,-36.84007],[174.73874,-36.8398],[174.73869,-36.83972],[174.7384,-36.83958],[174.73829,-36.83956],[174.73822,-36.83955],[174.73813,-36.83955],[174.73808,-36.83953],[174.73802,-36.83953],[174.73793,-36.83951],[174.73782,-36.83953],[174.73777,-36.83952],[174.73762,-36.83951]]}},{"type":"Feature","properties":{"kind":"coastline"},"geometry":{"type":"LineString","coordinates":[[174.79394,-36.85018],[174.79394,-36.8502],[174.79395,-36.85023],[174.79397,-36.85025],[174.79395,-36.85028],[174.79392,-36.8503],[174.79385,-36.85035],[174.79382,-36.85037],[174.79381,-36.85039],[174.79381,-36.8504],[174.79382,-36.85042],[174.79385,-36.85042],[174.79387,-36.85042],[174.79389,-36.85041],[174.79402,-36.8503],[174.79403,-36.85031],[174.79404,-36.85032],[174.79409,-36.85034],[174.79415,-36.85042],[174.79445,-36.85068],[174.79517,-36.85132],[174.80077,-36.85627],[174.8012,-36.85665],[174.80125,-36.85669],[174.80133,-36.85669],[174.80134,-36.85669],[174.80135,-36.85668],[174.80136,-36.85667],[174.80137,-36.85666],[174.80138,-36.85666],[174.80139,-36.85665],[174.8014,-36.85664],[174.80142,-36.85663],[174.80142,-36.85659],[174.80124,-36.85645],[174.80127,-36.85643],[174.8015,-36.85624],[174.80211,-36.85567],[174.80239,-36.85526],[174.80237,-36.85525],[174.80236,-36.85524],[174.80227,-36.85519],[174.8022,-36.85515],[174.80211,-36.8551],[174.80209,-36.85509],[174.80213,-36.85503],[174.80211,-36.85503],[174.80209,-36.85502],[174.80173,-36.85492],[174.80124,-36.85479],[174.79986,-36.85442],[174.79984,-36.85441],[174.79957,-36.85415],[174.79907,-36.85391],[174.79892,-36.8539],[174.79881,-36.85385],[174.79878,-36.85378],[174.79847,-36.85362],[174.79848,-36.85361],[174.79854,-36.85353]]}},{"type":"Feature","properties":{"kind":"coastline"},"geometry":{"type":"LineString","coordinates":[[174.76626,-36.8394],[174.76622,-36.83933],[174.76611,-36.8393],[174.76541,-36.83913],[174.76534,-36.83915],[174.76449,-36.84126],[174.76433,-36.84163],[174.76433,-36.84165],[174.76412,-36.84214],[174.76412,-36.84215],[174.76408,-36.84214],[174.76393,-36.8421],[174.76351,-36.84199],[174.76349,-36.84199],[174.76349,-36.84198],[174.76349,-36.84197],[174.7635,-36.84182],[174.7635,-36.84176],[174.76354,-36.84132],[174.76355,-36.84127],[174.76355,-36.84122],[174.76359,-36.84083],[174.76359,-36.84078],[174.76359,-36.84077],[174.76359,-36.84076],[174.76336,-36.84069],[174.76361,-36.84007],[174.76275,-36.83985],[174.76247,-36.84055]]}},{"type":"Feature","properties":{"kind":"coastline"},"geometry":{"type":"LineString","coordinates":[[174.80511,-36.86007],[174.80525,-36.86009],[174.80536,-36.86001],[174.80541,-36.85995],[174.80536,-36.8599],[174.80528,-36.85984],[174.8052,-36.85975],[174.80512,-36.85972],[174.80502,-36.85972],[174.80484,-36.85957],[174.80427,-36.85912],[174.80389,-36.85877],[174.80322,-36.85816],[174.80289,-36.85788],[174.80182,-36.85696],[174.8018,-36.85695],[174.80177,-36.85698],[174.80176,-36.85699],[174.80175,-36.857],[174.80174,-36.857],[174.80173,-36.85701],[174.80172,-36.85702],[174.80171,-36.85702],[174.80168,-36.85706],[174.80176,-36.85715],[174.80183,-36.85719],[174.80188,-36.85725],[174.80194,-36.85731],[174.80267,-36.85795],[174.80299,-36.85826],[174.80344,-36.85865],[174.80423,-36.85935],[174.80503,-36.86003],[174.80511,-36.86007]]}},{"type":"Feature","properties":{"kind":"water"},"geometry":{"type":"Polygon","coordinates":[[[174.75243,-36.81271],[174.75242,-36.81277],[174.75235,-36.81284],[174.75224,-36.81289],[174.75215,-36.81293],[174.75206,-36.81294],[174.75197,-36.81294],[174.75191,-36.8129],[174.75185,-36.81285],[174.75182,-36.8128],[174.75184,-36.81276],[174.75189,-36.81273],[174.75198,-36.81273],[174.75209,-36.81272],[174.75224,-36.81268],[174.75233,-36.81267],[174.7524,-36.81268],[174.75243,-36.81269],[174.75243,-36.81271]]]}},{"type":"Feature","properties":{"kind":"water"},"geometry":{"type":"Polygon","coordinates":[[[174.75384,-36.81145],[174.75381,-36.81149],[174.75376,-36.81155],[174.75371,-36.81159],[174.75368,-36.81163],[174.75365,-36.81166],[174.75362,-36.81167],[174.75358,-36.81166],[174.75357,-36.81163],[174.75358,-36.81159],[174.75371,-36.81151],[174.75376,-36.81146],[174.7538,-36.81144],[174.75382,-36.81144],[174.75384,-36.81144],[174.75384,-36.81145]]]}},{"type":"Feature","properties":{"kind":"water"},"geometry":{"type":"Polygon","coordinates":[[[174.75299,-36.81367],[174.75295,-36.8137],[174.75287,-36.81373],[174.75283,-36.81374],[174.75276,-36.81376],[174.75271,-36.81378],[174.7527,-36.81377],[174.7527,-36.81374],[174.7527,-36.81372],[174.75271,-36.81368],[174.75274,-36.81365],[174.75277,-36.81362],[174.75278,-36.81358],[174.75279,-36.81355],[174.75291,-36.81353],[174.75294,-36.81359],[174.75296,-36.81362],[174.75298,-36.81364],[174.75299,-36.81367]]]}},{"type":"Feature","properties":{"kind":"water"},"geometry":{"type":"Polygon","coordinates":[[[174.76701,-36.87679],[174.76698,-36.87676],[174.76697,-36.87672],[174.767,-36.87669],[174.76703,-36.87668],[174.76706,-36.87668],[174.76708,-36.8767],[174.76711,-36.87673],[174.7671,-36.87676],[174.76708,-36.87678],[174.76704,-36.87679],[174.76701,-36.87679]]]}},{"type":"Feature","properties":{"kind":"coastline"},"geometry":{"type":"LineString","coordinates":[[174.76164,-36.84193],[174.76168,-36.84191],[174.7617,-36.84186],[174.76171,-36.84185],[174.76171,-36.84184],[174.76173,-36.8418],[174.76175,-36.84176],[174.76175,-36.84174],[174.76174,-36.84173],[174.76173,-36.84172],[174.76173,-36.84171],[174.76154,-36.84167],[174.76153,-36.84165],[174.76153,-36.84164],[174.76062,-36.84141],[174.76057,-36.84142],[174.7605,-36.84148]]}},{"type":"Feature","properties":{"kind":"coastline"},"geometry":{"type":"LineString","coordinates":[[174.76075,-36.80514],[174.76072,-36.80519],[174.76069,-36.80526],[174.76073,-36.80533],[174.76077,-36.80539],[174.76084,-36.80545],[174.76084,-36.80549],[174.76088,-36.80551],[174.76091,-36.80553],[174.76101,-36.80556],[174.76107,-36.80555],[174.76105,-36.80545],[174.76115,-36.80534],[174.76132,-36.80522],[174.76154,-36.80517],[174.76167,-36.80502],[174.7617,-36.80494],[174.76164,-36.8049],[174.76168,-36.80477],[174.7618,-36.80462],[174.76193,-36.80451],[174.76187,-36.80449],[174.76181,-36.80452],[174.76172,-36.8046],[174.76166,-36.80465],[174.76158,-36.80479],[174.76149,-36.80499],[174.76141,-36.80499],[174.76133,-36.80512],[174.76121,-36.80515],[174.76115,-36.80522],[174.76107,-36.80524],[174.76095,-36.80531],[174.7609,-36.80532],[174.76087,-36.80531],[174.76091,-36.80525],[174.76083,-36.80521],[174.76082,-36.80516],[174.76075,-36.80514]]}},{"type":"Feature","properties":{"name":"\u014cr\u0101kei Basin","kind":"water"},"geometry":{"type":"Polygon","coordinates":[[[174.81799,-36.86561],[174.81808,-36.86565],[174.81818,-36.86568],[174.81816,-36.86572],[174.81814,-36.86576],[174.81812,-36.86578],[174.81814,-36.86581],[174.81824,-36.86591],[174.8183,-36.86599],[174.81838,-36.86599],[174.81841,-36.86601],[174.81853,-36.86611],[174.81858,-36.86617],[174.8186,-36.86622],[174.81866,-36.86642],[174.81861,-36.86659],[174.81871,-36.86667],[174.8187,-36.86687],[174.81869,-36.86703],[174.81869,-36.86715],[174.81861,-36.86727],[174.81798,-36.86739],[174.81753,-36.86756],[174.81748,-36.86751],[174.81745,-36.8675],[174.81741,-36.8675],[174.81734,-36.86749],[174.81731,-36.86747],[174.81727,-36.8675],[174.81723,-36.86754],[174.81722,-36.86758],[174.81716,-36.86768],[174.8171,-36.86776],[174.81707,-36.8678],[174.81703,-36.86794],[174.81702,-36.86803],[174.81705,-36.8681],[174.81706,-36.86815],[174.81706,-36.86818],[174.81705,-36.86821],[174.81703,-36.86821],[174.81703,-36.86825],[174.817,-36.86828],[174.81695,-36.86837],[174.81693,-36.86848],[174.81686,-36.86856],[174.81677,-36.86864],[174.81671,-36.8687],[174.81664,-36.86875],[174.81658,-36.86885],[174.81652,-36.86895],[174.81629,-36.86908],[174.81606,-36.86922],[174.81579,-36.86937],[174.81552,-36.86953],[174.81524,-36.86975],[174.8148,-36.87009],[174.81446,-36.87036],[174.8142,-36.87039],[174.81412,-36.8704],[174.81392,-36.87043],[174.81341,-36.87064],[174.81312,-36.87068],[174.81273,-36.87073],[174.81235,-36.87068],[174.81216,-36.87066],[174.81206,-36.87065],[174.81196,-36.87062],[174.81184,-36.87057],[174.81174,-36.87053],[174.81161,-36.87037],[174.81149,-36.87024],[174.81126,-36.87011],[174.81124,-36.8701],[174.81123,-36.8701],[174.81088,-36.86995],[174.8106,-36.86982],[174.81033,-36.8697],[174.8101,-36.8696],[174.80989,-36.86951],[174.80981,-36.86945],[174.80957,-36.86919],[174.80935,-36.86897],[174.80913,-36.86874],[174.80894,-36.86857],[174.80882,-36.86832],[174.80875,-36.86821],[174.80869,-36.86788],[174.80874,-36.86751],[174.80886,-36.86732],[174.80898,-36.86711],[174.80905,-36.86694],[174.80908,-36.86678],[174.80908,-36.86669],[174.80906,-36.8666],[174.80906,-36.86658],[174.8091,-36.86649],[174.80913,-36.86643],[174.80913,-36.86633],[174.80913,-36.86631],[174.80913,-36.86627],[174.80908,-36.86621],[174.80908,-36.86612],[174.80909,-36.86606],[174.8091,-36.86601],[174.8092,-36.8658],[174.80945,-36.86542],[174.80964,-36.86509],[174.80981,-36.86483],[174.80994,-36.86464],[174.80999,-36.8645],[174.80999,-36.86422],[174.80998,-36.86404],[174.8101,-36.86387],[174.81039,-36.86367],[174.81081,-36.86355],[174.81118,-36.86344],[174.81156,-36.86333],[174.8116,-36.86333],[174.81163,-36.86327],[174.81177,-36.86332],[174.81237,-36.86354],[174.81305,-36.86379],[174.81529,-36.86463],[174.81674,-36.86519],[174.81798,-36.86564],[174.81799,-36.86561]]]}},{"type":"Feature","properties":{"kind":"coastline"},"geometry":{"type":"LineString","coordinates":[[174.81243,-36.86122],[174.81294,-36.86137],[174.81314,-36.86141],[174.81325,-36.86146],[174.81351,-36.86163],[174.81382,-36.86187],[174.81408,-36.86188],[174.8143,-36.86189],[174.81489,-36.86213],[174.81531,-36.86239],[174.81533,-36.86255],[174.81541,-36.86266],[174.81545,-36.86279],[174.81551,-36.8629],[174.81588,-36.86335],[174.81608,-36.8635],[174.81625,-36.86357],[174.81653,-36.86359],[174.81718,-36.86353],[174.81746,-36.86377],[174.81758,-36.86382],[174.81789,-36.86394],[174.81855,-36.86452],[174.81918,-36.86488],[174.82037,-36.86541],[174.82087,-36.8654],[174.82115,-36.86533],[174.82144,-36.86532],[174.82222,-36.86531],[174.82238,-36.86528],[174.82252,-36.86524],[174.82283,-36.86507],[174.82316,-36.86484],[174.82325,-36.86472],[174.82334,-36.86467],[174.82368,-36.86473],[174.82394,-36.86484],[174.82491,-36.86425],[174.82519,-36.86422],[174.82547,-36.86415],[174.82575,-36.86404],[174.82577,-36.86403],[174.82681,-36.8639],[174.82695,-36.86387],[174.82718,-36.86381],[174.82819,-36.8638],[174.82842,-36.86384],[174.82876,-36.864],[174.82981,-36.86449],[174.83045,-36.86451],[174.83083,-36.86458],[174.83108,-36.86478],[174.83114,-36.8648],[174.83125,-36.86489],[174.83128,-36.86494],[174.83128,-36.86495],[174.83119,-36.86504],[174.83098,-36.86507],[174.8307,-36.86508],[174.8305,-36.86504],[174.82946,-36.86506],[174.82893,-36.86493],[174.82764,-36.86502],[174.82691,-36.86528],[174.82659,-36.86512],[174.82656,-36.8651],[174.82642,-36.86505],[174.82588,-36.86507],[174.82551,-36.86519],[174.82532,-36.86529],[174.82481,-36.86567],[174.8242,-36.86588],[174.82418,-36.86589],[174.82408,-36.86591],[174.82322,-36.86595],[174.82291,-36.866],[174.82254,-36.86609],[174.82244,-36.86612],[174.82199,-36.86612],[174.82159,-36.86606],[174.8214,-36.86607],[174.82098,-36.8661],[174.82047,-36.86606],[174.82038,-36.86605],[174.81987,-36.86596],[174.81958,-36.8659],[174.81949,-36.86587],[174.81949,-36.86585],[174.81943,-36.86581],[174.81941,-36.86582],[174.81938,-36.86583],[174.81936,-36.86581],[174.81937,-36.86579],[174.81933,-36.86576],[174.81931,-36.86574],[174.81926,-36.86573],[174.81924,-36.86571],[174.8192,-36.86573],[174.81916,-36.86572],[174.81916,-36.86569],[174.81913,-36.86566],[174.81908,-36.86567],[174.81907,-36.86564],[174.81904,-36.86563],[174.81901,-36.86563],[174.81895,-36.86561],[174.81891,-36.86559],[174.81885,-36.86559],[174.8188,-36.86562],[174.81879,-36.8656],[174.81874,-36.86559],[174.81871,-36.86559],[174.81867,-36.86558],[174.81866,-36.86554],[174.81864,-36.86554],[174.81862,-36.86556],[174.81859,-36.86557],[174.81856,-36.86556],[174.81858,-36.86555],[174.81858,-36.86552],[174.81856,-36.86548],[174.81853,-36.86549],[174.8185,-36.86551],[174.81848,-36.86547],[174.81846,-36.86546],[174.81842,-36.86549],[174.81829,-36.86549],[174.81823,-36.86559],[174.81822,-36.86561],[174.8182,-36.86563],[174.8182,-36.86565],[174.81819,-36.86566],[174.81818,-36.86568]]}},{"type":"Feature","properties":{"kind":"coastline"},"geometry":{"type":"LineString","coordinates":[[174.81376,-36.82815],[174.81387,-36.82773],[174.81382,-36.82698],[174.81366,-36.82679],[174.8136,-36.82667],[174.81359,-36.82652],[174.81361,-36.82642],[174.81365,-36.82634],[174.8137,-36.82626],[174.8137,-36.82619],[174.81372,-36.82612],[174.81374,-36.82606],[174.81379,-36.82596],[174.81381,-36.82589],[174.8138,-36.82581],[174.81377,-36.82578],[174.81372,-36.82573],[174.81365,-36.82572],[174.81358,-36.82571],[174.81351,-36.82567],[174.81339,-36.82559],[174.81332,-36.82556],[174.81323,-36.82554],[174.81317,-36.82554],[174.81313,-36.82552],[174.81304,-36.82554],[174.81294,-36.82554],[174.81284,-36.82552],[174.8128,-36.8255],[174.81275,-36.82545],[174.81272,-36.82541],[174.81265,-36.82538],[174.81259,-36.82535],[174.81254,-36.82534],[174.81252,-36.82532],[174.81251,-36.82527],[174.81243,-36.82524],[174.81238,-36.82509],[174.81245,-36.82489],[174.81217,-36.82457],[174.81152,-36.82403],[174.80871,-36.82121],[174.80762,-36.82037],[174.80716,-36.81973],[174.80682,-36.81929],[174.80676,-36.81878],[174.80678,-36.81829],[174.80686,-36.81799],[174.80702,-36.81734],[174.80709,-36.81719],[174.80719,-36.81703],[174.80747,-36.81693],[174.80772,-36.81675],[174.80796,-36.81634],[174.80815,-36.81618],[174.80818,-36.81615],[174.8081,-36.81609],[174.80819,-36.81584],[174.80822,-36.81558],[174.80811,-36.81531],[174.80797,-36.81512],[174.80786,-36.81497],[174.80774,-36.81466],[174.80717,-36.81453],[174.80654,-36.81431],[174.8062,-36.81418],[174.8053,-36.81374],[174.80486,-36.81353],[174.80366,-36.81302],[174.80315,-36.81276],[174.8022,-36.81245],[174.80131,-36.81201],[174.80069,-36.81155],[174.79995,-36.81141],[174.79972,-36.81119],[174.79966,-36.81102],[174.79949,-36.81088],[174.7994,-36.81066],[174.7994,-36.81063],[174.79942,-36.81052],[174.79954,-36.81034],[174.79972,-36.81013],[174.79975,-36.81005],[174.79968,-36.80986],[174.79966,-36.80984],[174.7992,-36.80971],[174.79862,-36.80915],[174.79829,-36.80875],[174.79811,-36.80848],[174.798,-36.80818],[174.79776,-36.8079],[174.79743,-36.80756],[174.79744,-36.80756],[174.79743,-36.80754],[174.79745,-36.80753],[174.79747,-36.80751],[174.79748,-36.80748],[174.79748,-36.80745],[174.79747,-36.80742],[174.79744,-36.80739],[174.79739,-36.80736],[174.79734,-36.80735],[174.7973,-36.80735],[174.79728,-36.80735],[174.79724,-36.80738],[174.79723,-36.80737],[174.79726,-36.80735],[174.79725,-36.80735],[174.79724,-36.80735],[174.79722,-36.80734],[174.7972,-36.80734],[174.79716,-36.8073],[174.79714,-36.80731],[174.79711,-36.80726],[174.79699,-36.80712],[174.79678,-36.80691],[174.79666,-36.80677],[174.79639,-36.80658],[174.79616,-36.80638],[174.79611,-36.80631],[174.79611,-36.80616],[174.796,-36.80569],[174.79575,-36.80521],[174.79559,-36.80511],[174.79549,-36.80498],[174.79535,-36.80487],[174.79506,-36.80474],[174.79486,-36.80468],[174.79472,-36.80456],[174.79463,-36.80428],[174.7946,-36.80418],[174.79445,-36.80383],[174.79433,-36.80367],[174.79419,-36.80358],[174.79408,-36.80349],[174.79405,-36.8034],[174.79404,-36.8032],[174.79401,-36.80313],[174.79372,-36.80264],[174.79281,-36.80142],[174.79252,-36.80061],[174.7922,-36.80028],[174.7914,-36.79994],[174.79082,-36.79959],[174.7894,-36.79872],[174.7883,-36.79805],[174.78807,-36.79795],[174.78775,-36.79781],[174.78668,-36.79734],[174.78657,-36.79727],[174.78631,-36.79707],[174.78617,-36.79675],[174.78613,-36.79667],[174.78599,-36.79647],[174.78575,-36.79629],[174.78533,-36.79612],[174.7845,-36.79557],[174.78408,-36.79526],[174.78401,-36.79511],[174.7839,-36.79488],[174.78375,-36.79468],[174.78358,-36.79455],[174.78352,-36.79446],[174.7833,-36.79399],[174.78321,-36.79392],[174.78308,-36.7939],[174.78295,-36.79398],[174.78285,-36.79364],[174.78267,-36.7935],[174.77988,-36.7914]]}},{"type":"Feature","properties":{"kind":"water"},"geometry":{"type":"Polygon","coordinates":[[[174.75101,-36.81019],[174.75101,-36.81017],[174.75103,-36.81016],[174.75107,-36.81017],[174.75117,-36.81028],[174.75123,-36.81038],[174.7512,-36.81041],[174.75113,-36.81032],[174.75101,-36.81019]]]}},{"type":"Feature","properties":{"kind":"water"},"geometry":{"type":"Polygon","coordinates":[[[174.74994,-36.81233],[174.74994,-36.81231],[174.75009,-36.81231],[174.75009,-36.81234],[174.75006,-36.81263],[174.75014,-36.81291],[174.75015,-36.81307],[174.75024,-36.81334],[174.75031,-36.81348],[174.75038,-36.81372],[174.75051,-36.81393],[174.75064,-36.81417],[174.75083,-36.81441],[174.75096,-36.81449],[174.7511,-36.81463],[174.75117,-36.81467],[174.75119,-36.81468],[174.75111,-36.81481],[174.75099,-36.81476],[174.75086,-36.81465],[174.75068,-36.81447],[174.75055,-36.8143],[174.75045,-36.8141],[174.75032,-36.81397],[174.75027,-36.81379],[174.75023,-36.8137],[174.75015,-36.81362],[174.75008,-36.81327],[174.75004,-36.81313],[174.75,-36.81299],[174.74993,-36.81287],[174.74994,-36.81233]]]}},{"type":"Feature","properties":{"kind":"water"},"geometry":{"type":"Polygon","coordinates":[[[174.74998,-36.81216],[174.74999,-36.81211],[174.74997,-36.81207],[174.74997,-36.81201],[174.75015,-36.81194],[174.75016,-36.81198],[174.7502,-36.812],[174.75022,-36.81203],[174.75023,-36.81206],[174.75022,-36.81211],[174.75017,-36.81215],[174.75012,-36.81216],[174.74998,-36.81216]]]}},{"type":"Feature","properties":{"kind":"water"},"geometry":{"type":"Polygon","coordinates":[[[174.74997,-36.81201],[174.74996,-36.81191],[174.74993,-36.81182],[174.74992,-36.81176],[174.7499,-36.81168],[174.74993,-36.81157],[174.74988,-36.81154],[174.74982,-36.81152],[174.74973,-36.81149],[174.74961,-36.81146],[174.74948,-36.81144],[174.74936,-36.81141],[174.74914,-36.81135],[174.7487,-36.8112],[174.74848,-36.81112],[174.74835,-36.81103],[174.74825,-36.81099],[174.74797,-36.81092],[174.74777,-36.81088],[174.74755,-36.81078],[174.74745,-36.81076],[174.7473,-36.81078],[174.74717,-36.81077],[174.74711,-36.81073],[174.74708,-36.81076],[174.74706,-36.8108],[174.74704,-36.81083],[174.747,-36.81087],[174.74701,-36.8109],[174.74689,-36.81087],[174.74687,-36.81083],[174.74692,-36.81085],[174.74697,-36.81082],[174.747,-36.81078],[174.74704,-36.81073],[174.74704,-36.81068],[174.74702,-36.81063],[174.74696,-36.81056],[174.74692,-36.81052],[174.74687,-36.81052],[174.74679,-36.8105],[174.74673,-36.81048],[174.74671,-36.81042],[174.74658,-36.81037],[174.74653,-36.81033],[174.74646,-36.81037],[174.74635,-36.8104],[174.74623,-36.81042],[174.74616,-36.81046],[174.74609,-36.81049],[174.74606,-36.81052],[174.74604,-36.81055],[174.74601,-36.81054],[174.74598,-36.81053],[174.74597,-36.81052],[174.74596,-36.81051],[174.7459,-36.81047],[174.74585,-36.81041],[174.74585,-36.81035],[174.74591,-36.81034],[174.74603,-36.81037],[174.74613,-36.81038],[174.74617,-36.81037],[174.74625,-36.81037],[174.74633,-36.81036],[174.7464,-36.81034],[174.74647,-36.81031],[174.74653,-36.8103],[174.74661,-36.81033],[174.74669,-36.81035],[174.74676,-36.81033],[174.74678,-36.81028],[174.74673,-36.81023],[174.74667,-36.81017],[174.7466,-36.81011],[174.74651,-36.81007],[174.74642,-36.81002],[174.74633,-36.80998],[174.74622,-36.80992],[174.74611,-36.80982],[174.74628,-36.80986],[174.74657,-36.80996],[174.74673,-36.81003],[174.74692,-36.81011],[174.74698,-36.81016],[174.74698,-36.81027],[174.74699,-36.81033],[174.74693,-36.81038],[174.74688,-36.81043],[174.74694,-36.81045],[174.74702,-36.81045],[174.74708,-36.81049],[174.74711,-36.81054],[174.74713,-36.8106],[174.74716,-36.81066],[174.74723,-36.8107],[174.74731,-36.8107],[174.74739,-36.81068],[174.74748,-36.81068],[174.74755,-36.8107],[174.74767,-36.81074],[174.74778,-36.81079],[174.74791,-36.81081],[174.74807,-36.81084],[174.74825,-36.81088],[174.7484,-36.81095],[174.74855,-36.81103],[174.74879,-36.81115],[174.74922,-36.81129],[174.74943,-36.81133],[174.74964,-36.81136],[174.74976,-36.81139],[174.74991,-36.81144],[174.74999,-36.8115],[174.7501,-36.81158],[174.75021,-36.81172],[174.75014,-36.81177],[174.75015,-36.81194],[174.74997,-36.81201]]]}},{"type":"Feature","properties":{"name":"kekeno","kind":"water"},"geometry":{"type":"Polygon","coordinates":[[[174.72126,-36.86277],[174.7213,-36.86272],[174.72135,-36.8627],[174.72144,-36.8627],[174.7215,-36.86271],[174.72151,-36.86272],[174.72152,-36.86275],[174.72152,-36.86279],[174.72149,-36.86283],[174.72145,-36.86284],[174.72141,-36.86286],[174.72135,-36.86286],[174.72131,-36.86284],[174.72128,-36.86283],[174.72126,-36.86277]]]}},{"type":"Feature","properties":{"name":"koror\u0101","kind":"water"},"geometry":{"type":"Polygon","coordinates":[[[174.72135,-36.8627],[174.72145,-36.86266],[174.72148,-36.86263],[174.72152,-36.86262],[174.72159,-36.86264],[174.72164,-36.86267],[174.72162,-36.86271],[174.72154,-36.86272],[174.72151,-36.86272],[174.7215,-36.86271],[174.72144,-36.8627],[174.72135,-36.8627]]]}},{"type":"Feature","properties":{"name":"duck","kind":"water"},"geometry":{"type":"Polygon","coordinates":[[[174.72123,-36.86175],[174.721,-36.86177],[174.72094,-36.86179],[174.72089,-36.86182],[174.72088,-36.86187],[174.7209,-36.8619],[174.72094,-36.86192],[174.72099,-36.86193],[174.72124,-36.86191],[174.72129,-36.86191],[174.72123,-36.8619],[174.72119,-36.86186],[174.72118,-36.8618],[174.72119,-36.86178],[174.72123,-36.86175]]]}},{"type":"Feature","properties":{"name":"Asian small-clawed otter","kind":"water"},"geometry":{"type":"Polygon","coordinates":[[[174.71961,-36.86296],[174.71969,-36.86306],[174.7197,-36.86308],[174.71969,-36.86311],[174.71961,-36.86315],[174.71954,-36.86307],[174.71943,-36.86305],[174.71961,-36.86296]]]}},{"type":"Feature","properties":{"name":"Wind Tree","kind":"water"},"geometry":{"type":"Polygon","coordinates":[[[174.75583,-36.84031],[174.75596,-36.84035],[174.75589,-36.84051],[174.75577,-36.84048],[174.75583,-36.84031]]]}},{"type":"Feature","properties":{"kind":"water"},"geometry":{"type":"Polygon","coordinates":[[[174.75783,-36.84453],[174.75797,-36.84457],[174.75798,-36.84457],[174.75799,-36.84457],[174.75801,-36.84458],[174.75799,-36.84463],[174.75797,-36.84462],[174.75796,-36.84462],[174.75795,-36.84462],[174.75781,-36.84458],[174.75783,-36.84453]]]}},{"type":"Feature","properties":{"kind":"coastline"},"geometry":{"type":"LineString","coordinates":[[174.76204,-36.84046],[174.76207,-36.84038],[174.76206,-36.84037],[174.7619,-36.84033],[174.76059,-36.83998],[174.76,-36.83982],[174.76013,-36.83952],[174.75963,-36.83894],[174.75962,-36.83893],[174.7596,-36.83895],[174.7596,-36.83896],[174.76008,-36.8395],[174.76002,-36.83956],[174.75975,-36.8398],[174.75973,-36.83981],[174.75972,-36.83982],[174.75861,-36.8408],[174.75859,-36.84082],[174.75858,-36.84083],[174.75857,-36.84084],[174.75855,-36.84085],[174.75853,-36.84087],[174.75668,-36.84038],[174.7565,-36.84033],[174.75654,-36.8403],[174.75663,-36.84021],[174.75683,-36.84003],[174.75684,-36.84003],[174.75684,-36.84002],[174.75694,-36.83993],[174.75695,-36.83992],[174.75696,-36.83992],[174.75709,-36.8398],[174.75722,-36.83969],[174.75723,-36.83968],[174.75724,-36.83967],[174.75744,-36.8395],[174.75746,-36.83947],[174.75758,-36.83937],[174.75764,-36.83931],[174.75765,-36.83931],[174.75765,-36.8393],[174.75767,-36.83928],[174.75777,-36.8392],[174.75781,-36.83916],[174.75799,-36.839],[174.758,-36.839],[174.75801,-36.83899],[174.75815,-36.83886],[174.75803,-36.83877],[174.758,-36.83875],[174.75786,-36.83887],[174.7578,-36.83893],[174.75773,-36.83899],[174.75766,-36.83905],[174.7575,-36.8392],[174.75743,-36.83926],[174.75736,-36.83932],[174.75728,-36.83939],[174.75718,-36.83949],[174.75704,-36.8396],[174.75694,-36.83969],[174.75681,-36.83981],[174.75668,-36.83993],[174.75654,-36.84005],[174.75648,-36.8401],[174.75637,-36.84002],[174.75639,-36.83995],[174.75636,-36.83993],[174.75643,-36.83988],[174.7565,-36.83981],[174.75664,-36.83969],[174.75672,-36.83962],[174.75678,-36.83957],[174.75688,-36.83948],[174.75694,-36.83943],[174.75701,-36.83937],[174.75713,-36.83927],[174.7572,-36.8392],[174.75734,-36.83908],[174.75757,-36.83888],[174.75764,-36.83882],[174.75771,-36.83876],[174.75782,-36.83866],[174.75785,-36.83864],[174.75786,-36.83863],[174.75788,-36.83861],[174.75842,-36.83814],[174.75852,-36.83805],[174.7596,-36.83709],[174.75968,-36.83707],[174.75979,-36.83715],[174.75866,-36.83816],[174.75856,-36.83825],[174.75808,-36.83868],[174.75812,-36.83872],[174.75823,-36.83879],[174.76015,-36.8371],[174.75998,-36.83697],[174.75984,-36.83687],[174.75986,-36.83686],[174.75982,-36.83684],[174.75981,-36.83682],[174.75978,-36.83681],[174.75926,-36.83643],[174.75819,-36.83657],[174.75746,-36.83666]]}},{"type":"Feature","properties":{"kind":"coastline"},"geometry":{"type":"LineString","coordinates":[[174.76183,-36.84198],[174.7618,-36.84206],[174.76179,-36.84207],[174.76189,-36.8421],[174.76297,-36.84239],[174.76337,-36.84249],[174.76339,-36.8425],[174.76336,-36.84255],[174.76331,-36.84266],[174.76324,-36.84282],[174.76315,-36.84303],[174.76311,-36.84311],[174.76254,-36.84296],[174.76235,-36.84291],[174.76232,-36.84291],[174.76227,-36.84289],[174.76225,-36.84289],[174.76207,-36.84284],[174.76202,-36.84283],[174.76155,-36.84271],[174.76153,-36.84271],[174.76136,-36.84312],[174.76133,-36.84311],[174.76107,-36.84305],[174.76107,-36.84304],[174.76106,-36.84304],[174.76105,-36.84304],[174.76081,-36.84297],[174.76046,-36.84288],[174.76042,-36.84289],[174.7604,-36.8429],[174.76039,-36.84291],[174.7601,-36.84312],[174.75934,-36.84367],[174.75932,-36.84368],[174.75921,-36.84365],[174.75918,-36.84366]]}},{"type":"Feature","properties":{"kind":"water"},"geometry":{"type":"Polygon","coordinates":[[[174.72132,-36.87333],[174.7213,-36.87334],[174.72128,-36.87335],[174.72127,-36.87337],[174.72127,-36.87339],[174.72128,-36.87341],[174.7213,-36.87342],[174.72132,-36.87342],[174.72135,-36.87342],[174.72137,-36.87341],[174.72138,-36.87339],[174.72138,-36.87337],[174.72137,-36.87335],[174.72135,-36.87334],[174.72132,-36.87333]]]}},{"type":"Feature","properties":{"kind":"coastline"},"geometry":{"type":"LineString","coordinates":[[174.76817,-36.8021],[174.76824,-36.80225],[174.76826,-36.80241],[174.76856,-36.80263],[174.76894,-36.80278],[174.76923,-36.80298],[174.76946,-36.80314],[174.77022,-36.80389],[174.77059,-36.80437],[174.7711,-36.80506],[174.77135,-36.80539],[174.7715,-36.8057],[174.77154,-36.80586],[174.77155,-36.80588],[174.77158,-36.80605],[174.77157,-36.80628],[174.77147,-36.80643],[174.77154,-36.80649],[174.77159,-36.80647],[174.77166,-36.8064],[174.77173,-36.80604],[174.7717,-36.80568],[174.77157,-36.80524],[174.77125,-36.80483],[174.77089,-36.80439],[174.77052,-36.80385],[174.76966,-36.80304],[174.76963,-36.80296],[174.76953,-36.80286],[174.76925,-36.80274],[174.76904,-36.80265],[174.76883,-36.80255],[174.76859,-36.80241],[174.76844,-36.80232],[174.76841,-36.80225],[174.7684,-36.80216],[174.76836,-36.80211],[174.76817,-36.80186],[174.76797,-36.80156],[174.76746,-36.80127],[174.76689,-36.80108],[174.76678,-36.80089],[174.76636,-36.80064],[174.76594,-36.80031],[174.76571,-36.80034],[174.76591,-36.8005],[174.76617,-36.80062],[174.76635,-36.80071],[174.76639,-36.8008],[174.76643,-36.80089],[174.76652,-36.80096],[174.76657,-36.80105],[174.76663,-36.8011],[174.76696,-36.80121],[174.76715,-36.8013],[174.76764,-36.80151],[174.76786,-36.80162],[174.76797,-36.80172],[174.76803,-36.80185],[174.76817,-36.8021]]}},{"type":"Feature","properties":{"kind":"water"},"geometry":{"type":"Polygon","coordinates":[[[174.71593,-36.86947],[174.71596,-36.86944],[174.71596,-36.86939],[174.71594,-36.86933],[174.71591,-36.86927],[174.71589,-36.86923],[174.71585,-36.86921],[174.7158,-36.86921],[174.71578,-36.86926],[174.71578,-36.86932],[174.71578,-36.86936],[174.71569,-36.86942],[174.71561,-36.86946],[174.7156,-36.86948],[174.71561,-36.86952],[174.71564,-36.86955],[174.71571,-36.86955],[174.71582,-36.86951],[174.71593,-36.86947]]]}},{"type":"Feature","properties":{"kind":"water"},"geometry":{"type":"Polygon","coordinates":[[[174.73224,-36.85401],[174.73237,-36.85395],[174.73232,-36.85384],[174.73226,-36.85377],[174.73216,-36.85377],[174.73213,-36.85376],[174.73208,-36.85374],[174.73208,-36.8538],[174.73212,-36.85389],[174.73219,-36.85397],[174.73224,-36.85401]]]}},{"type":"Feature","properties":{"kind":"water"},"geometry":{"type":"Polygon","coordinates":[[[174.73088,-36.8512],[174.73098,-36.85121],[174.73105,-36.85113],[174.73113,-36.85109],[174.7312,-36.85104],[174.73131,-36.85099],[174.73135,-36.85098],[174.73139,-36.85098],[174.73147,-36.85096],[174.73152,-36.85095],[174.73149,-36.85093],[174.73139,-36.85093],[174.73127,-36.85096],[174.73114,-36.85102],[174.73103,-36.85107],[174.73092,-36.85115],[174.73088,-36.8512]]]}},{"type":"Feature","properties":{"kind":"water"},"geometry":{"type":"Polygon","coordinates":[[[174.73188,-36.85274],[174.73184,-36.85272],[174.73179,-36.85271],[174.73168,-36.85266],[174.73161,-36.85265],[174.73151,-36.85264],[174.73154,-36.85268],[174.73158,-36.85273],[174.7316,-36.85275],[174.73162,-36.85281],[174.73157,-36.85293],[174.73155,-36.85296],[174.73152,-36.85302],[174.73157,-36.85313],[174.73161,-36.85321],[174.73168,-36.85332],[174.73172,-36.85342],[174.73183,-36.85354],[174.73189,-36.85361],[174.732,-36.85368],[174.73212,-36.85374],[174.73216,-36.85377],[174.73213,-36.85376],[174.73208,-36.85374],[174.73208,-36.8538],[174.73193,-36.8537],[174.73183,-36.85363],[174.73174,-36.85352],[174.73169,-36.85345],[174.73164,-36.85337],[174.73156,-36.85324],[174.7315,-36.85313],[174.73146,-36.85299],[174.73147,-36.85294],[174.73152,-36.85289],[174.73156,-36.85281],[174.73152,-36.85274],[174.7315,-36.85272],[174.73144,-36.85267],[174.73137,-36.85265],[174.7313,-36.85262],[174.73122,-36.85259],[174.73112,-36.85258],[174.73108,-36.85258],[174.73098,-36.85253],[174.73087,-36.8525],[174.73068,-36.85242],[174.73064,-36.85238],[174.73062,-36.85231],[174.73064,-36.85223],[174.73068,-36.85215],[174.73073,-36.85204],[174.73076,-36.85196],[174.73079,-36.85188],[174.73079,-36.85179],[174.73082,-36.85173],[174.73085,-36.8517],[174.7309,-36.85163],[174.73093,-36.85156],[174.73093,-36.85149],[174.73092,-36.85147],[174.73099,-36.85145],[174.73101,-36.8515],[174.73098,-36.85161],[174.7309,-36.85176],[174.73085,-36.85189],[174.73084,-36.852],[174.73073,-36.85218],[174.73069,-36.85228],[174.73072,-36.85236],[174.73078,-36.8524],[174.73089,-36.85243],[174.731,-36.85247],[174.73116,-36.85251],[174.73137,-36.85257],[174.73138,-36.85258],[174.73146,-36.8526],[174.7316,-36.85258],[174.73168,-36.85259],[174.73175,-36.8526],[174.73182,-36.85262],[174.73194,-36.85271],[174.73197,-36.85274],[174.73194,-36.85276],[174.73188,-36.85274]]]}},{"type":"Feature","properties":{"kind":"water"},"geometry":{"type":"Polygon","coordinates":[[[174.72976,-36.85118],[174.72999,-36.85124],[174.73007,-36.85127],[174.73027,-36.85138],[174.73036,-36.85138],[174.73047,-36.85137],[174.7306,-36.85136],[174.73074,-36.85131],[174.73083,-36.85125],[174.73088,-36.8512],[174.73098,-36.85121],[174.73095,-36.8513],[174.73096,-36.85136],[174.73099,-36.85145],[174.73092,-36.85147],[174.73088,-36.85138],[174.7308,-36.85137],[174.7307,-36.8514],[174.73055,-36.85143],[174.73042,-36.85145],[174.73027,-36.85144],[174.73017,-36.85142],[174.73004,-36.85134],[174.72991,-36.85127],[174.72981,-36.85124],[174.72974,-36.85123],[174.72976,-36.85118]]]}},{"type":"Feature","properties":{"kind":"water"},"geometry":{"type":"Polygon","coordinates":[[[174.72871,-36.85058],[174.72881,-36.85067],[174.72888,-36.85075],[174.72897,-36.85084],[174.72902,-36.85091],[174.72907,-36.85098],[174.7291,-36.85106],[174.72918,-36.85116],[174.72932,-36.85122],[174.72945,-36.85124],[174.72955,-36.85124],[174.72974,-36.85123],[174.72976,-36.85118],[174.72968,-36.85117],[174.72958,-36.85116],[174.72945,-36.85118],[174.72936,-36.85116],[174.72922,-36.8511],[174.72916,-36.85102],[174.7291,-36.85092],[174.72905,-36.85085],[174.72898,-36.85075],[174.72891,-36.85069],[174.72882,-36.8506],[174.7288,-36.85055],[174.72871,-36.85058]]]}},{"type":"Feature","properties":{"kind":"water"},"geometry":{"type":"Polygon","coordinates":[[[174.72547,-36.85081],[174.72539,-36.85074],[174.72531,-36.85077],[174.72541,-36.85096],[174.72554,-36.85101],[174.72568,-36.85104],[174.72582,-36.85106],[174.72601,-36.85104],[174.72608,-36.85103],[174.72611,-36.85102],[174.72628,-36.85099],[174.72643,-36.85095],[174.72655,-36.85092],[174.7267,-36.85089],[174.72682,-36.85086],[174.72702,-36.85081],[174.72718,-36.85077],[174.72735,-36.85072],[174.72746,-36.85071],[174.72756,-36.85071],[174.72769,-36.8507],[174.72784,-36.85066],[174.72797,-36.85063],[174.72807,-36.85061],[174.72828,-36.85057],[174.72839,-36.85055],[174.72854,-36.85052],[174.72863,-36.85052],[174.72867,-36.85053],[174.72871,-36.85058],[174.7288,-36.85055],[174.72876,-36.8505],[174.72878,-36.85046],[174.72874,-36.85042],[174.72866,-36.85041],[174.72854,-36.85043],[174.72842,-36.85048],[174.72821,-36.85052],[174.72812,-36.85054],[174.72795,-36.85056],[174.72764,-36.85064],[174.72753,-36.85065],[174.72739,-36.85065],[174.72715,-36.85069],[174.72699,-36.85075],[174.72688,-36.8508],[174.72678,-36.85082],[174.72666,-36.85083],[174.7266,-36.85084],[174.72649,-36.85087],[174.72641,-36.85091],[174.72627,-36.85092],[174.72618,-36.85095],[174.72613,-36.85096],[174.72603,-36.851],[174.72588,-36.85101],[174.72576,-36.85097],[174.72568,-36.85097],[174.72553,-36.85092],[174.72547,-36.85087],[174.72546,-36.85084],[174.72547,-36.85081]]]}},{"type":"Feature","properties":{"kind":"coastline"},"geometry":{"type":"LineString","coordinates":[[174.73974,-36.81954],[174.73973,-36.81954],[174.73972,-36.81956],[174.73972,-36.81958],[174.73973,-36.81961],[174.73974,-36.81961],[174.73976,-36.81961],[174.73978,-36.81959],[174.73979,-36.81958],[174.7398,-36.81957],[174.73979,-36.81956],[174.73979,-36.81955],[174.73979,-36.81954],[174.73979,-36.81953],[174.73978,-36.81953],[174.73977,-36.81954],[174.73974,-36.81954]]}},{"type":"Feature","properties":{"kind":"coastline"},"geometry":{"type":"LineString","coordinates":[[174.81669,-36.84548],[174.81683,-36.84555],[174.81681,-36.84563],[174.81676,-36.84584],[174.8169,-36.8465],[174.81692,-36.8466],[174.81706,-36.84724],[174.81708,-36.84735],[174.81768,-36.8483],[174.81794,-36.84872],[174.81806,-36.84894],[174.8181,-36.84901],[174.81818,-36.84912],[174.81825,-36.84917],[174.81827,-36.84921],[174.81829,-36.84925],[174.8183,-36.84936],[174.81828,-36.84943],[174.81813,-36.8496],[174.81811,-36.84963],[174.81782,-36.84976],[174.81758,-36.84997],[174.81709,-36.85037],[174.81688,-36.85055],[174.81624,-36.85087],[174.81554,-36.85118],[174.81464,-36.85148],[174.81402,-36.85166],[174.81345,-36.85135],[174.81341,-36.85129],[174.81079,-36.84967],[174.81087,-36.84958],[174.81075,-36.8495],[174.81062,-36.84942],[174.81052,-36.84935]]}},{"type":"Feature","properties":{"kind":"coastline"},"geometry":{"type":"LineString","coordinates":[[174.77482,-36.81246],[174.77485,-36.81243],[174.7749,-36.8124],[174.77494,-36.81238],[174.77497,-36.81234],[174.77498,-36.81231],[174.77497,-36.81226],[174.77496,-36.8122],[174.77497,-36.81217],[174.77502,-36.81213],[174.77508,-36.8121],[174.77513,-36.81209],[174.77521,-36.8121],[174.7753,-36.81211],[174.77535,-36.81212],[174.77537,-36.81211],[174.77538,-36.81209],[174.77536,-36.81206],[174.77533,-36.81205],[174.77528,-36.81202],[174.77525,-36.81199],[174.77524,-36.81196],[174.77524,-36.81191],[174.77522,-36.81189],[174.77513,-36.8119],[174.77506,-36.81192],[174.77501,-36.81195],[174.77497,-36.81198],[174.7749,-36.81201],[174.77483,-36.81202],[174.77479,-36.81201],[174.77473,-36.81199],[174.77466,-36.81198],[174.77463,-36.812],[174.77462,-36.81203],[174.77465,-36.81205],[174.77469,-36.81208],[174.77473,-36.8121],[174.77475,-36.81213],[174.77475,-36.81218],[174.77478,-36.81219],[174.77484,-36.81222],[174.77481,-36.81229],[174.77477,-36.81232],[174.77471,-36.81236],[174.7747,-36.8124],[174.7747,-36.81244],[174.77471,-36.81249],[174.77472,-36.81253],[174.77474,-36.81255],[174.77479,-36.81255],[174.7748,-36.81251],[174.77482,-36.81246]]}},{"type":"Feature","properties":{"kind":"coastline"},"geometry":{"type":"LineString","coordinates":[[174.76821,-36.83989],[174.76797,-36.8405],[174.76795,-36.84049],[174.76794,-36.84049],[174.76793,-36.84049],[174.76792,-36.84049],[174.76791,-36.84048],[174.76789,-36.84048],[174.76787,-36.84055],[174.76792,-36.84062],[174.76771,-36.84114],[174.76769,-36.84114],[174.76768,-36.84114],[174.76767,-36.84114],[174.76766,-36.84113],[174.76765,-36.84113],[174.76764,-36.84113],[174.76761,-36.84119],[174.76766,-36.84126],[174.76745,-36.84179],[174.76743,-36.84179],[174.76742,-36.84178],[174.76741,-36.84178],[174.7674,-36.84178],[174.76738,-36.84177],[174.76737,-36.84177],[174.76734,-36.84183],[174.7674,-36.84192],[174.76735,-36.84191],[174.76735,-36.84186],[174.76726,-36.84187],[174.76727,-36.84207],[174.76728,-36.84222],[174.76714,-36.84223],[174.76715,-36.84227],[174.76735,-36.84226],[174.76732,-36.84231],[174.76725,-36.84232],[174.76728,-36.84261],[174.76727,-36.84261],[174.76726,-36.84261],[174.76725,-36.84261],[174.76724,-36.84261],[174.76723,-36.84261],[174.76722,-36.84261],[174.76711,-36.84261],[174.76709,-36.84261],[174.76707,-36.84263],[174.76707,-36.84265],[174.76708,-36.84265],[174.76709,-36.84265],[174.7671,-36.84265],[174.76711,-36.84265],[174.76713,-36.84284],[174.76715,-36.84284],[174.76712,-36.84291],[174.76709,-36.84292],[174.76676,-36.84283],[174.76683,-36.84257],[174.76681,-36.84255],[174.76675,-36.84255],[174.76676,-36.84251],[174.76677,-36.8423],[174.76678,-36.8422],[174.76676,-36.84219],[174.76671,-36.84219],[174.76668,-36.84218],[174.76668,-36.8421],[174.76667,-36.84189],[174.76664,-36.84186],[174.76655,-36.84186],[174.76653,-36.84189],[174.76654,-36.84218],[174.76651,-36.84218],[174.76637,-36.84219],[174.76637,-36.8422],[174.76642,-36.84234],[174.76643,-36.84234],[174.76644,-36.84234],[174.76645,-36.84234],[174.76648,-36.84233],[174.76655,-36.84253],[174.76653,-36.84256],[174.76649,-36.84258],[174.76645,-36.84258],[174.76644,-36.84257],[174.76642,-36.84258],[174.76647,-36.84272]]}},{"type":"Feature","properties":{"kind":"coastline"},"geometry":{"type":"LineString","coordinates":[[174.76647,-36.84272],[174.7665,-36.84279],[174.76652,-36.84282],[174.76651,-36.84284],[174.76647,-36.84295],[174.76646,-36.84297],[174.76623,-36.84291],[174.76618,-36.84289],[174.76596,-36.84283],[174.76588,-36.84281],[174.76568,-36.84276],[174.76565,-36.84275],[174.76566,-36.84271]]}},{"type":"Feature","properties":{"kind":"water"},"geometry":{"type":"Polygon","coordinates":[[[174.76067,-36.86723],[174.76068,-36.86721],[174.76068,-36.86719],[174.76067,-36.86717],[174.76065,-36.86716],[174.76063,-36.86715],[174.76061,-36.86715],[174.76059,-36.86715],[174.76057,-36.86716],[174.76055,-36.86717],[174.76054,-36.86719],[174.76054,-36.8672],[174.76054,-36.86722],[174.76055,-36.86724],[174.76057,-36.86725],[174.76059,-36.86726],[174.76061,-36.86726],[174.76064,-36.86725],[174.76066,-36.86724],[174.76067,-36.86723]]]}},{"type":"Feature","properties":{"kind":"water"},"geometry":{"type":"Polygon","coordinates":[[[174.7608,-36.86708],[174.76077,-36.86707],[174.76075,-36.86706],[174.76073,-36.86706],[174.7607,-36.86707],[174.76068,-36.86709],[174.76067,-36.8671],[174.76066,-36.86712],[174.76067,-36.86714],[174.76068,-36.86716],[174.7607,-36.86717],[174.76072,-36.86718],[174.76074,-36.86718],[174.76076,-36.86718],[174.76078,-36.86717],[174.7608,-36.86716],[174.76081,-36.86714],[174.76081,-36.86712],[174.76081,-36.8671],[174.7608,-36.86708]]]}},{"type":"Feature","properties":{"kind":"water"},"geometry":{"type":"Polygon","coordinates":[[[174.76587,-36.85069],[174.76585,-36.85072],[174.76591,-36.85074],[174.76592,-36.8507],[174.76587,-36.85069]]]}},{"type":"Feature","properties":{"kind":"water"},"geometry":{"type":"Polygon","coordinates":[[[174.76583,-36.85072],[174.76581,-36.85071],[174.7658,-36.85071],[174.76582,-36.85067],[174.76584,-36.85067],[174.76585,-36.85068],[174.76583,-36.85072]]]}},{"type":"Feature","properties":{"kind":"water"},"geometry":{"type":"Polygon","coordinates":[[[174.76581,-36.85071],[174.7658,-36.85073],[174.7658,-36.85074],[174.76579,-36.85074],[174.76577,-36.85073],[174.76578,-36.85072],[174.76579,-36.8507],[174.7658,-36.85071],[174.76581,-36.85071]]]}},{"type":"Feature","properties":{"kind":"water"},"geometry":{"type":"Polygon","coordinates":[[[174.76579,-36.85074],[174.76578,-36.85075],[174.76576,-36.85075],[174.76577,-36.85072],[174.76578,-36.85072],[174.76577,-36.85073],[174.76579,-36.85074]]]}},{"type":"Feature","properties":{"kind":"water"},"geometry":{"type":"Polygon","coordinates":[[[174.72564,-36.81893],[174.7256,-36.81892],[174.72559,-36.81892],[174.72554,-36.81892],[174.7255,-36.81891],[174.72551,-36.81888],[174.72551,-36.81885],[174.72561,-36.81885],[174.72573,-36.81882],[174.72579,-36.81881],[174.7257,-36.81888],[174.72564,-36.81893]]]}},{"type":"Feature","properties":{"kind":"coastline"},"geometry":{"type":"LineString","coordinates":[[174.73762,-36.83951],[174.73749,-36.83969],[174.73738,-36.83986],[174.73728,-36.83993],[174.73725,-36.84005],[174.7371,-36.84012],[174.73693,-36.84019],[174.73675,-36.84038],[174.73662,-36.84047],[174.73656,-36.84051],[174.7365,-36.84051],[174.7364,-36.84052],[174.73623,-36.84052],[174.73618,-36.84058],[174.73601,-36.84069],[174.73598,-36.84066],[174.73596,-36.84068],[174.73586,-36.84077],[174.73575,-36.84088],[174.73567,-36.84091],[174.7356,-36.84091],[174.73545,-36.84098],[174.73533,-36.84099],[174.73515,-36.84101],[174.73486,-36.84101],[174.73468,-36.84096],[174.73454,-36.8409],[174.73441,-36.84085],[174.7343,-36.84074],[174.73431,-36.84073],[174.73433,-36.84067],[174.73436,-36.84063],[174.73442,-36.84058],[174.73443,-36.84057],[174.73413,-36.8405],[174.73405,-36.8405],[174.73397,-36.84049],[174.73387,-36.84049],[174.73382,-36.84049],[174.73375,-36.84053],[174.73373,-36.8406],[174.7337,-36.84064],[174.73365,-36.84071],[174.7337,-36.84085],[174.73373,-36.84095],[174.73348,-36.84105],[174.7333,-36.84114],[174.73326,-36.8412],[174.73302,-36.84132],[174.73286,-36.84139],[174.73269,-36.84145],[174.73254,-36.84148],[174.7324,-36.84148],[174.73216,-36.84138],[174.73208,-36.84135],[174.73194,-36.84115],[174.73189,-36.84105],[174.73186,-36.84103],[174.7318,-36.84104],[174.73172,-36.84107],[174.73167,-36.84107],[174.73161,-36.84108],[174.73155,-36.84121],[174.7315,-36.84132],[174.73132,-36.8414],[174.73108,-36.84142],[174.73098,-36.84141],[174.73092,-36.84127],[174.73087,-36.84125],[174.73079,-36.84125],[174.73079,-36.84132],[174.73082,-36.84132],[174.73081,-36.84136],[174.73069,-36.84143],[174.73066,-36.84173],[174.7306,-36.8419],[174.73048,-36.84198],[174.7303,-36.84206],[174.73004,-36.84204],[174.7299,-36.84192],[174.72985,-36.84193],[174.72974,-36.84199],[174.72974,-36.84204],[174.72967,-36.84204],[174.72967,-36.8421],[174.72971,-36.84228],[174.72965,-36.84234],[174.72946,-36.84239],[174.72946,-36.84251],[174.72942,-36.84253],[174.72941,-36.84263],[174.72925,-36.84267],[174.72913,-36.84262],[174.72908,-36.84263],[174.72909,-36.84268],[174.72905,-36.84272],[174.72896,-36.84273],[174.72894,-36.84279],[174.7288,-36.84283],[174.72873,-36.84286],[174.72874,-36.8429],[174.7287,-36.84302],[174.72859,-36.84306],[174.72851,-36.84322],[174.72827,-36.84339],[174.72816,-36.84344],[174.72806,-36.84352],[174.72777,-36.84364],[174.72755,-36.84368],[174.72738,-36.84367],[174.72725,-36.84367],[174.72718,-36.84368],[174.72714,-36.84359],[174.72711,-36.84354],[174.72706,-36.84351],[174.727,-36.84352],[174.72686,-36.84353],[174.72674,-36.84355],[174.72659,-36.84358],[174.72645,-36.84364],[174.72578,-36.84408],[174.72561,-36.84421],[174.72555,-36.8443],[174.72541,-36.84452],[174.72513,-36.84494],[174.72501,-36.84528],[174.725,-36.84531],[174.72486,-36.84542],[174.72473,-36.84551],[174.72468,-36.84555],[174.72446,-36.84574],[174.7243,-36.84591],[174.7242,-36.84608],[174.72402,-36.84631],[174.72347,-36.84734],[174.72329,-36.84777]]}},{"type":"Feature","properties":{"kind":"water"},"geometry":{"type":"Polygon","coordinates":[[[174.71161,-36.86063],[174.71156,-36.86066],[174.71151,-36.86069],[174.71159,-36.86084],[174.71154,-36.86091],[174.71147,-36.86098],[174.71142,-36.86103],[174.71134,-36.8611],[174.71128,-36.86118],[174.71122,-36.86126],[174.71123,-36.86132],[174.71123,-36.86138],[174.71125,-36.86144],[174.71126,-36.86154],[174.71127,-36.86165],[174.71128,-36.86169],[174.7113,-36.86172],[174.71137,-36.86172],[174.71147,-36.8617],[174.71159,-36.86167],[174.71171,-36.86163],[174.71176,-36.8616],[174.71182,-36.86159],[174.71188,-36.8616],[174.71192,-36.86161],[174.71196,-36.86167],[174.71202,-36.86173],[174.71206,-36.86181],[174.71212,-36.86186],[174.71216,-36.86188],[174.71222,-36.86194],[174.71231,-36.862],[174.71236,-36.86205],[174.71236,-36.86208],[174.71234,-36.86215],[174.71234,-36.86228],[174.71234,-36.86241],[174.71231,-36.86256],[174.71229,-36.86269],[174.71228,-36.86278],[174.71229,-36.86284],[174.71236,-36.86287],[174.71244,-36.86289],[174.71256,-36.86288],[174.71263,-36.86283],[174.71269,-36.86279],[174.71279,-36.86269],[174.71288,-36.86263],[174.71295,-36.86259],[174.71306,-36.86256],[174.71318,-36.8625],[174.71324,-36.86248],[174.71331,-36.86252],[174.71342,-36.8626],[174.71356,-36.86267],[174.71366,-36.86273],[174.71385,-36.86279],[174.71397,-36.86284],[174.71412,-36.86289],[174.71416,-36.86294],[174.71416,-36.86301],[174.71416,-36.86309],[174.71415,-36.86316],[174.71411,-36.86324],[174.71407,-36.86334],[174.71408,-36.8634],[174.71415,-36.86347],[174.71425,-36.86351],[174.71438,-36.86352],[174.71446,-36.86349],[174.71458,-36.86343],[174.71465,-36.86339],[174.71474,-36.86338],[174.71481,-36.86335],[174.71487,-36.86333],[174.71496,-36.86329],[174.71508,-36.86325],[174.71516,-36.86324],[174.71532,-36.86325],[174.71537,-36.86326],[174.71528,-36.86322],[174.71518,-36.86321],[174.71508,-36.86321],[174.71497,-36.86324],[174.71488,-36.86328],[174.71484,-36.8633],[174.71474,-36.86333],[174.71465,-36.86335],[174.71458,-36.86337],[174.71448,-36.86343],[174.7144,-36.86346],[174.71432,-36.86347],[174.71422,-36.86344],[174.71415,-36.86338],[174.71415,-36.86331],[174.7142,-36.86321],[174.71424,-36.86313],[174.71425,-36.86307],[174.71428,-36.86298],[174.71428,-36.86289],[174.71421,-36.86284],[174.71405,-36.86277],[174.71392,-36.86273],[174.71381,-36.86267],[174.71366,-36.86262],[174.71359,-36.86257],[174.71347,-36.86252],[174.71346,-36.86248],[174.71349,-36.86242],[174.71338,-36.8624],[174.7133,-36.8624],[174.71322,-36.86242],[174.71315,-36.86244],[174.71293,-36.86252],[174.71275,-36.86261],[174.71262,-36.86274],[174.71253,-36.8628],[174.71243,-36.86281],[174.71239,-36.86278],[174.71238,-36.86269],[174.71237,-36.86264],[174.71239,-36.86256],[174.71241,-36.8624],[174.71242,-36.86231],[174.71243,-36.86216],[174.71244,-36.86211],[174.71242,-36.862],[174.7123,-36.86192],[174.71221,-36.86186],[174.71211,-36.86176],[174.71206,-36.8617],[174.712,-36.86161],[174.71191,-36.86157],[174.71183,-36.86155],[174.71177,-36.86155],[174.71175,-36.86158],[174.7117,-36.86159],[174.71161,-36.8616],[174.71153,-36.86164],[174.71147,-36.86166],[174.71137,-36.86167],[174.71135,-36.86164],[174.71137,-36.8616],[174.71136,-36.86156],[174.71132,-36.86156],[174.7113,-36.86147],[174.71128,-36.86141],[174.71129,-36.86136],[174.71128,-36.86131],[174.71133,-36.86121],[174.71136,-36.86114],[174.71142,-36.8611],[174.71147,-36.86107],[174.71151,-36.86101],[174.71158,-36.86094],[174.71165,-36.86087],[174.71168,-36.86084],[174.71168,-36.8608],[174.71161,-36.86063]]]}},{"type":"Feature","properties":{"kind":"coastline"},"geometry":{"type":"LineString","coordinates":[[174.72329,-36.84777],[174.72334,-36.84793],[174.72341,-36.84807],[174.72354,-36.84818],[174.72433,-36.84881],[174.72445,-36.8489],[174.72465,-36.84912],[174.72476,-36.84934],[174.72484,-36.84954],[174.72496,-36.84966],[174.72506,-36.84977],[174.72528,-36.85],[174.72526,-36.85005],[174.72521,-36.85012],[174.72519,-36.85018],[174.72518,-36.85024],[174.72516,-36.85029],[174.72516,-36.85037],[174.72514,-36.85045],[174.7251,-36.85049],[174.72507,-36.85051],[174.72508,-36.85055],[174.72506,-36.85057],[174.72503,-36.85059],[174.72499,-36.85063],[174.72493,-36.85063],[174.72491,-36.85064],[174.72428,-36.85117],[174.72417,-36.85124],[174.72407,-36.8513],[174.72396,-36.85139],[174.72384,-36.85143],[174.72379,-36.85144],[174.72378,-36.85144],[174.72377,-36.85145],[174.72373,-36.85146],[174.72349,-36.85149],[174.72303,-36.85156],[174.72293,-36.85149],[174.7229,-36.85148],[174.72282,-36.85143],[174.72245,-36.85114],[174.72242,-36.85113],[174.72238,-36.85112],[174.7222,-36.85115],[174.72212,-36.85116],[174.72143,-36.8511],[174.72113,-36.85107],[174.72096,-36.85107],[174.72086,-36.85108],[174.72079,-36.85109],[174.72063,-36.85104],[174.72054,-36.85101],[174.72053,-36.85103],[174.72005,-36.85089],[174.7199,-36.85075],[174.71968,-36.8505],[174.71961,-36.8504],[174.71959,-36.85037],[174.71956,-36.85025],[174.71949,-36.85017],[174.71953,-36.85009],[174.71958,-36.85],[174.71962,-36.84997],[174.71966,-36.84993],[174.71968,-36.84987],[174.71966,-36.84984]]}},{"type":"Feature","properties":{"kind":"coastline"},"geometry":{"type":"LineString","coordinates":[[174.71966,-36.84984],[174.71959,-36.84985],[174.71948,-36.84991],[174.71927,-36.85012],[174.7191,-36.85021],[174.71895,-36.85038],[174.71881,-36.85056],[174.71873,-36.85065],[174.71872,-36.85074],[174.71859,-36.85081],[174.71857,-36.85089],[174.71856,-36.85096],[174.71848,-36.85102],[174.71843,-36.85105],[174.71829,-36.85108],[174.71824,-36.85113],[174.71796,-36.85146],[174.71795,-36.85153],[174.7179,-36.85156],[174.71777,-36.85162],[174.71752,-36.85171],[174.71725,-36.85178],[174.71713,-36.85181],[174.71686,-36.85187],[174.71673,-36.8519],[174.71664,-36.8519],[174.71654,-36.85192],[174.71609,-36.85201],[174.71581,-36.85207],[174.71569,-36.85207],[174.71554,-36.85203],[174.7155,-36.85202],[174.71542,-36.85198],[174.71533,-36.85195],[174.71525,-36.85193],[174.71522,-36.85193],[174.71517,-36.85193],[174.715,-36.85197],[174.71485,-36.85202],[174.71491,-36.85222],[174.71484,-36.85226],[174.71481,-36.85227],[174.71478,-36.85229],[174.71472,-36.85228],[174.71422,-36.85229],[174.71414,-36.85228],[174.71409,-36.85224],[174.71406,-36.85222],[174.71405,-36.85221],[174.71398,-36.85231],[174.71401,-36.8524],[174.71397,-36.85254],[174.71394,-36.85257],[174.71382,-36.85261],[174.71375,-36.85261],[174.71363,-36.85265],[174.71357,-36.85274],[174.71353,-36.8528],[174.71351,-36.85281],[174.7135,-36.85283],[174.71349,-36.85288],[174.71358,-36.85295],[174.71359,-36.85305],[174.71364,-36.85325],[174.71368,-36.85338],[174.71369,-36.85341],[174.7137,-36.85365],[174.71356,-36.85372],[174.71353,-36.85381],[174.71349,-36.85388],[174.71343,-36.85395],[174.71323,-36.85404],[174.71317,-36.85403],[174.71313,-36.85407],[174.71307,-36.85412],[174.71296,-36.85418],[174.71287,-36.85415],[174.71282,-36.85412],[174.71277,-36.85411],[174.71274,-36.85416],[174.71271,-36.85419],[174.71264,-36.85423],[174.71255,-36.85433],[174.7126,-36.85444],[174.71255,-36.85446],[174.71252,-36.85458],[174.71263,-36.85466],[174.71253,-36.8548],[174.71255,-36.8549],[174.71264,-36.85501],[174.71263,-36.85505],[174.71261,-36.85516],[174.71259,-36.85522],[174.71239,-36.85566],[174.7123,-36.85579],[174.71239,-36.85636],[174.71245,-36.85658],[174.71254,-36.85672],[174.71274,-36.85687],[174.71316,-36.85711],[174.71331,-36.85735],[174.71339,-36.85744],[174.71368,-36.85766],[174.7142,-36.85779],[174.71444,-36.8578],[174.71466,-36.85782],[174.71494,-36.85786],[174.71514,-36.85787],[174.7157,-36.85783],[174.71588,-36.85783],[174.71604,-36.85792],[174.7161,-36.85792],[174.71621,-36.85779],[174.71621,-36.85769],[174.71627,-36.85731],[174.71637,-36.85703],[174.71632,-36.8567],[174.7164,-36.85658],[174.71665,-36.85658],[174.71688,-36.8566],[174.71723,-36.85667],[174.71752,-36.85659],[174.71765,-36.85662],[174.7177,-36.85678],[174.71772,-36.85679],[174.71775,-36.85681],[174.71778,-36.8569],[174.71769,-36.85703],[174.71752,-36.85711],[174.71747,-36.85715],[174.71725,-36.85727],[174.71714,-36.85734],[174.71711,-36.85741],[174.71716,-36.8576],[174.71713,-36.85764],[174.71712,-36.85768],[174.71709,-36.8577],[174.71705,-36.85772],[174.71698,-36.85774],[174.71688,-36.85775],[174.71683,-36.85779],[174.71676,-36.85783],[174.7165,-36.85801],[174.71642,-36.85811],[174.7164,-36.85817],[174.71636,-36.8582],[174.71629,-36.85824],[174.71616,-36.85834],[174.71599,-36.85843],[174.71596,-36.85841],[174.71589,-36.8584],[174.71584,-36.85843],[174.71582,-36.85844],[174.7158,-36.85849],[174.71572,-36.85854],[174.71563,-36.85856],[174.71547,-36.85867],[174.71532,-36.85877],[174.71517,-36.85884],[174.71508,-36.85889],[174.71497,-36.85897],[174.7149,-36.85899],[174.7148,-36.85894],[174.71464,-36.85884],[174.71428,-36.85886],[174.71427,-36.85885],[174.71384,-36.8588],[174.71364,-36.85875],[174.71329,-36.85854],[174.71306,-36.85836],[174.71272,-36.85813],[174.7124,-36.85791],[174.71222,-36.85767],[174.71196,-36.85729],[174.71173,-36.85709],[174.71167,-36.857],[174.71162,-36.85681],[174.71161,-36.85678],[174.71155,-36.85664],[174.71104,-36.85616],[174.71104,-36.85611],[174.71107,-36.85583],[174.71115,-36.85563],[174.71118,-36.85543],[174.71115,-36.85541],[174.71124,-36.8548],[174.71125,-36.85473],[174.71121,-36.85456],[174.71113,-36.8545],[174.71105,-36.85446],[174.71073,-36.85433],[174.71068,-36.85431],[174.71023,-36.85413],[174.7101,-36.8541],[174.71005,-36.85411],[174.70992,-36.85408],[174.70983,-36.85405],[174.70958,-36.85407],[174.70954,-36.85409],[174.70948,-36.85415],[174.70945,-36.85423],[174.70941,-36.8544],[174.70941,-36.85452],[174.70938,-36.85462],[174.70937,-36.85471],[174.70937,-36.8548],[174.70939,-36.8549],[174.7094,-36.85497],[174.70939,-36.85506],[174.70941,-36.85514],[174.70944,-36.85523],[174.70946,-36.85538],[174.70946,-36.85554],[174.70946,-36.85565],[174.70953,-36.856],[174.70945,-36.8569],[174.70937,-36.85749],[174.70934,-36.8576],[174.70934,-36.85776],[174.70977,-36.85822],[174.70981,-36.8583],[174.70983,-36.85833],[174.70999,-36.85884],[174.7101,-36.85895],[174.71035,-36.85908],[174.71039,-36.85913],[174.71061,-36.85951],[174.71073,-36.85961],[174.71116,-36.85998],[174.71154,-36.86052],[174.71161,-36.86063],[174.71156,-36.86066],[174.71151,-36.86069],[174.71148,-36.8607]]}},{"type":"Feature","properties":{"kind":"coastline"},"geometry":{"type":"LineString","coordinates":[[174.76782,-36.81958],[174.76793,-36.81957],[174.76799,-36.81955],[174.76813,-36.81943],[174.76819,-36.81939],[174.76848,-36.81921],[174.7691,-36.81887],[174.76949,-36.81859],[174.76971,-36.81842],[174.77023,-36.8181],[174.77056,-36.81799],[174.771,-36.81784],[174.77125,-36.81782],[174.77149,-36.81765],[174.77194,-36.81735],[174.7724,-36.81728],[174.77319,-36.81736],[174.77343,-36.81729],[174.77364,-36.81717],[174.77388,-36.81697],[174.7741,-36.81689],[174.77437,-36.81688],[174.77446,-36.81688],[174.77452,-36.81688],[174.77525,-36.81687],[174.7756,-36.81677],[174.7761,-36.81667],[174.77641,-36.81678],[174.77653,-36.81676],[174.77677,-36.81664],[174.7769,-36.81639],[174.7771,-36.81621],[174.77759,-36.81593],[174.77822,-36.81576],[174.7783,-36.81585],[174.77845,-36.8158],[174.7786,-36.81576],[174.77865,-36.81574],[174.77873,-36.8158],[174.77876,-36.81579],[174.77896,-36.81578],[174.77911,-36.81581],[174.77913,-36.81582],[174.77929,-36.81581],[174.77943,-36.81571],[174.77957,-36.81562],[174.7795,-36.81553],[174.77969,-36.81543],[174.7798,-36.81542],[174.77985,-36.81543],[174.77988,-36.81543],[174.77989,-36.81541],[174.77989,-36.8154],[174.77992,-36.81532],[174.78005,-36.81526],[174.78007,-36.81528],[174.78015,-36.81524],[174.78017,-36.81523],[174.78027,-36.8152],[174.78024,-36.81516],[174.78041,-36.81511],[174.78048,-36.81507],[174.78066,-36.81508],[174.78069,-36.8151],[174.78074,-36.81516],[174.78083,-36.81514],[174.781,-36.8151],[174.78097,-36.81506],[174.78101,-36.81504],[174.78109,-36.81502],[174.7812,-36.815],[174.78133,-36.81494],[174.78141,-36.81489],[174.78147,-36.81484],[174.78153,-36.81479],[174.78159,-36.81477],[174.78175,-36.8148],[174.78183,-36.81492],[174.78202,-36.81488],[174.78207,-36.81487],[174.78225,-36.81484],[174.78253,-36.81477],[174.78279,-36.81466],[174.78286,-36.81464],[174.78296,-36.81463],[174.78311,-36.81469],[174.78325,-36.81477],[174.78361,-36.81485],[174.78405,-36.81491],[174.78468,-36.81452],[174.78491,-36.81438],[174.78543,-36.81425],[174.7863,-36.8141],[174.78719,-36.81421],[174.78742,-36.81425],[174.78759,-36.81429],[174.78753,-36.81435],[174.78748,-36.8144],[174.78662,-36.81524],[174.7866,-36.81537],[174.7866,-36.81543],[174.78659,-36.81549],[174.78659,-36.81555],[174.78658,-36.81561],[174.78655,-36.8157],[174.78652,-36.81582],[174.78641,-36.81591],[174.78638,-36.8159],[174.78625,-36.81597],[174.78615,-36.81605],[174.78605,-36.81612],[174.78598,-36.81617],[174.78589,-36.81621],[174.78579,-36.81625],[174.78568,-36.81632],[174.7856,-36.81637],[174.78549,-36.81644],[174.78527,-36.81671],[174.78524,-36.81672],[174.78512,-36.81684],[174.78504,-36.81686],[174.7848,-36.81719],[174.7847,-36.81737],[174.78431,-36.81756],[174.78408,-36.81778],[174.78385,-36.81788],[174.78374,-36.8178],[174.78367,-36.81783],[174.78363,-36.81789],[174.78361,-36.81805],[174.78349,-36.81824],[174.78358,-36.81833],[174.78383,-36.81842],[174.78409,-36.81855],[174.78437,-36.81867],[174.78441,-36.81873],[174.78471,-36.81887],[174.78484,-36.81887],[174.78527,-36.8189],[174.78555,-36.81887],[174.78582,-36.8188],[174.7862,-36.81871],[174.78626,-36.81863],[174.78638,-36.81862],[174.78671,-36.81858],[174.78689,-36.81859],[174.78718,-36.81851],[174.78742,-36.81837],[174.78757,-36.81837],[174.78776,-36.81843],[174.78788,-36.81844],[174.78809,-36.81838],[174.78829,-36.81827],[174.78863,-36.81831],[174.78891,-36.81834],[174.78907,-36.81835],[174.78933,-36.81834],[174.78959,-36.81843],[174.78959,-36.81845],[174.78959,-36.81847],[174.78977,-36.81847],[174.79061,-36.81836],[174.79125,-36.81824],[174.79186,-36.81807],[174.79228,-36.81786],[174.79232,-36.81782],[174.7925,-36.81767],[174.79258,-36.81758],[174.7926,-36.81748],[174.79307,-36.81687],[174.79358,-36.8169],[174.79382,-36.81706],[174.79388,-36.81713],[174.79432,-36.81778],[174.79435,-36.81786],[174.79436,-36.81787],[174.79436,-36.81788],[174.79444,-36.81807],[174.79444,-36.8182],[174.79439,-36.81829],[174.79428,-36.81839],[174.79373,-36.81867],[174.79364,-36.81869],[174.79327,-36.81873],[174.79317,-36.81874],[174.7927,-36.81902],[174.79226,-36.81932],[174.79201,-36.81953],[174.79188,-36.81978],[174.79188,-36.8198],[174.79188,-36.81988],[174.79193,-36.81998],[174.79199,-36.82006],[174.7923,-36.82038],[174.79306,-36.82112],[174.79318,-36.82134],[174.79332,-36.82149],[174.79352,-36.82155],[174.79364,-36.82162],[174.79393,-36.82198],[174.79382,-36.82207],[174.79373,-36.82207],[174.79352,-36.82199],[174.79337,-36.82196],[174.79303,-36.82199],[174.79292,-36.82202],[174.79275,-36.82211],[174.79228,-36.82221],[174.79178,-36.82244],[174.79135,-36.8229],[174.79121,-36.82307],[174.79115,-36.82315],[174.79102,-36.8233],[174.79097,-36.82338],[174.79085,-36.82338],[174.79077,-36.82341],[174.7907,-36.82347],[174.79059,-36.82359],[174.79058,-36.82339],[174.79054,-36.8233],[174.79029,-36.82335],[174.78999,-36.82337],[174.7898,-36.82333],[174.78956,-36.8232],[174.78939,-36.82315],[174.78899,-36.82299],[174.78851,-36.82277],[174.78829,-36.82273],[174.78803,-36.82262],[174.78761,-36.82236],[174.78732,-36.82225],[174.78713,-36.8222],[174.78707,-36.82218],[174.78687,-36.82219],[174.78682,-36.82221],[174.78676,-36.82228],[174.78677,-36.82239],[174.78685,-36.8225],[174.78708,-36.82266],[174.78722,-36.82277],[174.78743,-36.82306],[174.7876,-36.82319],[174.78762,-36.82329],[174.78742,-36.82337],[174.78739,-36.82338],[174.78689,-36.82357],[174.78633,-36.82367],[174.78543,-36.82378],[174.78526,-36.8237],[174.78517,-36.8237],[174.78503,-36.82362],[174.78491,-36.8235],[174.7849,-36.82347],[174.78492,-36.82341],[174.78563,-36.82293],[174.78572,-36.82262],[174.78566,-36.82252],[174.78533,-36.82227],[174.78493,-36.82195],[174.78484,-36.82183],[174.78458,-36.82158],[174.78428,-36.82146],[174.78426,-36.82146],[174.78402,-36.82155],[174.78397,-36.82158],[174.78367,-36.82173],[174.78364,-36.82174],[174.78318,-36.82195],[174.78265,-36.82225],[174.78263,-36.82226],[174.7825,-36.82234],[174.78173,-36.82273],[174.78169,-36.82274],[174.78039,-36.82342],[174.78024,-36.82351],[174.78013,-36.82358],[174.7801,-36.82361],[174.78012,-36.82366],[174.78014,-36.8237],[174.78017,-36.82378],[174.78021,-36.82408],[174.78036,-36.82482],[174.78035,-36.82483],[174.78038,-36.82487],[174.7804,-36.82493],[174.78043,-36.82503],[174.78042,-36.82504],[174.7804,-36.82504],[174.78036,-36.82494],[174.78033,-36.82488],[174.78031,-36.82485],[174.78029,-36.82487],[174.78028,-36.8249],[174.78028,-36.82493],[174.78023,-36.82502],[174.78015,-36.82512],[174.78011,-36.82516],[174.78003,-36.82514],[174.78001,-36.82513],[174.78,-36.82511],[174.77999,-36.8251],[174.77997,-36.82509],[174.77994,-36.8251],[174.77992,-36.82511],[174.77992,-36.82513],[174.77992,-36.82514],[174.77986,-36.82516],[174.77939,-36.82498],[174.77933,-36.82498],[174.77912,-36.82494],[174.779,-36.82491],[174.77887,-36.82489],[174.77876,-36.82485],[174.77866,-36.82481],[174.77854,-36.82482],[174.77843,-36.82482],[174.77839,-36.82483],[174.77831,-36.82483],[174.77822,-36.82483],[174.77815,-36.82485],[174.77766,-36.82478],[174.77678,-36.82463],[174.77676,-36.82455],[174.77665,-36.82455],[174.77644,-36.8247],[174.7764,-36.82474],[174.77621,-36.82481],[174.7759,-36.82486],[174.7754,-36.82507],[174.77523,-36.82507],[174.77504,-36.82508],[174.775,-36.82503],[174.77495,-36.82505],[174.77488,-36.82509],[174.77487,-36.82513],[174.77479,-36.82516],[174.77477,-36.82514],[174.77474,-36.82511],[174.77465,-36.82511],[174.77442,-36.8252],[174.77428,-36.82528],[174.77423,-36.82538]]}},{"type":"Feature","properties":{"kind":"coastline"},"geometry":{"type":"LineString","coordinates":[[174.77071,-36.79589],[174.77083,-36.79591],[174.7709,-36.7959],[174.77092,-36.79592],[174.77134,-36.79611],[174.77155,-36.79619],[174.77181,-36.79638],[174.77229,-36.79678],[174.77287,-36.797],[174.77294,-36.79704],[174.77296,-36.79706],[174.77297,-36.7971],[174.77301,-36.79726],[174.7729,-36.79735],[174.77284,-36.79737],[174.77239,-36.79739],[174.77225,-36.79736],[174.77188,-36.79719],[174.77155,-36.79702],[174.77118,-36.797],[174.77113,-36.79701],[174.77107,-36.79703],[174.77104,-36.79704],[174.77085,-36.7972],[174.77079,-36.79725],[174.77077,-36.79728],[174.77014,-36.79798],[174.76998,-36.79821],[174.76995,-36.7983],[174.76992,-36.79837],[174.76993,-36.79849],[174.76991,-36.79869],[174.76999,-36.79927],[174.77,-36.79931],[174.77006,-36.79936],[174.77022,-36.79948],[174.77026,-36.79958],[174.77026,-36.79969],[174.77003,-36.79994],[174.76996,-36.80001],[174.7696,-36.79994],[174.76921,-36.79987],[174.76901,-36.79987],[174.76883,-36.79989],[174.76876,-36.79996],[174.76871,-36.80002],[174.76875,-36.8001],[174.76877,-36.80018],[174.76874,-36.80021],[174.7687,-36.80026],[174.76868,-36.80033],[174.76866,-36.80037],[174.76864,-36.80065],[174.76867,-36.80085],[174.7687,-36.80091],[174.76881,-36.80102],[174.76904,-36.80132],[174.76918,-36.80147],[174.76945,-36.80178],[174.76987,-36.80187],[174.76999,-36.80192],[174.77017,-36.80193],[174.77022,-36.80194],[174.77032,-36.80203],[174.77052,-36.80215],[174.77054,-36.80215],[174.77062,-36.80206],[174.77072,-36.8021],[174.77077,-36.80219],[174.77085,-36.80228],[174.77086,-36.80233],[174.77085,-36.80239],[174.77085,-36.80241],[174.77088,-36.80244],[174.77091,-36.80246],[174.77095,-36.80253],[174.77094,-36.80293],[174.77087,-36.80336],[174.7711,-36.80368],[174.77122,-36.80382],[174.77184,-36.80408],[174.77217,-36.80427],[174.77244,-36.8045],[174.77256,-36.80466],[174.77267,-36.80481],[174.77288,-36.80508],[174.77303,-36.80571],[174.77329,-36.80591],[174.77355,-36.80601],[174.77369,-36.80612],[174.77378,-36.80619],[174.77435,-36.80668],[174.77489,-36.80687],[174.77508,-36.80687],[174.77519,-36.80682],[174.77585,-36.8064],[174.77596,-36.80631],[174.77652,-36.80566],[174.77832,-36.80426],[174.77857,-36.80414],[174.77871,-36.80413],[174.77897,-36.80397],[174.77918,-36.80376],[174.77928,-36.80368],[174.77935,-36.80362],[174.77955,-36.80357],[174.77971,-36.80347],[174.77976,-36.80336],[174.77997,-36.8033],[174.78007,-36.80335],[174.78029,-36.80309],[174.78056,-36.80289],[174.78079,-36.80279],[174.78093,-36.80274],[174.78085,-36.80349],[174.78064,-36.80419],[174.77946,-36.80575],[174.77878,-36.80667],[174.77866,-36.80717],[174.77867,-36.80769],[174.77883,-36.80789],[174.77903,-36.80803],[174.77906,-36.80809],[174.77916,-36.80808],[174.7792,-36.80805],[174.7793,-36.8081],[174.78012,-36.80832],[174.78017,-36.80833],[174.78047,-36.80837],[174.7812,-36.80834],[174.78134,-36.80831],[174.78209,-36.80814],[174.78226,-36.80809],[174.78328,-36.80749],[174.78343,-36.8074],[174.78363,-36.80729],[174.78368,-36.80727],[174.78373,-36.80723],[174.78379,-36.80723],[174.78386,-36.80725],[174.78389,-36.80726],[174.78391,-36.80727],[174.78391,-36.80729],[174.78389,-36.8073],[174.78383,-36.80734],[174.78381,-36.80743],[174.78376,-36.80754],[174.78373,-36.80763],[174.78372,-36.80768],[174.78366,-36.80775],[174.78357,-36.80778],[174.78349,-36.80783],[174.78342,-36.80789],[174.78331,-36.80797],[174.78329,-36.80799],[174.78289,-36.80825],[174.78251,-36.80894],[174.78199,-36.80922],[174.78142,-36.80941],[174.78126,-36.80943],[174.78109,-36.80944],[174.78079,-36.80949],[174.78064,-36.80959],[174.78069,-36.8097],[174.7807,-36.80976],[174.7807,-36.80987],[174.78077,-36.81009],[174.78089,-36.81026],[174.78089,-36.81032],[174.78085,-36.81037],[174.78071,-36.81043],[174.78056,-36.81048],[174.78044,-36.81049],[174.78036,-36.81047],[174.78028,-36.81046],[174.78021,-36.81042],[174.78011,-36.81028],[174.77997,-36.81011],[174.77992,-36.80976],[174.78006,-36.8098],[174.78009,-36.8098],[174.78014,-36.80978],[174.78018,-36.80974],[174.78018,-36.8097],[174.78016,-36.80966],[174.78016,-36.80963],[174.78015,-36.80961],[174.78016,-36.80959],[174.78014,-36.80956],[174.78012,-36.80956],[174.7801,-36.80957],[174.78007,-36.80958],[174.78005,-36.80959],[174.78001,-36.80962],[174.77999,-36.80965],[174.77998,-36.80966],[174.77996,-36.80967],[174.77996,-36.8097],[174.77993,-36.80968],[174.77991,-36.80967],[174.77989,-36.80967],[174.77989,-36.80964],[174.77987,-36.80962],[174.77986,-36.80958],[174.77987,-36.80955],[174.77988,-36.80954],[174.77989,-36.80952],[174.7799,-36.80949],[174.77989,-36.80946],[174.77986,-36.80945],[174.77984,-36.80946],[174.7798,-36.80949],[174.77978,-36.80951],[174.77975,-36.80951],[174.77972,-36.80952],[174.77973,-36.80957],[174.77976,-36.80965],[174.77973,-36.80969],[174.7797,-36.80967],[174.77966,-36.80964],[174.77964,-36.80965],[174.77963,-36.80964],[174.77963,-36.80961],[174.77961,-36.8096],[174.77957,-36.80961],[174.77955,-36.80964],[174.77952,-36.80968],[174.77949,-36.80973],[174.77946,-36.80975],[174.77946,-36.80978],[174.77945,-36.80981],[174.77947,-36.80985],[174.77943,-36.80988],[174.77945,-36.80993],[174.7794,-36.80998],[174.77934,-36.81001],[174.77933,-36.81005],[174.7793,-36.8101],[174.77915,-36.8102],[174.77914,-36.81032],[174.77916,-36.81044],[174.7792,-36.81046],[174.7793,-36.81045],[174.77933,-36.81047],[174.77938,-36.81049],[174.77948,-36.81045],[174.77952,-36.8105],[174.77958,-36.81052],[174.77962,-36.81055],[174.77966,-36.81059],[174.77969,-36.81062],[174.77969,-36.81068],[174.77969,-36.81074],[174.77966,-36.81094],[174.7795,-36.81112],[174.77918,-36.81159],[174.77894,-36.81182],[174.77886,-36.81188],[174.7788,-36.8118],[174.77811,-36.81206],[174.77765,-36.81225],[174.77739,-36.81228],[174.77712,-36.81226],[174.77704,-36.81222],[174.77696,-36.81216],[174.77681,-36.81213],[174.77674,-36.81214],[174.77665,-36.81217],[174.77657,-36.81221],[174.77652,-36.81222],[174.7765,-36.81223],[174.77647,-36.81225],[174.77641,-36.8123],[174.77604,-36.81242],[174.77576,-36.81248],[174.77532,-36.8126],[174.77525,-36.81264],[174.77488,-36.81276],[174.77471,-36.81276],[174.77477,-36.81273],[174.77475,-36.81271],[174.77473,-36.81269],[174.77461,-36.81267],[174.77454,-36.81265],[174.77446,-36.81263],[174.77437,-36.81262],[174.77424,-36.81267],[174.77416,-36.81269],[174.77409,-36.8127],[174.77402,-36.81272],[174.77396,-36.81276],[174.77391,-36.81281],[174.77386,-36.81285],[174.7738,-36.81291],[174.77372,-36.81299],[174.77364,-36.81307],[174.77356,-36.81311],[174.77347,-36.81317],[174.7734,-36.81319],[174.77339,-36.8132],[174.77293,-36.81333],[174.77287,-36.81334],[174.77276,-36.81337],[174.77235,-36.81339],[174.77225,-36.81337],[174.77208,-36.81331],[174.77145,-36.81314],[174.7714,-36.81314],[174.77064,-36.81327],[174.77062,-36.81325],[174.77058,-36.81326],[174.77053,-36.81327],[174.77055,-36.81331],[174.77047,-36.81328],[174.77045,-36.8133],[174.77043,-36.81337],[174.77006,-36.81355],[174.76991,-36.8138],[174.76967,-36.81393],[174.76947,-36.81417],[174.76929,-36.81442],[174.76898,-36.81475],[174.76881,-36.81493],[174.7684,-36.81513],[174.76828,-36.81521],[174.76818,-36.81529],[174.76811,-36.81542],[174.76811,-36.81563],[174.76808,-36.81581],[174.76803,-36.81583],[174.76793,-36.81594],[174.76791,-36.8163],[174.76791,-36.81652],[174.768,-36.81672],[174.76815,-36.81692],[174.76823,-36.81698],[174.76822,-36.81733],[174.76819,-36.81737],[174.76798,-36.81749],[174.76801,-36.81755],[174.76824,-36.81749],[174.76828,-36.81753],[174.76828,-36.81762],[174.76829,-36.81772],[174.76826,-36.81786],[174.76821,-36.81802],[174.76812,-36.81824],[174.76815,-36.81826],[174.76816,-36.81826],[174.76812,-36.8183],[174.7681,-36.81833],[174.76792,-36.81852],[174.76789,-36.81855],[174.76769,-36.81852]]}},{"type":"Feature","properties":{"kind":"coastline"},"geometry":{"type":"LineString","coordinates":[[174.77183,-36.80666],[174.77177,-36.80665],[174.77174,-36.80667],[174.77177,-36.8067],[174.77183,-36.80671],[174.77194,-36.80676],[174.77207,-36.80681],[174.77216,-36.80686],[174.77227,-36.80689],[174.77229,-36.80688],[174.77228,-36.80685],[174.77224,-36.80682],[174.77219,-36.80677],[174.77211,-36.80673],[174.77205,-36.80671],[174.77183,-36.80666]]}},{"type":"Feature","properties":{"kind":"coastline"},"geometry":{"type":"LineString","coordinates":[[174.7725,-36.8065],[174.77241,-36.80655],[174.77232,-36.80659],[174.77226,-36.80661],[174.77221,-36.80661],[174.77218,-36.80663],[174.77217,-36.80665],[174.77219,-36.80669],[174.77222,-36.80669],[174.77226,-36.8067],[174.7723,-36.8067],[174.77235,-36.80668],[174.77241,-36.80665],[174.77246,-36.80663],[174.77249,-36.80661],[174.7725,-36.80659],[174.77251,-36.80654],[174.7725,-36.8065]]}},{"type":"Feature","properties":{"kind":"coastline"},"geometry":{"type":"LineString","coordinates":[[174.77676,-36.80781],[174.77673,-36.80781],[174.77672,-36.80783],[174.77672,-36.80785],[174.77674,-36.80789],[174.77683,-36.80802],[174.77698,-36.80824],[174.77701,-36.8083],[174.77705,-36.80831],[174.77709,-36.80831],[174.7771,-36.8083],[174.7771,-36.80827],[174.77712,-36.80827],[174.77717,-36.80828],[174.77721,-36.80831],[174.77726,-36.80834],[174.7773,-36.80834],[174.77734,-36.80834],[174.77743,-36.80839],[174.77746,-36.80843],[174.77748,-36.80848],[174.77749,-36.80851],[174.7775,-36.80855],[174.77752,-36.80857],[174.77753,-36.80854],[174.77752,-36.80851],[174.77751,-36.80844],[174.77746,-36.80837],[174.77744,-36.80835],[174.7774,-36.80832],[174.77736,-36.8083],[174.77733,-36.80829],[174.77731,-36.80829],[174.77726,-36.80829],[174.77724,-36.80829],[174.77721,-36.80826],[174.77715,-36.80824],[174.77712,-36.80823],[174.77708,-36.80822],[174.77705,-36.80819],[174.77676,-36.80781]]}},{"type":"Feature","properties":{"kind":"coastline"},"geometry":{"type":"LineString","coordinates":[[174.7819,-36.81507],[174.78185,-36.81502],[174.78175,-36.815],[174.78163,-36.81497],[174.78155,-36.81497],[174.78146,-36.81497],[174.78143,-36.81498],[174.78143,-36.815],[174.78148,-36.81502],[174.78154,-36.81503],[174.78159,-36.81504],[174.78166,-36.81508],[174.7817,-36.8151],[174.78176,-36.81515],[174.78179,-36.81517],[174.78185,-36.81521],[174.78188,-36.81524],[174.78193,-36.81526],[174.78195,-36.81528],[174.78198,-36.8153],[174.78201,-36.81532],[174.7821,-36.81534],[174.78217,-36.81533],[174.78221,-36.81532],[174.78223,-36.8153],[174.78223,-36.81528],[174.78219,-36.81526],[174.78216,-36.81524],[174.78208,-36.81524],[174.782,-36.81524],[174.78192,-36.81519],[174.7819,-36.81513],[174.7819,-36.81507]]}},{"type":"Feature","properties":{"kind":"coastline"},"geometry":{"type":"LineString","coordinates":[[174.78259,-36.8153],[174.78256,-36.81529],[174.78253,-36.8153],[174.78247,-36.81532],[174.78237,-36.81539],[174.78234,-36.81546],[174.78237,-36.81553],[174.78245,-36.81562],[174.78272,-36.81588],[174.78291,-36.816],[174.78303,-36.81604],[174.78318,-36.81612],[174.78327,-36.81616],[174.78332,-36.81616],[174.78338,-36.81613],[174.7834,-36.81611],[174.78337,-36.81607],[174.78332,-36.81604],[174.78328,-36.816],[174.78322,-36.81599],[174.78315,-36.816],[174.78305,-36.81597],[174.783,-36.81595],[174.78295,-36.81594],[174.7829,-36.81593],[174.78287,-36.81591],[174.78283,-36.81588],[174.78281,-36.81584],[174.78277,-36.81581],[174.78274,-36.81576],[174.78271,-36.81572],[174.78265,-36.81569],[174.78262,-36.81566],[174.78265,-36.81565],[174.78272,-36.81565],[174.78276,-36.81567],[174.78283,-36.8157],[174.78286,-36.81571],[174.7829,-36.8157],[174.78289,-36.81567],[174.78285,-36.81565],[174.78275,-36.81563],[174.78268,-36.81561],[174.78263,-36.81561],[174.78256,-36.8156],[174.78252,-36.81557],[174.78249,-36.81553],[174.78251,-36.81543],[174.78254,-36.8154],[174.78257,-36.81534],[174.78259,-36.8153]]}},{"type":"Feature","properties":{"kind":"coastline"},"geometry":{"type":"LineString","coordinates":[[174.78612,-36.82099],[174.78609,-36.82108],[174.78601,-36.82116],[174.78599,-36.82119],[174.78596,-36.82118],[174.78592,-36.82119],[174.78586,-36.82123],[174.78576,-36.82128],[174.78569,-36.82134],[174.78563,-36.82146],[174.78558,-36.8216],[174.78563,-36.82168],[174.78566,-36.82167],[174.78566,-36.82163],[174.78568,-36.82152],[174.78573,-36.82137],[174.78582,-36.82129],[174.78592,-36.82124],[174.786,-36.82124],[174.7861,-36.8212],[174.78622,-36.821],[174.78628,-36.82082],[174.7863,-36.82062],[174.78628,-36.82049],[174.78627,-36.82044],[174.78629,-36.82039],[174.78634,-36.82037],[174.78638,-36.82038],[174.78639,-36.82037],[174.78639,-36.82033],[174.78634,-36.82029],[174.78628,-36.8203],[174.78619,-36.82041],[174.78617,-36.82045],[174.7862,-36.82053],[174.78622,-36.82063],[174.7862,-36.82075],[174.78617,-36.82086],[174.78612,-36.82099]]}},{"type":"Feature","properties":{"kind":"coastline"},"geometry":{"type":"LineString","coordinates":[[174.76875,-36.84107],[174.76914,-36.84014],[174.76914,-36.8401],[174.76911,-36.84008],[174.76901,-36.84006],[174.76873,-36.83999],[174.76871,-36.83998],[174.76866,-36.83997],[174.76828,-36.83987],[174.76824,-36.83987],[174.76821,-36.83989]]}},{"type":"Feature","properties":{"kind":"coastline"},"geometry":{"type":"LineString","coordinates":[[174.76566,-36.84271],[174.76566,-36.84269],[174.76571,-36.84258],[174.76569,-36.84257],[174.76567,-36.84257],[174.76563,-36.84267],[174.76562,-36.84266],[174.76549,-36.84263],[174.76547,-36.84263],[174.76546,-36.84262],[174.76545,-36.84262],[174.76543,-36.84262],[174.7654,-36.84258],[174.76539,-36.84259],[174.76536,-36.8426],[174.76529,-36.8425],[174.76525,-36.84243],[174.76522,-36.84235],[174.76519,-36.84222],[174.76518,-36.8421],[174.76519,-36.84199],[174.7652,-36.84196],[174.76521,-36.84193],[174.76547,-36.84131],[174.76626,-36.8394]]}},{"type":"Feature","properties":{"kind":"coastline"},"geometry":{"type":"LineString","coordinates":[[174.78825,-36.84237],[174.78806,-36.8417],[174.78802,-36.84159],[174.78797,-36.84152],[174.7879,-36.84142],[174.78778,-36.84129],[174.78761,-36.84127],[174.78755,-36.84118],[174.7873,-36.84116],[174.78693,-36.84115],[174.78667,-36.84116],[174.7866,-36.84113],[174.78662,-36.84106],[174.78666,-36.84092],[174.78666,-36.84073],[174.78667,-36.84063]]}},{"type":"Feature","properties":{"kind":"coastline"},"geometry":{"type":"LineString","coordinates":[[174.75746,-36.83666],[174.75677,-36.83728],[174.75677,-36.8373],[174.75633,-36.83769],[174.75631,-36.83771],[174.75584,-36.8381],[174.75553,-36.83837],[174.75539,-36.8385],[174.75544,-36.83853],[174.75528,-36.83867],[174.75523,-36.83864],[174.75504,-36.83864],[174.75496,-36.8387],[174.75502,-36.83874],[174.75504,-36.83881],[174.75507,-36.83884],[174.75505,-36.83886],[174.75504,-36.83887],[174.75488,-36.83901],[174.75412,-36.83844],[174.75411,-36.83845],[174.75415,-36.83853],[174.75479,-36.839],[174.75478,-36.83901],[174.75477,-36.83902],[174.75453,-36.83921],[174.75452,-36.83921],[174.75451,-36.83921],[174.75445,-36.83926],[174.75407,-36.83959],[174.75419,-36.83962],[174.7541,-36.83969],[174.75399,-36.83966],[174.75398,-36.83967],[174.75371,-36.8396],[174.75366,-36.83958],[174.75364,-36.83956],[174.75364,-36.83955],[174.75363,-36.83953],[174.75388,-36.83893],[174.75391,-36.83885],[174.75384,-36.83883],[174.75351,-36.83964],[174.75368,-36.83968],[174.75367,-36.83971],[174.75367,-36.83972],[174.75366,-36.83973],[174.75357,-36.83994],[174.75356,-36.83996],[174.75356,-36.83998],[174.75355,-36.83998],[174.75355,-36.83999],[174.7535,-36.8401],[174.75343,-36.84028],[174.75341,-36.84032],[174.75336,-36.84045],[174.75335,-36.84048],[174.75317,-36.84091],[174.75316,-36.84094],[174.75311,-36.84106],[174.75309,-36.8411],[174.75307,-36.84117],[174.75306,-36.84118],[174.75293,-36.8415],[174.75291,-36.84155],[174.7529,-36.84154],[174.75287,-36.84163],[174.75277,-36.84186],[174.75276,-36.84188],[174.75269,-36.84205],[174.75297,-36.84212],[174.75292,-36.84224],[174.75266,-36.84217],[174.75265,-36.84217],[174.75239,-36.8421],[174.75239,-36.84212],[174.75238,-36.84213],[174.75228,-36.84237],[174.75228,-36.84238],[174.75227,-36.8424],[174.75251,-36.84247],[174.75251,-36.84249],[174.75247,-36.84258],[174.75234,-36.8429],[174.75233,-36.84292],[174.75225,-36.84312],[174.75224,-36.84315],[174.75223,-36.84318],[174.75216,-36.84334],[174.75215,-36.84334],[174.75211,-36.84342],[174.75209,-36.84341],[174.75206,-36.84341],[174.75206,-36.84342],[174.75198,-36.8434],[174.75197,-36.84344],[174.75196,-36.84344],[174.75195,-36.84344],[174.7519,-36.84357],[174.75185,-36.84369],[174.75185,-36.8437],[174.7518,-36.84369],[174.75149,-36.84362],[174.75137,-36.84358],[174.75134,-36.84353],[174.75108,-36.84246],[174.75094,-36.84233],[174.75086,-36.8423],[174.75078,-36.84228],[174.75008,-36.84208],[174.74998,-36.84209],[174.74991,-36.84212],[174.74985,-36.84216],[174.74978,-36.84225],[174.74972,-36.84218],[174.7494,-36.84231],[174.74947,-36.84241],[174.7495,-36.84252],[174.74952,-36.84266]]}},{"type":"Feature","properties":{"kind":"coastline"},"geometry":{"type":"LineString","coordinates":[[174.78167,-36.82785],[174.78181,-36.82789],[174.78186,-36.82791],[174.78217,-36.82802],[174.78223,-36.82804],[174.78251,-36.8282],[174.78264,-36.82824],[174.78266,-36.82826],[174.78277,-36.82834],[174.78278,-36.82835],[174.78282,-36.82838],[174.78278,-36.82843],[174.78303,-36.82861],[174.78317,-36.82872],[174.78338,-36.82887],[174.78363,-36.82905],[174.78444,-36.82966],[174.78482,-36.82994],[174.78462,-36.83015],[174.7846,-36.83017],[174.7844,-36.83039],[174.78429,-36.83057],[174.78542,-36.83098],[174.7855,-36.83083],[174.78618,-36.83105],[174.78624,-36.83107],[174.78635,-36.83109],[174.78646,-36.83111],[174.7866,-36.83113],[174.78665,-36.83112],[174.78672,-36.8311],[174.7868,-36.83101],[174.78677,-36.83097],[174.78701,-36.83086],[174.78703,-36.83086],[174.78714,-36.83084],[174.78722,-36.83082],[174.78726,-36.83079],[174.78728,-36.83078],[174.78798,-36.8308],[174.78872,-36.83081],[174.78965,-36.83082],[174.79066,-36.83072],[174.79093,-36.83078]]}},{"type":"Feature","properties":{"kind":"coastline"},"geometry":{"type":"LineString","coordinates":[[174.70912,-36.82587],[174.70913,-36.826],[174.70939,-36.82612],[174.70944,-36.82614],[174.70979,-36.82621],[174.71008,-36.8262],[174.71057,-36.82576],[174.71103,-36.8258],[174.7115,-36.82518],[174.71283,-36.82509],[174.71356,-36.82501],[174.71393,-36.82505],[174.71416,-36.82512],[174.71435,-36.82511],[174.71445,-36.8251],[174.71458,-36.825],[174.71476,-36.82477],[174.715,-36.82462],[174.71558,-36.82434],[174.71566,-36.82422],[174.71581,-36.82413],[174.71618,-36.8239],[174.71676,-36.82355],[174.7172,-36.82329],[174.71772,-36.82322],[174.71809,-36.82323],[174.71834,-36.82318],[174.71846,-36.8231],[174.7187,-36.8231],[174.7194,-36.82318],[174.71981,-36.82292],[174.72016,-36.82267],[174.72115,-36.82254],[174.72162,-36.82244],[174.72221,-36.82216],[174.7224,-36.82211],[174.72271,-36.82202],[174.72311,-36.8223],[174.7233,-36.82225],[174.72346,-36.82227],[174.7235,-36.82227],[174.72354,-36.82227],[174.72364,-36.82227]]}},{"type":"Feature","properties":{"kind":"coastline"},"geometry":{"type":"LineString","coordinates":[[174.76679,-36.8186],[174.76679,-36.81866],[174.76679,-36.81868],[174.76679,-36.8187],[174.76658,-36.81942],[174.76646,-36.81984],[174.76633,-36.82028],[174.76629,-36.82041],[174.76608,-36.82066],[174.76587,-36.82095],[174.76587,-36.82109],[174.76595,-36.82164],[174.76596,-36.82165],[174.76636,-36.82188],[174.76641,-36.82188],[174.76644,-36.82188],[174.76649,-36.82188],[174.7665,-36.82187],[174.76714,-36.82118],[174.76714,-36.82112],[174.76719,-36.82112],[174.76724,-36.82112],[174.76724,-36.82118],[174.76728,-36.82103],[174.76737,-36.82095],[174.76741,-36.82093],[174.76746,-36.82093],[174.76756,-36.82093],[174.76761,-36.82091],[174.76767,-36.82091],[174.76771,-36.82091],[174.76774,-36.82091],[174.76778,-36.82033],[174.76782,-36.81958]]}},{"type":"Feature","properties":{"kind":"coastline"},"geometry":{"type":"LineString","coordinates":[[174.75036,-36.82079],[174.75028,-36.82037],[174.75027,-36.82006],[174.75034,-36.81952],[174.75056,-36.8188],[174.7507,-36.81834],[174.75073,-36.81828],[174.75075,-36.81824],[174.7508,-36.81809],[174.75093,-36.81793],[174.75098,-36.8177],[174.75111,-36.81724]]}},{"type":"Feature","properties":{"kind":"coastline"},"geometry":{"type":"LineString","coordinates":[[174.75166,-36.81485],[174.75172,-36.81484],[174.75179,-36.81479],[174.75206,-36.81455],[174.75225,-36.81438],[174.75258,-36.8142],[174.7528,-36.8141],[174.75298,-36.81404],[174.7532,-36.81397],[174.75337,-36.81392],[174.75365,-36.81387],[174.75388,-36.81384],[174.75418,-36.81374],[174.75431,-36.81363],[174.75444,-36.81351],[174.75449,-36.81346],[174.75455,-36.81339],[174.75462,-36.81329],[174.7547,-36.81322],[174.75477,-36.81309],[174.75481,-36.81294],[174.7548,-36.81274],[174.75477,-36.81259],[174.75467,-36.81237],[174.75464,-36.81235],[174.75456,-36.81234],[174.75453,-36.81233],[174.75442,-36.81231],[174.75434,-36.81226],[174.75431,-36.8122],[174.7543,-36.81213],[174.75432,-36.8121],[174.75438,-36.81209],[174.75446,-36.81206],[174.75446,-36.81199],[174.75446,-36.81195],[174.75446,-36.81191],[174.75447,-36.81188],[174.75452,-36.81183],[174.75456,-36.81178],[174.7546,-36.81171],[174.75466,-36.81164],[174.75502,-36.81117],[174.75509,-36.81109],[174.75525,-36.81083],[174.75543,-36.81062],[174.75558,-36.81042],[174.75563,-36.81041],[174.75567,-36.81038],[174.75568,-36.81033],[174.75584,-36.81016],[174.75597,-36.81002],[174.75609,-36.80989],[174.7564,-36.80956],[174.75668,-36.80928],[174.75762,-36.80824],[174.75819,-36.80762],[174.75827,-36.80753],[174.75851,-36.80728],[174.75868,-36.80708],[174.75902,-36.8067],[174.75921,-36.8065],[174.75933,-36.80636],[174.75938,-36.8063],[174.75944,-36.80624],[174.75944,-36.80618],[174.75949,-36.80612],[174.75951,-36.80608],[174.75953,-36.80603],[174.75962,-36.80594],[174.7597,-36.8058],[174.75982,-36.80568],[174.76,-36.80537],[174.76009,-36.8052],[174.76019,-36.80509],[174.7603,-36.80505],[174.76039,-36.80497],[174.76048,-36.80479],[174.76051,-36.8047],[174.76053,-36.80464],[174.76051,-36.80459],[174.76046,-36.80448],[174.76046,-36.80444]]}},{"type":"Feature","properties":{"kind":"coastline"},"geometry":{"type":"LineString","coordinates":[[174.76046,-36.80444],[174.76002,-36.80429],[174.76,-36.8043],[174.75999,-36.80431],[174.75993,-36.80437],[174.75979,-36.80439],[174.75973,-36.80442],[174.75966,-36.80443],[174.75964,-36.80445],[174.75964,-36.80449],[174.75962,-36.80455],[174.75961,-36.8046],[174.75963,-36.80465],[174.75967,-36.80466],[174.75967,-36.80472],[174.75958,-36.80483],[174.75954,-36.80496],[174.75948,-36.80507],[174.7594,-36.80526],[174.75929,-36.80542],[174.75915,-36.80565],[174.75878,-36.80606],[174.75861,-36.80626],[174.75832,-36.80647],[174.75822,-36.80669],[174.75811,-36.80673],[174.75801,-36.80677],[174.75801,-36.80686],[174.75797,-36.80689],[174.75794,-36.80693],[174.7579,-36.80692],[174.75785,-36.80688],[174.7578,-36.80683],[174.75768,-36.80689],[174.75761,-36.80673],[174.75757,-36.80662],[174.75747,-36.80653],[174.75747,-36.80641],[174.75754,-36.80629],[174.75752,-36.8062],[174.75745,-36.80612],[174.75746,-36.80604],[174.75748,-36.80601],[174.75748,-36.80597],[174.75748,-36.80593],[174.75745,-36.80583],[174.75743,-36.8057],[174.75732,-36.8054],[174.75713,-36.80513],[174.75703,-36.80488],[174.7569,-36.80472],[174.75672,-36.80428],[174.75675,-36.80375],[174.75672,-36.80367],[174.7567,-36.80355],[174.75662,-36.80345],[174.7565,-36.80337],[174.75628,-36.80332],[174.75619,-36.8033],[174.75606,-36.80331],[174.75598,-36.80335],[174.75582,-36.80346],[174.75547,-36.80371],[174.75477,-36.80404],[174.75434,-36.80427],[174.75394,-36.8043],[174.75372,-36.80435],[174.75313,-36.80436],[174.75293,-36.80434],[174.75265,-36.8043],[174.75234,-36.80421],[174.75197,-36.80404],[174.75181,-36.80398],[174.75162,-36.80384],[174.7515,-36.80374],[174.75131,-36.80352],[174.75123,-36.80341],[174.75117,-36.80324],[174.75113,-36.80303],[174.75109,-36.80243],[174.75105,-36.8021],[174.75096,-36.80171],[174.75096,-36.80162],[174.75098,-36.80138],[174.751,-36.80126],[174.75129,-36.80054],[174.75137,-36.80044],[174.75178,-36.79994],[174.75219,-36.79964],[174.75261,-36.79952],[174.75351,-36.79953],[174.75399,-36.79982],[174.7541,-36.79986],[174.75423,-36.79988],[174.75441,-36.7999],[174.75447,-36.79992],[174.75458,-36.80001],[174.75479,-36.80041],[174.75505,-36.80058],[174.75516,-36.8007],[174.75525,-36.8009],[174.75539,-36.80101],[174.75548,-36.80105],[174.75571,-36.80132],[174.75592,-36.80179],[174.75636,-36.80234],[174.7565,-36.80245],[174.75667,-36.80256],[174.75678,-36.80261],[174.75701,-36.80265],[174.75758,-36.80291],[174.75795,-36.80324],[174.75816,-36.80347],[174.75836,-36.80381],[174.75853,-36.80406],[174.75862,-36.80416],[174.75865,-36.80418],[174.75879,-36.80429],[174.7589,-36.80432],[174.75904,-36.80437],[174.75932,-36.80436],[174.7595,-36.80426],[174.75961,-36.80417],[174.75971,-36.80412],[174.75976,-36.8041],[174.75983,-36.8041],[174.75995,-36.80412],[174.76,-36.80413],[174.76002,-36.80412],[174.76004,-36.80412],[174.76006,-36.80413],[174.76005,-36.80415],[174.76002,-36.8042],[174.76005,-36.80423],[174.7605,-36.80437]]}},{"type":"Feature","properties":{"kind":"coastline"},"geometry":{"type":"LineString","coordinates":[[174.79366,-36.84992],[174.79377,-36.84985],[174.7938,-36.84984],[174.79398,-36.84968],[174.79402,-36.84964],[174.79402,-36.8496],[174.79401,-36.84954],[174.79398,-36.8495],[174.7939,-36.84942],[174.79383,-36.84936],[174.79378,-36.84931],[174.79369,-36.84926],[174.79362,-36.84919],[174.79345,-36.84905],[174.79334,-36.84896],[174.79316,-36.8488],[174.79307,-36.84873],[174.79292,-36.84863],[174.79266,-36.84846],[174.79248,-36.84835],[174.79232,-36.84825],[174.79206,-36.84813],[174.79191,-36.84808],[174.79174,-36.84801],[174.79172,-36.84804],[174.79157,-36.84798],[174.79118,-36.84786],[174.791,-36.84783],[174.79069,-36.84776],[174.79036,-36.84772],[174.7899,-36.84768],[174.78958,-36.84767],[174.78938,-36.84767],[174.78932,-36.84763],[174.78913,-36.84744],[174.78893,-36.84724],[174.78892,-36.84722],[174.78886,-36.84717],[174.7888,-36.84712],[174.78875,-36.84708],[174.78877,-36.84707],[174.78878,-36.84708],[174.78885,-36.84703],[174.78889,-36.84699],[174.78891,-36.84695],[174.78891,-36.84692],[174.78891,-36.8469],[174.78889,-36.84685],[174.78885,-36.84681],[174.7888,-36.84678],[174.78874,-36.84677],[174.78868,-36.84677],[174.78862,-36.84679],[174.78858,-36.84682],[174.78855,-36.84686],[174.78854,-36.84688],[174.78854,-36.84687],[174.78853,-36.84687],[174.78851,-36.84687],[174.78845,-36.84681],[174.7884,-36.8467],[174.78839,-36.84667],[174.78837,-36.84665],[174.78835,-36.84663],[174.78831,-36.8466],[174.78826,-36.84658],[174.78821,-36.84657],[174.78817,-36.84656],[174.78807,-36.84644],[174.78808,-36.84643],[174.78774,-36.84611],[174.78763,-36.846],[174.78761,-36.84598],[174.78761,-36.84595],[174.78762,-36.84593],[174.78791,-36.84528],[174.78819,-36.84468],[174.78858,-36.84379],[174.7886,-36.84373],[174.7886,-36.84369],[174.78836,-36.8428],[174.78825,-36.84237]]}},{"type":"Feature","properties":{"kind":"coastline"},"geometry":{"type":"LineString","coordinates":[[174.80408,-36.8531],[174.80408,-36.85307],[174.80408,-36.85306],[174.80408,-36.85305],[174.80405,-36.85298],[174.80403,-36.85292],[174.80402,-36.8529],[174.80402,-36.85288],[174.804,-36.85285],[174.80387,-36.85285],[174.8038,-36.85289],[174.80373,-36.85293],[174.80361,-36.85296],[174.80337,-36.85301],[174.80283,-36.8531],[174.80244,-36.85314],[174.80208,-36.85317],[174.80141,-36.85319],[174.801,-36.85317],[174.80044,-36.85312],[174.79985,-36.85304],[174.79931,-36.85293],[174.79886,-36.8528],[174.79846,-36.85266],[174.79804,-36.85251],[174.79756,-36.8523],[174.79706,-36.85206],[174.79667,-36.85183],[174.79616,-36.85148],[174.79575,-36.85115],[174.79512,-36.85059],[174.79437,-36.84996],[174.79434,-36.84994],[174.79432,-36.84994],[174.7943,-36.84995],[174.79427,-36.84995],[174.79425,-36.84997],[174.79418,-36.85002],[174.79412,-36.85007],[174.7941,-36.85009],[174.79403,-36.85014],[174.79404,-36.85015],[174.79403,-36.85016],[174.794,-36.85018],[174.79399,-36.85019],[174.79395,-36.85016],[174.79394,-36.85018]]}},{"type":"Feature","properties":{"kind":"coastline"},"geometry":{"type":"LineString","coordinates":[[174.7911,-36.84881],[174.791,-36.84928],[174.79002,-36.84972],[174.78994,-36.84974],[174.78955,-36.84971],[174.78899,-36.84976],[174.78896,-36.84976],[174.78889,-36.84976],[174.78888,-36.84976],[174.78871,-36.84983],[174.7887,-36.84984],[174.78868,-36.84985],[174.78867,-36.84986],[174.78866,-36.84987],[174.78862,-36.84992],[174.78861,-36.84993],[174.7886,-36.84993],[174.78858,-36.84993],[174.78851,-36.84993],[174.7884,-36.84985],[174.788,-36.8496],[174.78795,-36.84957],[174.78792,-36.84953],[174.78788,-36.84948],[174.78776,-36.84929],[174.78771,-36.84925],[174.78769,-36.84919],[174.78767,-36.84911],[174.78768,-36.84904],[174.78729,-36.84857],[174.78722,-36.84849],[174.78718,-36.84844],[174.78712,-36.84839],[174.78715,-36.84835],[174.78726,-36.8483],[174.78739,-36.84827],[174.78754,-36.84826],[174.78789,-36.84821],[174.78814,-36.8482],[174.78873,-36.84816],[174.78914,-36.84814],[174.78962,-36.84812],[174.79,-36.84813],[174.79027,-36.84815],[174.79067,-36.84821],[174.79098,-36.84828],[174.79099,-36.84832],[174.79117,-36.84837]]}},{"type":"Feature","properties":{"kind":"coastline"},"geometry":{"type":"LineString","coordinates":[[174.79261,-36.84908],[174.79288,-36.8493],[174.79341,-36.84981],[174.79347,-36.84987],[174.79352,-36.8499],[174.79357,-36.84992],[174.79362,-36.84993],[174.79366,-36.84992]]}},{"type":"Feature","properties":{"kind":"coastline"},"geometry":{"type":"LineString","coordinates":[[174.81052,-36.84935],[174.8108,-36.849],[174.8108,-36.84898],[174.8108,-36.84895],[174.8108,-36.84893],[174.81079,-36.84891],[174.81077,-36.84889],[174.80968,-36.84775],[174.80966,-36.84773],[174.80963,-36.8477],[174.8096,-36.84768],[174.80957,-36.84767],[174.80954,-36.84767],[174.8095,-36.84766],[174.80947,-36.84767],[174.80944,-36.84767],[174.80741,-36.84826],[174.80739,-36.84827],[174.80738,-36.84828],[174.80737,-36.8483],[174.80737,-36.84831],[174.80737,-36.84833],[174.80739,-36.84836],[174.8074,-36.84837],[174.80742,-36.84837],[174.80744,-36.84837],[174.80746,-36.84837],[174.80769,-36.8483],[174.80948,-36.84777],[174.8095,-36.84777],[174.80952,-36.84778],[174.80954,-36.84779],[174.80956,-36.8478],[174.81063,-36.84891],[174.81064,-36.84893],[174.81065,-36.84895],[174.81065,-36.84896],[174.81064,-36.84898],[174.8104,-36.84928],[174.80896,-36.85095],[174.80874,-36.85126],[174.80872,-36.85128],[174.80871,-36.85135],[174.80865,-36.85137],[174.80854,-36.85153],[174.8084,-36.85165],[174.80829,-36.8517],[174.80813,-36.85177],[174.80797,-36.85182],[174.80697,-36.85209],[174.8069,-36.85209],[174.80685,-36.85207],[174.80682,-36.85206],[174.80625,-36.85219],[174.80567,-36.85233],[174.80545,-36.85239],[174.80531,-36.85244],[174.80519,-36.85248],[174.80512,-36.85251],[174.80504,-36.85253],[174.805,-36.85255],[174.80496,-36.85259],[174.80494,-36.85263],[174.80495,-36.85267],[174.80496,-36.85269],[174.80498,-36.85274],[174.80501,-36.85281],[174.80502,-36.85283],[174.80504,-36.85286]]}},{"type":"Feature","properties":{"kind":"coastline"},"geometry":{"type":"LineString","coordinates":[[174.80707,-36.85498],[174.80717,-36.85499],[174.8074,-36.85498],[174.80757,-36.85494],[174.80783,-36.85485],[174.80798,-36.8548],[174.80811,-36.85479],[174.80821,-36.85479],[174.80833,-36.85482],[174.80839,-36.85484],[174.80851,-36.85493],[174.80881,-36.85517],[174.80899,-36.85533],[174.80921,-36.85552],[174.80933,-36.8557],[174.80938,-36.85577],[174.80944,-36.85598],[174.80946,-36.8561],[174.80944,-36.85621],[174.80944,-36.8563],[174.80944,-36.85641],[174.80939,-36.85652],[174.80945,-36.85669],[174.80948,-36.85677],[174.80948,-36.85678],[174.80949,-36.85688],[174.80948,-36.85699],[174.80942,-36.85704],[174.80942,-36.85756],[174.80926,-36.8581],[174.80924,-36.85831]]}},{"type":"Feature","properties":{"kind":"coastline"},"geometry":{"type":"LineString","coordinates":[[174.79854,-36.85353],[174.7986,-36.85345],[174.79864,-36.8534],[174.79873,-36.85326],[174.79876,-36.85322],[174.79877,-36.85321],[174.79882,-36.85315],[174.79884,-36.85311],[174.79887,-36.85308],[174.79957,-36.85324],[174.79972,-36.85327],[174.79983,-36.85329],[174.79999,-36.85332],[174.80023,-36.85335],[174.80066,-36.8534],[174.80107,-36.85343],[174.80139,-36.85344],[174.80191,-36.85343],[174.80245,-36.85339],[174.80303,-36.85332],[174.80381,-36.85319],[174.80399,-36.85319],[174.80406,-36.85315],[174.80408,-36.85312],[174.80408,-36.8531]]}},{"type":"Feature","properties":{"kind":"coastline"},"geometry":{"type":"LineString","coordinates":[[174.80504,-36.85286],[174.80507,-36.85289],[174.80513,-36.8529],[174.80519,-36.85289],[174.80525,-36.85286],[174.80531,-36.85286],[174.80539,-36.85287],[174.80545,-36.8529],[174.80553,-36.85296],[174.80556,-36.85301],[174.80558,-36.85312],[174.80557,-36.85327],[174.80557,-36.85341],[174.80557,-36.85354],[174.80556,-36.85368],[174.80559,-36.8538],[174.80562,-36.85387],[174.80567,-36.85399],[174.80574,-36.85412],[174.80588,-36.85428],[174.80603,-36.8544],[174.80617,-36.85449],[174.80635,-36.85461],[174.80658,-36.85475],[174.80677,-36.85485],[174.80691,-36.85491],[174.807,-36.85496],[174.80707,-36.85498]]}},{"type":"Feature","properties":{"kind":"coastline"},"geometry":{"type":"LineString","coordinates":[[174.80924,-36.85831],[174.80927,-36.85851],[174.8093,-36.85862],[174.80939,-36.85882],[174.80945,-36.85889],[174.8102,-36.85964],[174.81123,-36.86039],[174.81134,-36.86046],[174.8114,-36.8605],[174.812,-36.86078],[174.81203,-36.8608],[174.81243,-36.86122]]}},{"type":"Feature","properties":{"kind":"coastline"},"geometry":{"type":"LineString","coordinates":[[174.79249,-36.84918],[174.79239,-36.84903],[174.79233,-36.849],[174.7923,-36.84898],[174.79219,-36.84891],[174.79138,-36.84882],[174.79134,-36.84883],[174.7911,-36.84881]]}},{"type":"Feature","properties":{"kind":"coastline"},"geometry":{"type":"LineString","coordinates":[[174.79117,-36.84837],[174.79169,-36.84854],[174.79231,-36.84886],[174.79261,-36.84908]]}},{"type":"Feature","properties":{"kind":"water"},"geometry":{"type":"Polygon","coordinates":[[[174.80218,-36.89025],[174.80219,-36.89024],[174.8022,-36.89023],[174.8022,-36.89021],[174.80219,-36.8902],[174.80218,-36.89019],[174.80217,-36.89019],[174.80215,-36.89019],[174.80214,-36.89019],[174.80213,-36.8902],[174.80213,-36.89021],[174.80212,-36.89022],[174.80212,-36.89023],[174.80213,-36.89024],[174.80214,-36.89025],[174.80215,-36.89025],[174.80216,-36.89025],[174.80218,-36.89025]]]}},{"type":"Feature","properties":{"kind":"water"},"geometry":{"type":"Polygon","coordinates":[[[174.80204,-36.8897],[174.80205,-36.8897],[174.80206,-36.8897],[174.80206,-36.88969],[174.80207,-36.88969],[174.80206,-36.88968],[174.80206,-36.88967],[174.80205,-36.88967],[174.80204,-36.88967],[174.80203,-36.88967],[174.80202,-36.88968],[174.80202,-36.88969],[174.80202,-36.8897],[174.80203,-36.8897],[174.80204,-36.8897]]]}},{"type":"Feature","properties":{"kind":"coastline"},"geometry":{"type":"LineString","coordinates":[[174.81799,-36.86561],[174.818,-36.86559],[174.81802,-36.86557],[174.81804,-36.86554],[174.81804,-36.86553],[174.81805,-36.86552],[174.81811,-36.86541],[174.81807,-36.86538],[174.81791,-36.86534],[174.8177,-36.86529],[174.8175,-36.86522],[174.81714,-36.86505],[174.81633,-36.8648],[174.81605,-36.8647],[174.8152,-36.86436],[174.81463,-36.86418],[174.81393,-36.8639],[174.81356,-36.86377],[174.8132,-36.86364],[174.81293,-36.86353],[174.8128,-36.86346],[174.81273,-36.86343],[174.81264,-36.86342],[174.81257,-36.86335],[174.81244,-36.86333],[174.81231,-36.86328],[174.81215,-36.86319],[174.81205,-36.86316],[174.81192,-36.86309],[174.81191,-36.86305],[174.812,-36.86297],[174.81206,-36.86293],[174.81216,-36.86294],[174.81221,-36.86291],[174.81223,-36.86288],[174.81227,-36.86285],[174.81232,-36.86284],[174.8124,-36.86284],[174.81247,-36.86284],[174.81253,-36.86284],[174.81257,-36.86284],[174.81262,-36.86283],[174.81268,-36.86282],[174.81269,-36.86283],[174.8127,-36.86285],[174.81272,-36.86285],[174.81279,-36.86284],[174.81287,-36.8628],[174.81298,-36.86272],[174.81306,-36.86264],[174.81309,-36.86254],[174.81308,-36.86248],[174.81302,-36.86242],[174.81287,-36.86225],[174.81278,-36.86214],[174.81271,-36.86212],[174.81261,-36.86209],[174.81257,-36.86208],[174.81257,-36.86203],[174.81254,-36.86201],[174.81249,-36.86188],[174.81249,-36.8618],[174.81217,-36.86167]]}},{"type":"Feature","properties":{"kind":"coastline"},"geometry":{"type":"LineString","coordinates":[[174.76987,-36.84136],[174.76904,-36.84339],[174.76837,-36.84322],[174.76833,-36.84321],[174.76819,-36.84317],[174.76815,-36.84316],[174.76805,-36.84313],[174.76802,-36.84303],[174.76801,-36.84299],[174.76801,-36.84295],[174.76802,-36.84285],[174.76803,-36.84282],[174.7681,-36.84265],[174.76833,-36.84209],[174.76875,-36.84107]]}},{"type":"Feature","properties":{"kind":"coastline"},"geometry":{"type":"LineString","coordinates":[[174.74886,-36.82688],[174.74901,-36.82683],[174.74923,-36.82673],[174.74926,-36.82669],[174.7493,-36.8266],[174.74939,-36.82647],[174.74953,-36.82642],[174.74963,-36.82632],[174.74962,-36.82623],[174.74973,-36.8261],[174.74984,-36.82606],[174.74987,-36.82599],[174.7499,-36.82587],[174.74982,-36.82574],[174.74981,-36.82565],[174.74988,-36.82554],[174.74989,-36.82548],[174.74995,-36.82546],[174.75003,-36.8254],[174.75007,-36.82482],[174.74989,-36.82477],[174.74988,-36.8247],[174.75003,-36.82451],[174.74997,-36.82448],[174.75015,-36.82415],[174.75034,-36.82378],[174.75047,-36.82349],[174.7505,-36.82335],[174.75054,-36.82292],[174.75064,-36.82292],[174.75066,-36.82292],[174.75095,-36.82294],[174.75098,-36.82293],[174.75101,-36.82291],[174.75101,-36.82288],[174.75101,-36.82286],[174.75096,-36.82276],[174.75101,-36.82274],[174.75104,-36.82274],[174.75081,-36.82192],[174.75078,-36.82187],[174.75048,-36.82139],[174.75036,-36.82079]]}},{"type":"Feature","properties":{"kind":"coastline"},"geometry":{"type":"LineString","coordinates":[[174.72364,-36.82227],[174.72383,-36.8222],[174.72444,-36.82185],[174.72472,-36.82173],[174.72483,-36.82166],[174.72545,-36.82114],[174.72549,-36.82106],[174.72551,-36.82091],[174.72551,-36.82057],[174.72553,-36.82021],[174.72554,-36.82002],[174.72555,-36.81993],[174.72564,-36.81893],[174.7257,-36.81888],[174.72579,-36.81881],[174.72605,-36.81877],[174.72605,-36.81863],[174.72651,-36.81831],[174.7267,-36.81832],[174.7269,-36.81827],[174.72704,-36.81813],[174.72711,-36.8179],[174.72745,-36.81787],[174.72766,-36.81785],[174.72773,-36.81803],[174.72771,-36.81818],[174.72776,-36.81837],[174.72791,-36.8188],[174.72817,-36.81883],[174.72871,-36.81902],[174.729,-36.81923],[174.72905,-36.81926],[174.72928,-36.81927],[174.72937,-36.81931],[174.72953,-36.81931],[174.72958,-36.81934],[174.72932,-36.81966],[174.72932,-36.81971],[174.72956,-36.81982],[174.72948,-36.82008],[174.72998,-36.82047],[174.73018,-36.8206],[174.7303,-36.82076],[174.73033,-36.82107],[174.73056,-36.82125],[174.73195,-36.82183],[174.73243,-36.82227],[174.73309,-36.82254]]}},{"type":"Feature","properties":{"kind":"coastline"},"geometry":{"type":"LineString","coordinates":[[174.73309,-36.82254],[174.73319,-36.82277],[174.73329,-36.82301],[174.73336,-36.82301],[174.73359,-36.82302],[174.73362,-36.82303],[174.73366,-36.82303],[174.73367,-36.82299],[174.73367,-36.82294],[174.73367,-36.82279],[174.73365,-36.82279],[174.73365,-36.82259]]}},{"type":"Feature","properties":{"kind":"water"},"geometry":{"type":"Polygon","coordinates":[[[174.76093,-36.86702],[174.76092,-36.86701],[174.7609,-36.86701],[174.76088,-36.86701],[174.76086,-36.86701],[174.76085,-36.86702],[174.76084,-36.86704],[174.76083,-36.86705],[174.76084,-36.86706],[174.76084,-36.86708],[174.76086,-36.86709],[174.76087,-36.86709],[174.76089,-36.8671],[174.76091,-36.86709],[174.76092,-36.86709],[174.76093,-36.86708],[174.76094,-36.86706],[174.76094,-36.86705],[174.76094,-36.86704],[174.76093,-36.86702]]]}},{"type":"Feature","properties":{"kind":"water"},"geometry":{"type":"Polygon","coordinates":[[[174.761,-36.86712],[174.76099,-36.86711],[174.76097,-36.86711],[174.76095,-36.86711],[174.76094,-36.86711],[174.76093,-36.86712],[174.76092,-36.86713],[174.76092,-36.86714],[174.76092,-36.86715],[174.76093,-36.86716],[174.76094,-36.86717],[174.76095,-36.86718],[174.76096,-36.86718],[174.76098,-36.86718],[174.76099,-36.86717],[174.761,-36.86716],[174.76101,-36.86715],[174.76101,-36.86714],[174.76101,-36.86713],[174.761,-36.86712]]]}},{"type":"Feature","properties":{"kind":"water"},"geometry":{"type":"Polygon","coordinates":[[[174.76089,-36.86696],[174.76088,-36.86696],[174.76087,-36.86695],[174.76086,-36.86695],[174.76085,-36.86696],[174.76084,-36.86696],[174.76084,-36.86697],[174.76084,-36.86698],[174.76084,-36.86699],[174.76085,-36.867],[174.76086,-36.867],[174.76087,-36.867],[174.76088,-36.867],[174.76089,-36.86699],[174.76089,-36.86698],[174.7609,-36.86698],[174.76089,-36.86697],[174.76089,-36.86696]]]}},{"type":"Feature","properties":{"kind":"coastline"},"geometry":{"type":"LineString","coordinates":[[174.76194,-36.80555],[174.76191,-36.80557],[174.76191,-36.80563],[174.76188,-36.80569],[174.76165,-36.80588],[174.7616,-36.8059],[174.76132,-36.80618],[174.76128,-36.80627],[174.76123,-36.80644],[174.76122,-36.80659],[174.76125,-36.80653],[174.76127,-36.80642],[174.76132,-36.80629],[174.76138,-36.8062],[174.76145,-36.80617],[174.76168,-36.80599],[174.76193,-36.80581],[174.76202,-36.80571],[174.76204,-36.80566],[174.76202,-36.80558],[174.76198,-36.80555],[174.76194,-36.80555]]}},{"type":"Feature","properties":{"kind":"coastline"},"geometry":{"type":"LineString","coordinates":[[174.76205,-36.80521],[174.76204,-36.80523],[174.76202,-36.80528],[174.76199,-36.80534],[174.76193,-36.80538],[174.76187,-36.80541],[174.76179,-36.80542],[174.76175,-36.80543],[174.76175,-36.80545],[174.76178,-36.80546],[174.76182,-36.80546],[174.76189,-36.80544],[174.76191,-36.80546],[174.76194,-36.80545],[174.76196,-36.80542],[174.762,-36.80538],[174.76205,-36.80534],[174.76206,-36.80528],[174.76207,-36.80525],[174.76207,-36.80523],[174.76207,-36.80522],[174.76205,-36.80521]]}},{"type":"Feature","properties":{"name":"New Zealand longfin eel","kind":"water"},"geometry":{"type":"Polygon","coordinates":[[[174.72123,-36.86175],[174.72119,-36.86178],[174.72118,-36.8618],[174.72119,-36.86186],[174.72123,-36.8619],[174.72129,-36.86191],[174.72134,-36.86188],[174.72135,-36.86184],[174.72136,-36.86179],[174.72133,-36.86176],[174.72129,-36.86174],[174.72123,-36.86175]]]}},{"type":"Feature","properties":{"kind":"water"},"geometry":{"type":"Polygon","coordinates":[[[174.79585,-36.86966],[174.79582,-36.86961],[174.79582,-36.86951],[174.79583,-36.8691],[174.79585,-36.86865],[174.79588,-36.86792],[174.79587,-36.86781],[174.79585,-36.86776],[174.79584,-36.86768],[174.79586,-36.86763],[174.79586,-36.86741],[174.79589,-36.86675],[174.79591,-36.86661],[174.79595,-36.86659],[174.79601,-36.86659],[174.79604,-36.86663],[174.796,-36.86698],[174.796,-36.86713],[174.796,-36.86723],[174.79603,-36.86735],[174.79603,-36.8676],[174.796,-36.86824],[174.79597,-36.86903],[174.79594,-36.8696],[174.79593,-36.86968],[174.79592,-36.86977],[174.79592,-36.86985],[174.79592,-36.86989],[174.79586,-36.86987],[174.79585,-36.8698],[174.79586,-36.86976],[174.79585,-36.86966]]]}},{"type":"Feature","properties":{"kind":"coastline"},"geometry":{"type":"LineString","coordinates":[[174.7467,-36.82648],[174.74671,-36.82653],[174.74679,-36.82658],[174.74733,-36.82659],[174.74733,-36.82665],[174.74736,-36.82671],[174.74745,-36.82675],[174.74754,-36.82676],[174.74764,-36.82677],[174.74769,-36.82682],[174.74772,-36.82689],[174.7477,-36.82697],[174.74759,-36.82712],[174.74757,-36.82721],[174.7476,-36.8273],[174.74765,-36.82734],[174.74776,-36.82737],[174.74788,-36.82736],[174.74806,-36.82732],[174.74823,-36.82726],[174.74838,-36.82718],[174.74844,-36.82709],[174.74859,-36.827],[174.74886,-36.82688]]}},{"type":"Feature","properties":{"kind":"coastline"},"geometry":{"type":"LineString","coordinates":[[174.76769,-36.81852],[174.76679,-36.8186]]}},{"type":"Feature","properties":{"kind":"coastline"},"geometry":{"type":"LineString","coordinates":[[174.75111,-36.81724],[174.7512,-36.81692],[174.75118,-36.81657],[174.75119,-36.81628],[174.75126,-36.81587],[174.75138,-36.81546],[174.75146,-36.81525],[174.75155,-36.81507],[174.75153,-36.81503],[174.75159,-36.81494],[174.75166,-36.81485]]}},{"type":"Feature","properties":{"kind":"water"},"geometry":{"type":"Polygon","coordinates":[[[174.72145,-36.87417],[174.72143,-36.87423],[174.72149,-36.87423],[174.72153,-36.87423],[174.7216,-36.87425],[174.72166,-36.87428],[174.72171,-36.87432],[174.72216,-36.87475],[174.72218,-36.87473],[174.72219,-36.87473],[174.72171,-36.87427],[174.72169,-36.87425],[174.72164,-36.87422],[174.72152,-36.87419],[174.72149,-36.87419],[174.72145,-36.87417]]]}},{"type":"Feature","properties":{"kind":"water"},"geometry":{"type":"Polygon","coordinates":[[[174.72029,-36.87356],[174.72027,-36.87356],[174.72025,-36.87357],[174.72024,-36.87359],[174.72024,-36.87361],[174.72025,-36.87363],[174.72027,-36.87364],[174.72029,-36.87365],[174.72032,-36.87364],[174.72034,-36.87363],[174.72035,-36.87361],[174.72035,-36.87359],[174.72034,-36.87357],[174.72032,-36.87356],[174.72029,-36.87356]]]}},{"type":"Feature","properties":{"kind":"water"},"geometry":{"type":"Polygon","coordinates":[[[174.72233,-36.87492],[174.72235,-36.8749],[174.72237,-36.8749],[174.72271,-36.87521],[174.72276,-36.87524],[174.7231,-36.87527],[174.7231,-36.87528],[174.7231,-36.87529],[174.72273,-36.87526],[174.72269,-36.87525],[174.72233,-36.87492]]]}},{"type":"Feature","properties":{"kind":"water"},"geometry":{"type":"Polygon","coordinates":[[[174.76636,-36.85064],[174.76639,-36.85058],[174.76637,-36.85062],[174.76638,-36.85062],[174.76637,-36.85064],[174.76636,-36.85064]]]}},{"type":"Feature","properties":{"kind":"coastline"},"geometry":{"type":"LineString","coordinates":[[174.76143,-36.84192],[174.76144,-36.84188],[174.76164,-36.84193]]}},{"type":"Feature","properties":{"kind":"coastline"},"geometry":{"type":"LineString","coordinates":[[174.75852,-36.84348],[174.7576,-36.84324],[174.75761,-36.84323],[174.75761,-36.84322],[174.75762,-36.84321],[174.75792,-36.84245],[174.75793,-36.84244],[174.75794,-36.84242],[174.75797,-36.84242],[174.75833,-36.84252],[174.75865,-36.8426],[174.75879,-36.84224],[174.75906,-36.84157],[174.75908,-36.84154],[174.75909,-36.84151],[174.75909,-36.8415],[174.7591,-36.84149],[174.7591,-36.84148],[174.75911,-36.84147],[174.75911,-36.84146],[174.75912,-36.84144],[174.75911,-36.84143],[174.7592,-36.8412],[174.75922,-36.84114],[174.75924,-36.84114],[174.75925,-36.84115],[174.75926,-36.84115],[174.75927,-36.84115],[174.75928,-36.84116],[174.75929,-36.84116],[174.75931,-36.84116],[174.75932,-36.84116],[174.75933,-36.84117],[174.75934,-36.84117],[174.75935,-36.84117],[174.75936,-36.84117],[174.75937,-36.84118],[174.75938,-36.84118],[174.75948,-36.84121]]}},{"type":"Feature","properties":{"kind":"coastline"},"geometry":{"type":"LineString","coordinates":[[174.75918,-36.84366],[174.75906,-36.84397],[174.759,-36.8441],[174.759,-36.84411],[174.75899,-36.84412],[174.75866,-36.84495],[174.75866,-36.84496],[174.75865,-36.84497],[174.75861,-36.84508],[174.75858,-36.8451],[174.75816,-36.84517],[174.75812,-36.84516],[174.75788,-36.8451],[174.75787,-36.84508],[174.75805,-36.84464],[174.75799,-36.84463],[174.75801,-36.84458],[174.75807,-36.84459],[174.75852,-36.84348]]}},{"type":"Feature","properties":{"kind":"water"},"geometry":{"type":"Polygon","coordinates":[[[174.76904,-36.84932],[174.76904,-36.84933],[174.76905,-36.84933],[174.76906,-36.84933],[174.76906,-36.84932],[174.76907,-36.84931],[174.76906,-36.84931],[174.76906,-36.8493],[174.76905,-36.8493],[174.76904,-36.8493],[174.76904,-36.84931],[174.76903,-36.84931],[174.76903,-36.84932],[174.76904,-36.84932]]]}},{"type":"Feature","properties":{"kind":"water"},"geometry":{"type":"Polygon","coordinates":[[[174.80864,-36.89059],[174.80861,-36.89055],[174.8086,-36.89052],[174.80869,-36.88989],[174.80869,-36.88979],[174.80869,-36.8891],[174.80871,-36.88905],[174.80874,-36.88902],[174.80891,-36.88897],[174.80919,-36.88893],[174.80926,-36.88895],[174.8093,-36.88898],[174.80933,-36.88901],[174.80935,-36.88905],[174.80942,-36.88953],[174.80939,-36.88977],[174.80934,-36.89004],[174.80927,-36.89023],[174.80915,-36.8904],[174.80901,-36.89055],[174.80895,-36.89059],[174.80888,-36.89063],[174.80886,-36.89064],[174.80877,-36.89065],[174.80873,-36.89064],[174.8087,-36.89063],[174.80864,-36.89059]]]}},{"type":"Feature","properties":{"kind":"water"},"geometry":{"type":"Polygon","coordinates":[[[174.79451,-36.87463],[174.7945,-36.87462],[174.79451,-36.87461],[174.7945,-36.8746],[174.79449,-36.87459],[174.7945,-36.87458],[174.79451,-36.87458],[174.79454,-36.87458],[174.79455,-36.87458],[174.79455,-36.87459],[174.79456,-36.8746],[174.79455,-36.87461],[174.79455,-36.87462],[174.79454,-36.87463],[174.79453,-36.87463],[174.79451,-36.87463]]]}},{"type":"Feature","properties":{"kind":"coastline"},"geometry":{"type":"LineString","coordinates":[[174.76247,-36.84055],[174.76253,-36.84056],[174.76252,-36.8406],[174.76254,-36.8406],[174.76255,-36.84059],[174.76255,-36.84058],[174.76256,-36.84057],[174.7632,-36.84074],[174.7632,-36.84079],[174.76321,-36.84079],[174.76322,-36.84079],[174.76325,-36.84079],[174.76315,-36.84197],[174.76314,-36.84201],[174.7631,-36.84205],[174.76306,-36.84203],[174.76306,-36.84204],[174.76305,-36.84204],[174.76305,-36.84205],[174.76305,-36.84206],[174.76205,-36.8418],[174.76206,-36.84179],[174.76207,-36.84179],[174.76207,-36.84178],[174.76207,-36.84177],[174.76204,-36.84176],[174.76202,-36.84179],[174.76192,-36.84176],[174.76191,-36.84178],[174.76187,-36.84189],[174.76183,-36.84198]]}},{"type":"Feature","properties":{"kind":"coastline"},"geometry":{"type":"LineString","coordinates":[[174.7605,-36.84148],[174.76031,-36.84165],[174.7603,-36.84169],[174.76032,-36.84173],[174.76036,-36.84176],[174.76037,-36.84177],[174.76038,-36.84177],[174.76133,-36.84195],[174.76135,-36.84195],[174.76139,-36.84196],[174.76141,-36.84196],[174.76143,-36.84192]]}},{"type":"Feature","properties":{"kind":"coastline"},"geometry":{"type":"LineString","coordinates":[[174.75948,-36.84121],[174.75949,-36.84118],[174.7595,-36.84116],[174.75951,-36.84113],[174.75947,-36.84112],[174.75952,-36.84108],[174.75962,-36.84099],[174.75965,-36.84096],[174.75966,-36.84095],[174.75967,-36.84095],[174.75968,-36.84094],[174.75968,-36.84093],[174.75982,-36.84081],[174.76028,-36.8404],[174.76028,-36.84039],[174.76029,-36.84038],[174.7605,-36.8402],[174.76055,-36.84021],[174.76056,-36.84022],[174.76185,-36.84056],[174.76186,-36.84056],[174.76188,-36.84057],[174.7618,-36.84079],[174.7619,-36.84081],[174.76204,-36.84046]]}},{"type":"Feature","properties":{"kind":"water"},"geometry":{"type":"Polygon","coordinates":[[[174.78571,-36.87086],[174.78567,-36.87093],[174.78572,-36.87095],[174.78576,-36.87087],[174.78571,-36.87086]]]}}]}