{"type":"FeatureCollection","name":"auckland_osm_landuse","provenance":"Observed","source":"OpenStreetMap via Overpass API","license":"ODbL 1.0","source_feature_count":1452,"kept_feature_count":1251,"features":[{"type":"Feature","properties":{"name":"Pigeon Park","kind":"park"},"geometry":{"type":"Polygon","coordinates":[[[174.7632,-36.85878],[174.7625,-36.8585],[174.76266,-36.85822],[174.76321,-36.85842],[174.76323,-36.85843],[174.76325,-36.85845],[174.76327,-36.85847],[174.76328,-36.85847],[174.76329,-36.85849],[174.7633,-36.85851],[174.7633,-36.85852],[174.76331,-36.85854],[174.76331,-36.85857],[174.7633,-36.8586],[174.7632,-36.85878]]]}},{"type":"Feature","properties":{"name":"Basque Park","kind":"park"},"geometry":{"type":"Polygon","coordinates":[[[174.75734,-36.86477],[174.75742,-36.86477],[174.75754,-36.86479],[174.75765,-36.86475],[174.75772,-36.86487],[174.7578,-36.86502],[174.75788,-36.86515],[174.75813,-36.8652],[174.75817,-36.86511],[174.75826,-36.86513],[174.7583,-36.86514],[174.75832,-36.86515],[174.75842,-36.86517],[174.75852,-36.8652],[174.75856,-36.86521],[174.75859,-36.86522],[174.75868,-36.86496],[174.75873,-36.8649],[174.75886,-36.86452],[174.75885,-36.86449],[174.75846,-36.86437],[174.75767,-36.86419],[174.75764,-36.86418],[174.75763,-36.86415],[174.75762,-36.86413],[174.75762,-36.86411],[174.75764,-36.86405],[174.75765,-36.86402],[174.75757,-36.864],[174.75764,-36.8638],[174.7571,-36.86368],[174.75677,-36.86361],[174.75669,-36.86392],[174.75642,-36.86384],[174.75633,-36.86381],[174.75627,-36.86391],[174.75628,-36.86394],[174.75633,-36.86393],[174.75633,-36.86395],[174.75633,-36.86397],[174.75633,-36.86399],[174.75632,-36.86401],[174.7563,-36.86403],[174.75629,-36.86404],[174.75627,-36.86405],[174.75626,-36.86406],[174.75624,-36.86407],[174.75622,-36.86403],[174.75616,-36.86406],[174.75679,-36.86434],[174.75646,-36.86455],[174.75646,-36.8647],[174.75645,-36.86473],[174.75648,-36.86475],[174.7566,-36.86476],[174.75662,-36.86476],[174.75682,-36.86496],[174.75681,-36.86497],[174.75677,-36.86496],[174.75676,-36.86498],[174.75679,-36.865],[174.7568,-36.865],[174.75693,-36.86491],[174.7571,-36.86493],[174.75712,-36.86476],[174.75734,-36.86477]]]}},{"type":"Feature","properties":{"name":"Pukekawa / Auckland Domain","kind":"park"},"geometry":{"type":"Polygon","coordinates":[[[174.77675,-36.85368],[174.77666,-36.85381],[174.77642,-36.85406],[174.77636,-36.85413],[174.77627,-36.85408],[174.77605,-36.85431],[174.77523,-36.85381],[174.77529,-36.85375],[174.77527,-36.85374],[174.77515,-36.85366],[174.77511,-36.8537],[174.77504,-36.85379],[174.7749,-36.85379],[174.77456,-36.85357],[174.77387,-36.85427],[174.77389,-36.85455],[174.77286,-36.85465],[174.77249,-36.85453],[174.77231,-36.85443],[174.77223,-36.85458],[174.77213,-36.85455],[174.77206,-36.85453],[174.772,-36.85455],[174.77197,-36.85457],[174.77183,-36.85475],[174.77172,-36.85487],[174.77163,-36.85496],[174.77146,-36.85512],[174.77161,-36.85518],[174.77154,-36.85527],[174.77191,-36.85559],[174.77191,-36.8556],[174.77132,-36.85628],[174.77139,-36.85636],[174.77141,-36.85639],[174.77223,-36.8565],[174.77241,-36.85712],[174.77257,-36.85734],[174.7728,-36.85781],[174.7731,-36.85813],[174.77331,-36.85889],[174.77305,-36.85891],[174.77296,-36.85892],[174.77289,-36.85893],[174.77259,-36.85891],[174.77208,-36.85912],[174.77202,-36.85916],[174.77176,-36.85977],[174.77154,-36.86031],[174.7714,-36.8607],[174.77138,-36.86087],[174.77128,-36.8612],[174.77093,-36.86172],[174.77061,-36.86179],[174.77053,-36.86181],[174.77072,-36.86236],[174.7712,-36.86371],[174.77126,-36.86391],[174.77129,-36.86394],[174.77131,-36.86396],[174.77134,-36.86398],[174.77137,-36.86401],[174.77139,-36.86402],[174.77143,-36.86405],[174.77147,-36.86407],[174.77391,-36.86456],[174.77395,-36.86457],[174.77399,-36.86455],[174.774,-36.86454],[174.77405,-36.86453],[174.77507,-36.86414],[174.77614,-36.86352],[174.77679,-36.86319],[174.77706,-36.8632],[174.77737,-36.86325],[174.77805,-36.86338],[174.7798,-36.86179],[174.77921,-36.86137],[174.77924,-36.86135],[174.77983,-36.86082],[174.78041,-36.86121],[174.78042,-36.86122],[174.78082,-36.86097],[174.78062,-36.86063],[174.78036,-36.86018],[174.7804,-36.86017],[174.78009,-36.85961],[174.77826,-36.85635],[174.77823,-36.85641],[174.77817,-36.85644],[174.77815,-36.85647],[174.7781,-36.85647],[174.7781,-36.85639],[174.77813,-36.85634],[174.77818,-36.85634],[174.77803,-36.85608],[174.77789,-36.85577],[174.77786,-36.8557],[174.77736,-36.85482],[174.77732,-36.85475],[174.77715,-36.85445],[174.77709,-36.85427],[174.77703,-36.85416],[174.77697,-36.8541],[174.77692,-36.85401],[174.77675,-36.85368]]]}},{"type":"Feature","properties":{"name":"Fraser Park","kind":"park"},"geometry":{"type":"Polygon","coordinates":[[[174.77713,-36.85063],[174.77652,-36.85124],[174.77806,-36.85186],[174.7781,-36.85185],[174.77734,-36.85063],[174.77731,-36.85059],[174.77728,-36.85057],[174.77724,-36.85058],[174.7772,-36.85059],[174.77713,-36.85063]]]}},{"type":"Feature","properties":{"name":"Tuna Mau / Western Park","kind":"park"},"geometry":{"type":"Polygon","coordinates":[[[174.7537,-36.85511],[174.75345,-36.85594],[174.75332,-36.85615],[174.75287,-36.85629],[174.75304,-36.85663],[174.75254,-36.85674],[174.75259,-36.85725],[174.75247,-36.85737],[174.75248,-36.85772],[174.7523,-36.85779],[174.75232,-36.85782],[174.75229,-36.85784],[174.75236,-36.85795],[174.75237,-36.85797],[174.75214,-36.85806],[174.75189,-36.85767],[174.75144,-36.85788],[174.75098,-36.85806],[174.75121,-36.85843],[174.751,-36.85851],[174.75098,-36.85852],[174.75095,-36.85852],[174.7509,-36.85852],[174.75085,-36.85851],[174.75079,-36.8585],[174.75068,-36.85844],[174.74946,-36.85777],[174.74944,-36.85776],[174.74957,-36.85744],[174.75002,-36.85766],[174.75019,-36.85744],[174.75047,-36.8567],[174.75086,-36.85607],[174.75124,-36.85563],[174.75133,-36.85556],[174.75201,-36.85504],[174.75219,-36.85494],[174.7522,-36.85494],[174.75255,-36.85476],[174.75297,-36.85457],[174.75376,-36.85494],[174.7537,-36.85511]]]}},{"type":"Feature","properties":{"name":"Waiatarau / Victoria Park","kind":"park"},"geometry":{"type":"Polygon","coordinates":[[[174.75335,-36.84799],[174.75346,-36.84799],[174.75352,-36.84799],[174.75362,-36.84799],[174.75507,-36.84801],[174.7552,-36.84801],[174.75547,-36.84801],[174.75547,-36.84799],[174.75556,-36.84799],[174.7557,-36.84799],[174.75569,-36.848],[174.75597,-36.848],[174.75608,-36.84798],[174.75613,-36.84796],[174.75618,-36.84793],[174.7562,-36.84792],[174.75623,-36.8479],[174.75627,-36.84786],[174.75629,-36.84781],[174.75637,-36.84642],[174.75637,-36.84633],[174.75636,-36.84631],[174.75634,-36.84626],[174.75631,-36.84622],[174.75626,-36.84618],[174.75618,-36.84613],[174.75606,-36.84609],[174.75462,-36.84575],[174.75419,-36.84564],[174.75418,-36.84564],[174.75401,-36.84559],[174.75396,-36.84558],[174.75395,-36.84557],[174.75392,-36.84556],[174.75391,-36.84555],[174.75388,-36.84555],[174.75374,-36.8455],[174.75352,-36.84544],[174.75312,-36.84533],[174.75308,-36.84532],[174.75307,-36.84533],[174.75305,-36.84533],[174.75305,-36.84534],[174.75208,-36.84686],[174.75207,-36.84688],[174.75207,-36.84689],[174.75178,-36.84733],[174.75139,-36.84795],[174.75138,-36.84798],[174.75138,-36.848],[174.7514,-36.84801],[174.75141,-36.84802],[174.75143,-36.84802],[174.75146,-36.84802],[174.75162,-36.84802],[174.75209,-36.84797],[174.75259,-36.84798],[174.75266,-36.84798],[174.75279,-36.84798],[174.75335,-36.84799]]]}},{"type":"Feature","properties":{"name":"Arch Hill Scenic Reserve","kind":"park"},"geometry":{"type":"Polygon","coordinates":[[[174.7459,-36.86789],[174.74573,-36.86793],[174.7457,-36.86786],[174.74504,-36.86814],[174.74509,-36.86823],[174.74486,-36.86831],[174.74482,-36.86825],[174.7449,-36.86822],[174.74488,-36.86819],[174.74455,-36.8683],[174.74443,-36.86807],[174.74414,-36.86818],[174.74411,-36.86819],[174.74399,-36.86827],[174.74381,-36.86831],[174.74371,-36.86822],[174.74354,-36.86825],[174.74284,-36.86685],[174.74284,-36.86741],[174.74293,-36.86756],[174.7428,-36.86758],[174.74223,-36.86792],[174.74162,-36.86781],[174.74127,-36.86786],[174.74099,-36.86786],[174.74066,-36.8679],[174.74062,-36.8679],[174.74035,-36.86774],[174.73999,-36.86766],[174.73981,-36.86762],[174.7398,-36.86774],[174.73948,-36.86768],[174.73943,-36.86767],[174.73933,-36.86765],[174.73918,-36.86763],[174.73892,-36.86747],[174.73866,-36.86731],[174.73857,-36.86719],[174.73895,-36.86702],[174.73891,-36.86699],[174.73873,-36.86706],[174.73851,-36.86715],[174.73819,-36.86717],[174.73744,-36.86705],[174.73699,-36.86664],[174.73661,-36.86616],[174.73629,-36.86602],[174.73598,-36.86612],[174.7356,-36.86611],[174.73569,-36.86641],[174.73565,-36.86667],[174.73545,-36.86675],[174.73517,-36.8668],[174.73505,-36.86678],[174.73488,-36.86668],[174.73478,-36.8665],[174.73482,-36.86604],[174.73462,-36.86588],[174.73451,-36.86578],[174.73432,-36.86564],[174.73418,-36.86556],[174.73412,-36.86565],[174.73426,-36.86572],[174.73441,-36.86581],[174.73448,-36.86593],[174.73444,-36.86609],[174.73468,-36.86614],[174.73471,-36.86637],[174.73471,-36.86658],[174.73473,-36.86683],[174.73493,-36.8669],[174.73522,-36.86701],[174.73555,-36.867],[174.73569,-36.86676],[174.73587,-36.86671],[174.73587,-36.86653],[174.7362,-36.8663],[174.73659,-36.86632],[174.73666,-36.86693],[174.73697,-36.86714],[174.73734,-36.86728],[174.73756,-36.8673],[174.7377,-36.86729],[174.73772,-36.86734],[174.73743,-36.86742],[174.73659,-36.86734],[174.7363,-36.86731],[174.73629,-36.86739],[174.73626,-36.86743],[174.73621,-36.86747],[174.73571,-36.86798],[174.7359,-36.86801],[174.73662,-36.86807],[174.7375,-36.86816],[174.74161,-36.86856],[174.74171,-36.86857],[174.74262,-36.86863],[174.74314,-36.86865],[174.74398,-36.86862],[174.74485,-36.86852],[174.74576,-36.86828],[174.74646,-36.86802],[174.74695,-36.86779],[174.74684,-36.86764],[174.74678,-36.86769],[174.74674,-36.86773],[174.74667,-36.86774],[174.74662,-36.86772],[174.74657,-36.86768],[174.74655,-36.86761],[174.7462,-36.86771],[174.74614,-36.86753],[174.7458,-36.86766],[174.7459,-36.86789]]]}},{"type":"Feature","properties":{"name":"School Reserve","kind":"park"},"geometry":{"type":"Polygon","coordinates":[[[174.73829,-36.87159],[174.73807,-36.87159],[174.73804,-36.87208],[174.73824,-36.87235],[174.73822,-36.87255],[174.73801,-36.8727],[174.73804,-36.87277],[174.73803,-36.87287],[174.73771,-36.87286],[174.73772,-36.87296],[174.73836,-36.87342],[174.73837,-36.87343],[174.73833,-36.87309],[174.73846,-36.87306],[174.73871,-36.87302],[174.73868,-36.87279],[174.73854,-36.87278],[174.73855,-36.87241],[174.73855,-36.87228],[174.73857,-36.87195],[174.73841,-36.87192],[174.73832,-36.87187],[174.7383,-36.87172],[174.73829,-36.87159]]]}},{"type":"Feature","properties":{"name":"Dove-Myer Robinson Park","kind":"park"},"geometry":{"type":"Polygon","coordinates":[[[174.78593,-36.84849],[174.78593,-36.8486],[174.78593,-36.84865],[174.78593,-36.84869],[174.78593,-36.84874],[174.78593,-36.84879],[174.78593,-36.8488],[174.78593,-36.84908],[174.78595,-36.8502],[174.78595,-36.85063],[174.7862,-36.85153],[174.78624,-36.85155],[174.78633,-36.8516],[174.78654,-36.85165],[174.78677,-36.85169],[174.7869,-36.85169],[174.78697,-36.85168],[174.78704,-36.85166],[174.78711,-36.85163],[174.78765,-36.85122],[174.78777,-36.8511],[174.78786,-36.85101],[174.78836,-36.85022],[174.78834,-36.85021],[174.78845,-36.85005],[174.7885,-36.84995],[174.78847,-36.84995],[174.78844,-36.84994],[174.78835,-36.84989],[174.78796,-36.84965],[174.78792,-36.84964],[174.78793,-36.84961],[174.78792,-36.84953],[174.78788,-36.84948],[174.78776,-36.84929],[174.78771,-36.84925],[174.78769,-36.84919],[174.78767,-36.84911],[174.78768,-36.84904],[174.78755,-36.84889],[174.78729,-36.84857],[174.78722,-36.84849],[174.7869,-36.84848],[174.78637,-36.84849],[174.78634,-36.8485],[174.78615,-36.84851],[174.78593,-36.84849]]]}},{"type":"Feature","properties":{"name":"Calliope Wharf","kind":"industrial"},"geometry":{"type":"Polygon","coordinates":[[[174.78608,-36.83155],[174.7862,-36.83132],[174.78432,-36.83068],[174.7829,-36.83018],[174.78295,-36.8301],[174.78429,-36.83057],[174.78542,-36.83098],[174.78555,-36.83102],[174.78556,-36.831],[174.7856,-36.83092],[174.78563,-36.83093],[174.7856,-36.83101],[174.78559,-36.83103],[174.7857,-36.83107],[174.78571,-36.83105],[174.78575,-36.83097],[174.78582,-36.83099],[174.78577,-36.83108],[174.78577,-36.83109],[174.7861,-36.83121],[174.78618,-36.83105],[174.78624,-36.83107],[174.78616,-36.83123],[174.78626,-36.83126],[174.78635,-36.83109],[174.78646,-36.83111],[174.78636,-36.8313],[174.7865,-36.83134],[174.78665,-36.83112],[174.78672,-36.8311],[174.78673,-36.83111],[174.78651,-36.83142],[174.78634,-36.83135],[174.7862,-36.8316],[174.78608,-36.83155]]]}},{"type":"Feature","properties":{"name":"Training Jetty","kind":"industrial"},"geometry":{"type":"Polygon","coordinates":[[[174.788,-36.83206],[174.78812,-36.832],[174.78714,-36.83084],[174.78703,-36.83086],[174.788,-36.83206]]]}},{"type":"Feature","properties":{"kind":"residential"},"geometry":{"type":"Polygon","coordinates":[[[174.75773,-36.85609],[174.75845,-36.85547],[174.75849,-36.85546],[174.75854,-36.85547],[174.75858,-36.85551],[174.75865,-36.856],[174.75867,-36.85613],[174.75773,-36.85609]]]}},{"type":"Feature","properties":{"name":"Emily Place Reserve","kind":"park"},"geometry":{"type":"Polygon","coordinates":[[[174.76999,-36.84688],[174.77001,-36.84685],[174.77056,-36.84658],[174.77068,-36.8466],[174.77069,-36.8466],[174.77076,-36.84663],[174.77081,-36.84681],[174.77094,-36.84713],[174.77091,-36.84715],[174.76999,-36.84688]]]}},{"type":"Feature","properties":{"name":"Blair Park","kind":"park"},"geometry":{"type":"Polygon","coordinates":[[[174.77271,-36.82755],[174.77277,-36.82751],[174.77278,-36.82751],[174.77279,-36.8275],[174.77284,-36.82748],[174.77307,-36.82787],[174.77306,-36.8279],[174.77293,-36.82795],[174.7729,-36.82793],[174.77271,-36.82755]]]}},{"type":"Feature","properties":{"name":"Melrose Reserve","kind":"park"},"geometry":{"type":"Polygon","coordinates":[[[174.79184,-36.82624],[174.79181,-36.82626],[174.79178,-36.82627],[174.79176,-36.82626],[174.79175,-36.82625],[174.79175,-36.82622],[174.79176,-36.82619],[174.79179,-36.82616],[174.79214,-36.82602],[174.7922,-36.826],[174.79225,-36.82601],[174.79229,-36.82602],[174.79232,-36.82606],[174.79234,-36.82611],[174.79234,-36.82616],[174.79238,-36.82622],[174.79247,-36.82627],[174.79254,-36.82669],[174.79321,-36.82664],[174.79333,-36.82716],[174.79282,-36.82725],[174.7926,-36.8269],[174.79223,-36.82703],[174.79188,-36.82643],[174.7919,-36.82638],[174.79193,-36.82633],[174.79184,-36.82624]]]}},{"type":"Feature","properties":{"name":"Costley Reserve","kind":"park"},"geometry":{"type":"Polygon","coordinates":[[[174.74599,-36.84924],[174.74621,-36.84922],[174.74746,-36.84913],[174.74748,-36.84913],[174.74755,-36.84922],[174.74761,-36.8493],[174.74761,-36.84933],[174.74762,-36.84939],[174.74732,-36.84941],[174.74711,-36.84954],[174.74707,-36.84955],[174.74667,-36.84959],[174.74634,-36.84959],[174.7461,-36.84962],[174.74608,-36.84957],[174.74603,-36.84939],[174.74599,-36.84924]]]}},{"type":"Feature","properties":{"name":"Tole Reserve","kind":"park"},"geometry":{"type":"Polygon","coordinates":[[[174.74041,-36.85059],[174.74092,-36.85055],[174.741,-36.85054],[174.74129,-36.85051],[174.74173,-36.85047],[174.74203,-36.85044],[174.74205,-36.85044],[174.74239,-36.85041],[174.74243,-36.85041],[174.74253,-36.85064],[174.74257,-36.85066],[174.74256,-36.85069],[174.74208,-36.85072],[174.74213,-36.85109],[174.74154,-36.85115],[174.74146,-36.85115],[174.74146,-36.85118],[174.74051,-36.85128],[174.74045,-36.85097],[174.74012,-36.851],[174.74011,-36.8509],[174.74045,-36.85087],[174.74041,-36.85059]]]}},{"type":"Feature","properties":{"name":"Brown Reserve","kind":"park"},"geometry":{"type":"Polygon","coordinates":[[[174.7453,-36.85622],[174.74554,-36.8562],[174.74564,-36.85673],[174.74538,-36.85676],[174.7453,-36.85622]]]}},{"type":"Feature","properties":{"name":"Moira Reserve","kind":"park"},"geometry":{"type":"Polygon","coordinates":[[[174.73682,-36.85298],[174.73679,-36.85266],[174.73682,-36.85266],[174.73687,-36.85305],[174.73674,-36.85361],[174.73672,-36.8536],[174.73678,-36.85329],[174.73609,-36.85304],[174.7357,-36.85291],[174.73555,-36.85317],[174.73553,-36.85316],[174.7357,-36.85285],[174.73584,-36.85245],[174.73587,-36.85245],[174.73578,-36.85275],[174.73682,-36.85298]]]}},{"type":"Feature","properties":{"name":"Alten Reserve","kind":"park"},"geometry":{"type":"Polygon","coordinates":[[[174.77363,-36.85195],[174.77355,-36.852],[174.77346,-36.85197],[174.7734,-36.8519],[174.77342,-36.85169],[174.77348,-36.85149],[174.77349,-36.85129],[174.77341,-36.85104],[174.77331,-36.85087],[174.77323,-36.85078],[174.77306,-36.85064],[174.77261,-36.85024],[174.77293,-36.84996],[174.77309,-36.84983],[174.77422,-36.85039],[174.77407,-36.85052],[174.77398,-36.85047],[174.7739,-36.85057],[174.774,-36.85062],[174.77395,-36.85069],[174.77387,-36.85082],[174.77382,-36.85109],[174.7737,-36.85157],[174.77366,-36.8518],[174.77363,-36.85195]]]}},{"type":"Feature","properties":{"name":"Parliament Reserve","kind":"park"},"geometry":{"type":"Polygon","coordinates":[[[174.77338,-36.84906],[174.77338,-36.84907],[174.77337,-36.84909],[174.77337,-36.84911],[174.77337,-36.84915],[174.77336,-36.84919],[174.77328,-36.84932],[174.77321,-36.8494],[174.77301,-36.84957],[174.773,-36.84956],[174.77302,-36.84953],[174.77303,-36.8495],[174.77302,-36.84946],[174.773,-36.84942],[174.77292,-36.84937],[174.77288,-36.84934],[174.77288,-36.84933],[174.7729,-36.84931],[174.7729,-36.84922],[174.77289,-36.84918],[174.77327,-36.84909],[174.77338,-36.84906]]]}},{"type":"Feature","properties":{"name":"Te Tao\u016b Reserve","kind":"park"},"geometry":{"type":"Polygon","coordinates":[[[174.7756,-36.84834],[174.77557,-36.84839],[174.775,-36.84858],[174.77492,-36.84861],[174.77491,-36.84859],[174.77488,-36.84858],[174.77479,-36.84833],[174.77474,-36.84821],[174.77466,-36.84805],[174.77465,-36.84803],[174.77468,-36.84802],[174.77469,-36.84801],[174.7747,-36.84798],[174.77552,-36.84795],[174.77557,-36.84799],[174.7756,-36.84834]]]}},{"type":"Feature","properties":{"kind":"residential"},"geometry":{"type":"Polygon","coordinates":[[[174.77382,-36.8453],[174.77367,-36.84541],[174.77356,-36.84568],[174.77357,-36.84568],[174.77357,-36.84569],[174.77355,-36.84573],[174.77354,-36.84576],[174.77354,-36.84578],[174.77351,-36.84584],[174.7733,-36.84634],[174.77328,-36.84638],[174.77365,-36.84648],[174.77377,-36.84652],[174.77413,-36.84661],[174.77432,-36.84667],[174.77464,-36.84676],[174.77481,-36.84634],[174.7749,-36.84611],[174.77491,-36.8461],[174.77493,-36.84604],[174.77499,-36.84588],[174.775,-36.84587],[174.77446,-36.84556],[174.77429,-36.84545],[174.77393,-36.84529],[174.77382,-36.8453]]]}},{"type":"Feature","properties":{"kind":"water"},"geometry":{"type":"Polygon","coordinates":[[[174.78343,-36.86467],[174.78337,-36.86467],[174.78332,-36.86462],[174.78327,-36.8646],[174.78325,-36.86455],[174.78327,-36.86447],[174.78332,-36.8644],[174.78343,-36.86437],[174.78349,-36.86436],[174.78354,-36.86436],[174.7836,-36.86438],[174.78367,-36.86442],[174.78368,-36.86449],[174.78365,-36.86452],[174.78358,-36.86455],[174.78353,-36.86458],[174.78352,-36.86461],[174.7835,-36.86464],[174.78347,-36.86466],[174.78343,-36.86467]]]}},{"type":"Feature","properties":{"kind":"commercial"},"geometry":{"type":"Polygon","coordinates":[[[174.78358,-36.84973],[174.7844,-36.84972],[174.7844,-36.85004],[174.78396,-36.85003],[174.78359,-36.85003],[174.78358,-36.84973]]]}},{"type":"Feature","properties":{"name":"Britomart Pavilions","kind":"retail"},"geometry":{"type":"Polygon","coordinates":[[[174.76829,-36.8446],[174.76897,-36.84478],[174.76898,-36.84478],[174.769,-36.84478],[174.76902,-36.84477],[174.76905,-36.84475],[174.76906,-36.84472],[174.76912,-36.84457],[174.76916,-36.84447],[174.76921,-36.84436],[174.76922,-36.84432],[174.7692,-36.8443],[174.76918,-36.84429],[174.76917,-36.84428],[174.76849,-36.8441],[174.76846,-36.84411],[174.76844,-36.84412],[174.76843,-36.84414],[174.76837,-36.8443],[174.76834,-36.84431],[174.76833,-36.84432],[174.76832,-36.84434],[174.76832,-36.84435],[174.76832,-36.84437],[174.76833,-36.84439],[174.76827,-36.84454],[174.76827,-36.84456],[174.76827,-36.84458],[174.76829,-36.8446]]]}},{"type":"Feature","properties":{"name":"Lumsden Green","kind":"park"},"geometry":{"type":"Polygon","coordinates":[[[174.77781,-36.86743],[174.77774,-36.86707],[174.77773,-36.86704],[174.77773,-36.867],[174.77777,-36.86702],[174.77787,-36.867],[174.77791,-36.86697],[174.77831,-36.86706],[174.77816,-36.86737],[174.77814,-36.86738],[174.77806,-36.86741],[174.77798,-36.86743],[174.7779,-36.86743],[174.77781,-36.86743]]]}},{"type":"Feature","properties":{"name":"Olympic Park","kind":"park"},"geometry":{"type":"Polygon","coordinates":[[[174.77877,-36.86514],[174.7788,-36.86515],[174.77888,-36.86519],[174.7789,-36.86521],[174.77885,-36.86536],[174.77878,-36.86558],[174.77877,-36.86562],[174.77876,-36.86567],[174.77863,-36.86565],[174.77864,-36.86563],[174.77863,-36.86561],[174.77863,-36.86559],[174.77861,-36.86557],[174.7786,-36.86556],[174.77857,-36.86554],[174.77856,-36.86553],[174.77854,-36.86552],[174.77851,-36.86552],[174.77848,-36.86553],[174.77846,-36.86553],[174.77844,-36.86554],[174.77842,-36.86555],[174.7784,-36.86556],[174.77838,-36.86558],[174.77837,-36.86559],[174.77829,-36.86557],[174.77842,-36.86545],[174.77858,-36.8653],[174.77877,-36.86514]]]}},{"type":"Feature","properties":{"kind":"park"},"geometry":{"type":"Polygon","coordinates":[[[174.74356,-36.84535],[174.7438,-36.84509],[174.74406,-36.84524],[174.74386,-36.84547],[174.74384,-36.84548],[174.74383,-36.84549],[174.74381,-36.84549],[174.74379,-36.84549],[174.74356,-36.84535]]]}},{"type":"Feature","properties":{"name":"Masefield Beach Reserve","kind":"park"},"geometry":{"type":"Polygon","coordinates":[[[174.73898,-36.84026],[174.73906,-36.84039],[174.73918,-36.84037],[174.7392,-36.84047],[174.73924,-36.84047],[174.73923,-36.84039],[174.73922,-36.84024],[174.73923,-36.84021],[174.73921,-36.84012],[174.73907,-36.84014],[174.73891,-36.84016],[174.73898,-36.84026]]]}},{"type":"Feature","properties":{"kind":"residential"},"geometry":{"type":"Polygon","coordinates":[[[174.74473,-36.87059],[174.74126,-36.87165],[174.74124,-36.87232],[174.74126,-36.87232],[174.74489,-36.8712],[174.74473,-36.87059]]]}},{"type":"Feature","properties":{"kind":"residential"},"geometry":{"type":"Polygon","coordinates":[[[174.74469,-36.87043],[174.74468,-36.87046],[174.74188,-36.87132],[174.74126,-36.87151],[174.74129,-36.87083],[174.74454,-36.86984],[174.74469,-36.87043]]]}},{"type":"Feature","properties":{"kind":"residential"},"geometry":{"type":"Polygon","coordinates":[[[174.7445,-36.8697],[174.7413,-36.87068],[174.74129,-36.87067],[174.74131,-36.86986],[174.74225,-36.86974],[174.74443,-36.86945],[174.7445,-36.8697]]]}},{"type":"Feature","properties":{"kind":"residential"},"geometry":{"type":"Polygon","coordinates":[[[174.74106,-36.87069],[174.74109,-36.86985],[174.73781,-36.86978],[174.73778,-36.87062],[174.74106,-36.87069]]]}},{"type":"Feature","properties":{"kind":"residential"},"geometry":{"type":"Polygon","coordinates":[[[174.74104,-36.87152],[174.74106,-36.87083],[174.73778,-36.87076],[174.73776,-36.87144],[174.74104,-36.87152]]]}},{"type":"Feature","properties":{"kind":"residential"},"geometry":{"type":"Polygon","coordinates":[[[174.74101,-36.87233],[174.74103,-36.87165],[174.73829,-36.87159],[174.7383,-36.87172],[174.73832,-36.87187],[174.73841,-36.87192],[174.73857,-36.87195],[174.73855,-36.87228],[174.73985,-36.87231],[174.74101,-36.87233]]]}},{"type":"Feature","properties":{"kind":"residential"},"geometry":{"type":"Polygon","coordinates":[[[174.74107,-36.86972],[174.73782,-36.86965],[174.73782,-36.86929],[174.73789,-36.8693],[174.73789,-36.86876],[174.73835,-36.8688],[174.73889,-36.86885],[174.73998,-36.86896],[174.74112,-36.86906],[174.7411,-36.8697],[174.74107,-36.86972]]]}},{"type":"Feature","properties":{"kind":"residential"},"geometry":{"type":"Polygon","coordinates":[[[174.74133,-36.86972],[174.74395,-36.86939],[174.74393,-36.86919],[174.74358,-36.86921],[174.74337,-36.86922],[174.74321,-36.86923],[174.74299,-36.86924],[174.74259,-36.86926],[174.74252,-36.86925],[174.74242,-36.86922],[174.74229,-36.86921],[174.74217,-36.86921],[174.74206,-36.86919],[174.74191,-36.86917],[174.74185,-36.86916],[174.74177,-36.86913],[174.74155,-36.86913],[174.74137,-36.86913],[174.74134,-36.86914],[174.74133,-36.86972]]]}},{"type":"Feature","properties":{"kind":"residential"},"geometry":{"type":"Polygon","coordinates":[[[174.73764,-36.86964],[174.73767,-36.86882],[174.73712,-36.86881],[174.73694,-36.86865],[174.7363,-36.8686],[174.73568,-36.86856],[174.73563,-36.86897],[174.7361,-36.86901],[174.73619,-36.86903],[174.7363,-36.86908],[174.73644,-36.8692],[174.73664,-36.86931],[174.73674,-36.86939],[174.73678,-36.8695],[174.73679,-36.86957],[174.73682,-36.86961],[174.73687,-36.86962],[174.73764,-36.86964]]]}},{"type":"Feature","properties":{"kind":"residential"},"geometry":{"type":"Polygon","coordinates":[[[174.73764,-36.86978],[174.73759,-36.87137],[174.73758,-36.87159],[174.73759,-36.87289],[174.73757,-36.8729],[174.73681,-36.87267],[174.73662,-36.8728],[174.73655,-36.87284],[174.73635,-36.87298],[174.73588,-36.87259],[174.73588,-36.87258],[174.73587,-36.87257],[174.73587,-36.87255],[174.73588,-36.87252],[174.73588,-36.87249],[174.73607,-36.87204],[174.73608,-36.87193],[174.73614,-36.87142],[174.73659,-36.8704],[174.73673,-36.86999],[174.73679,-36.86979],[174.73681,-36.86977],[174.73684,-36.86975],[174.73691,-36.86975],[174.73764,-36.86978]]]}},{"type":"Feature","properties":{"kind":"residential"},"geometry":{"type":"Polygon","coordinates":[[[174.73562,-36.86911],[174.73565,-36.8691],[174.73604,-36.86912],[174.7361,-36.86914],[174.73617,-36.86916],[174.73626,-36.86924],[174.73656,-36.86946],[174.73662,-36.86957],[174.73663,-36.86975],[174.73657,-36.87003],[174.73606,-36.87127],[174.73602,-36.8714],[174.73592,-36.87194],[174.73577,-36.87237],[174.73571,-36.87255],[174.73574,-36.87262],[174.7358,-36.87269],[174.73619,-36.87308],[174.73496,-36.87385],[174.73483,-36.87387],[174.73471,-36.87383],[174.73452,-36.87373],[174.73393,-36.87355],[174.73391,-36.87351],[174.73559,-36.86949],[174.73562,-36.86911]]]}},{"type":"Feature","properties":{"kind":"residential"},"geometry":{"type":"Polygon","coordinates":[[[174.73391,-36.87296],[174.73497,-36.8704],[174.73531,-36.86962],[174.73535,-36.86949],[174.7354,-36.86909],[174.73386,-36.86899],[174.73382,-36.86899],[174.73368,-36.86898],[174.73366,-36.86933],[174.73349,-36.86933],[174.73348,-36.86939],[174.73348,-36.86942],[174.73348,-36.86945],[174.7335,-36.86955],[174.7337,-36.87029],[174.73385,-36.87083],[174.73385,-36.87088],[174.73385,-36.87094],[174.73385,-36.87097],[174.73383,-36.87099],[174.73363,-36.87129],[174.73332,-36.87176],[174.73257,-36.87285],[174.73223,-36.87334],[174.73227,-36.87349],[174.73248,-36.8735],[174.73369,-36.8735],[174.73384,-36.87314],[174.73391,-36.87296]]]}},{"type":"Feature","properties":{"kind":"residential"},"geometry":{"type":"Polygon","coordinates":[[[174.73541,-36.86891],[174.73352,-36.86879],[174.73356,-36.86843],[174.73544,-36.86855],[174.73541,-36.86891]]]}},{"type":"Feature","properties":{"name":"Outhwaite Park","kind":"park"},"geometry":{"type":"Polygon","coordinates":[[[174.77096,-36.86414],[174.77067,-36.8651],[174.77022,-36.86504],[174.77016,-36.86503],[174.76991,-36.865],[174.76977,-36.86498],[174.77009,-36.86397],[174.77096,-36.86414]]]}},{"type":"Feature","properties":{"kind":"residential"},"geometry":{"type":"Polygon","coordinates":[[[174.76903,-36.86356],[174.76931,-36.86271],[174.76897,-36.86264],[174.76892,-36.86279],[174.76838,-36.86266],[174.76813,-36.86335],[174.76903,-36.86356]]]}},{"type":"Feature","properties":{"kind":"residential"},"geometry":{"type":"Polygon","coordinates":[[[174.76706,-36.86332],[174.7678,-36.86348],[174.76747,-36.86455],[174.76739,-36.86466],[174.76707,-36.8642],[174.76683,-36.86403],[174.76706,-36.86332]]]}},{"type":"Feature","properties":{"kind":"residential"},"geometry":{"type":"Polygon","coordinates":[[[174.7662,-36.86313],[174.76689,-36.86328],[174.76674,-36.86383],[174.76664,-36.86381],[174.76663,-36.86385],[174.76647,-36.86377],[174.7665,-36.86368],[174.76609,-36.86346],[174.7662,-36.86313]]]}},{"type":"Feature","properties":{"kind":"commercial"},"geometry":{"type":"Polygon","coordinates":[[[174.7554,-36.85987],[174.75485,-36.85873],[174.75543,-36.85855],[174.75556,-36.85881],[174.75558,-36.85885],[174.75537,-36.85892],[174.75553,-36.8593],[174.75567,-36.85926],[174.75577,-36.85947],[174.75574,-36.85954],[174.7555,-36.85984],[174.7554,-36.85987]]]}},{"type":"Feature","properties":{"kind":"retail"},"geometry":{"type":"Polygon","coordinates":[[[174.75269,-36.85953],[174.7528,-36.85952],[174.75361,-36.85887],[174.75361,-36.85885],[174.75333,-36.85864],[174.75301,-36.85889],[174.75289,-36.85899],[174.75274,-36.85911],[174.75255,-36.85936],[174.75249,-36.85942],[174.75269,-36.85953]]]}},{"type":"Feature","properties":{"kind":"retail"},"geometry":{"type":"Polygon","coordinates":[[[174.75381,-36.85878],[174.75476,-36.8585],[174.75474,-36.85821],[174.75356,-36.85858],[174.75381,-36.85878]]]}},{"type":"Feature","properties":{"name":"Aitken Reserve","kind":"park"},"geometry":{"type":"Polygon","coordinates":[[[174.75167,-36.86753],[174.75188,-36.86777],[174.75227,-36.86768],[174.75197,-36.86745],[174.75167,-36.86753]]]}},{"type":"Feature","properties":{"kind":"residential"},"geometry":{"type":"Polygon","coordinates":[[[174.75076,-36.86571],[174.75278,-36.86753],[174.75317,-36.86744],[174.7533,-36.86741],[174.75333,-36.86738],[174.75334,-36.86734],[174.75334,-36.86728],[174.75321,-36.86716],[174.75122,-36.86538],[174.75118,-36.8654],[174.75098,-36.86554],[174.75076,-36.86571]]]}},{"type":"Feature","properties":{"kind":"residential"},"geometry":{"type":"Polygon","coordinates":[[[174.75011,-36.86619],[174.75167,-36.86753],[174.75197,-36.86745],[174.75227,-36.86768],[174.75233,-36.86763],[174.75254,-36.86758],[174.75057,-36.86581],[174.75029,-36.86604],[174.75011,-36.86619]]]}},{"type":"Feature","properties":{"kind":"residential"},"geometry":{"type":"Polygon","coordinates":[[[174.75002,-36.86635],[174.74979,-36.86652],[174.74986,-36.86659],[174.74966,-36.86674],[174.74972,-36.86679],[174.75102,-36.86798],[174.75164,-36.86779],[174.75108,-36.8673],[174.75002,-36.86635]]]}},{"type":"Feature","properties":{"kind":"residential"},"geometry":{"type":"Polygon","coordinates":[[[174.74948,-36.86687],[174.74911,-36.86708],[174.74898,-36.86718],[174.74917,-36.86734],[174.75014,-36.86822],[174.75078,-36.86804],[174.74953,-36.86692],[174.74948,-36.86687]]]}},{"type":"Feature","properties":{"kind":"residential"},"geometry":{"type":"Polygon","coordinates":[[[174.74991,-36.86828],[174.74958,-36.86837],[174.74934,-36.8685],[174.74904,-36.86824],[174.74854,-36.8678],[174.74841,-36.86768],[174.74835,-36.86762],[174.74858,-36.86746],[174.7488,-36.86729],[174.74991,-36.86828]]]}},{"type":"Feature","properties":{"kind":"residential"},"geometry":{"type":"Polygon","coordinates":[[[174.74916,-36.86858],[174.74889,-36.86872],[174.74861,-36.86889],[174.74776,-36.86811],[174.748,-36.86795],[174.74794,-36.8679],[174.74818,-36.86774],[174.74916,-36.86858]]]}},{"type":"Feature","properties":{"kind":"residential"},"geometry":{"type":"Polygon","coordinates":[[[174.74759,-36.86824],[174.74875,-36.86929],[174.74855,-36.86943],[174.74849,-36.86947],[174.74814,-36.86975],[174.74668,-36.86879],[174.74664,-36.86875],[174.7468,-36.86857],[174.74699,-36.86846],[174.74708,-36.86852],[174.74729,-36.86838],[174.74759,-36.86824]]]}},{"type":"Feature","properties":{"kind":"residential"},"geometry":{"type":"Polygon","coordinates":[[[174.7476,-36.86964],[174.74729,-36.86994],[174.74688,-36.86974],[174.74674,-36.86966],[174.74658,-36.86939],[174.74673,-36.86905],[174.7476,-36.86964]]]}},{"type":"Feature","properties":{"name":"Hamilton Beach Reserve","kind":"park"},"geometry":{"type":"Polygon","coordinates":[[[174.73703,-36.84026],[174.73704,-36.84029],[174.73704,-36.8404],[174.737,-36.8405],[174.73692,-36.84056],[174.73684,-36.84059],[174.73681,-36.84061],[174.73673,-36.84063],[174.73656,-36.84057],[174.73656,-36.84051],[174.73662,-36.84047],[174.73675,-36.84038],[174.73693,-36.84019],[174.737,-36.84023],[174.73703,-36.84026]]]}},{"type":"Feature","properties":{"name":"Sentinel Beach Reserve","kind":"park"},"geometry":{"type":"Polygon","coordinates":[[[174.73517,-36.84115],[174.73526,-36.84113],[174.73535,-36.84106],[174.73533,-36.84099],[174.73515,-36.84101],[174.73486,-36.84101],[174.73468,-36.84096],[174.73441,-36.84085],[174.7343,-36.84074],[174.73419,-36.84082],[174.73423,-36.8409],[174.73432,-36.84097],[174.73439,-36.84104],[174.73449,-36.84112],[174.73464,-36.84122],[174.73465,-36.84128],[174.73474,-36.84133],[174.73482,-36.84142],[174.73493,-36.84137],[174.7349,-36.8413],[174.73506,-36.84127],[174.73517,-36.84115]]]}},{"type":"Feature","properties":{"name":"Vermont Reserve","kind":"park"},"geometry":{"type":"Polygon","coordinates":[[[174.73962,-36.85361],[174.73996,-36.85358],[174.74001,-36.85388],[174.74023,-36.85399],[174.74054,-36.85396],[174.74062,-36.85434],[174.73984,-36.85441],[174.73987,-36.85469],[174.73965,-36.8547],[174.73963,-36.85444],[174.73975,-36.85443],[174.73969,-36.85399],[174.73962,-36.85361]]]}},{"type":"Feature","properties":{"name":"Virginia Reserve","kind":"park"},"geometry":{"type":"Polygon","coordinates":[[[174.75424,-36.86456],[174.75441,-36.86444],[174.75445,-36.86442],[174.75448,-36.8644],[174.75452,-36.8644],[174.75455,-36.8644],[174.75458,-36.86442],[174.75461,-36.86444],[174.75462,-36.86446],[174.75463,-36.86449],[174.75463,-36.86451],[174.75461,-36.86456],[174.75458,-36.86464],[174.75452,-36.86467],[174.75442,-36.86469],[174.75439,-36.86471],[174.75429,-36.86461],[174.75424,-36.86456]]]}},{"type":"Feature","properties":{"name":"Suffolk Reserve","kind":"park"},"geometry":{"type":"Polygon","coordinates":[[[174.75407,-36.86312],[174.75386,-36.86327],[174.75359,-36.86349],[174.75335,-36.86369],[174.75339,-36.86371],[174.75352,-36.86362],[174.75359,-36.86369],[174.75371,-36.8636],[174.75375,-36.86363],[174.75408,-36.86339],[174.75428,-36.86359],[174.75451,-36.86342],[174.75462,-36.86332],[174.75474,-36.86342],[174.75476,-36.86335],[174.75478,-36.86322],[174.75479,-36.86307],[174.7549,-36.86306],[174.75488,-36.86294],[174.7549,-36.86287],[174.75461,-36.86268],[174.75448,-36.86273],[174.75439,-36.8628],[174.75429,-36.8629],[174.75417,-36.86299],[174.75407,-36.86312]]]}},{"type":"Feature","properties":{"kind":"retail"},"geometry":{"type":"Polygon","coordinates":[[[174.76128,-36.8578],[174.76057,-36.85781],[174.75923,-36.85761],[174.75921,-36.85759],[174.75916,-36.85733],[174.75921,-36.85732],[174.75929,-36.85731],[174.75937,-36.85732],[174.75946,-36.85735],[174.7595,-36.85737],[174.75971,-36.85735],[174.75972,-36.85734],[174.75975,-36.85722],[174.75978,-36.85709],[174.75989,-36.85717],[174.76035,-36.85724],[174.76067,-36.85729],[174.76065,-36.85743],[174.76139,-36.85762],[174.76132,-36.85778],[174.76128,-36.8578]]]}},{"type":"Feature","properties":{"kind":"retail"},"geometry":{"type":"Polygon","coordinates":[[[174.75887,-36.85755],[174.75813,-36.85746],[174.75734,-36.8577],[174.75724,-36.85747],[174.75728,-36.85745],[174.75723,-36.85734],[174.75735,-36.8573],[174.75733,-36.85724],[174.75707,-36.85732],[174.75709,-36.85737],[174.75714,-36.85736],[174.75731,-36.85771],[174.75721,-36.85774],[174.75707,-36.85746],[174.75675,-36.85755],[174.75683,-36.85771],[174.75698,-36.85766],[174.75692,-36.85755],[174.75707,-36.85751],[174.75718,-36.85775],[174.75673,-36.85788],[174.75659,-36.85757],[174.75658,-36.85754],[174.75659,-36.85752],[174.75673,-36.85715],[174.75677,-36.85709],[174.7577,-36.85681],[174.75773,-36.8568],[174.75776,-36.85681],[174.75779,-36.85682],[174.75886,-36.85733],[174.75888,-36.85753],[174.75887,-36.85755]]]}},{"type":"Feature","properties":{"kind":"retail"},"geometry":{"type":"Polygon","coordinates":[[[174.76239,-36.85784],[174.76352,-36.85827],[174.76368,-36.85801],[174.76321,-36.85784],[174.76326,-36.85774],[174.7625,-36.85747],[174.76237,-36.8578],[174.76239,-36.85784]]]}},{"type":"Feature","properties":{"name":"Thomas Bloodworth Park","kind":"park"},"geometry":{"type":"Polygon","coordinates":[[[174.7907,-36.86394],[174.79057,-36.864],[174.79053,-36.86402],[174.79045,-36.86402],[174.7903,-36.86398],[174.79013,-36.86389],[174.79004,-36.86378],[174.7899,-36.86364],[174.78972,-36.86357],[174.78946,-36.86359],[174.78924,-36.86362],[174.78888,-36.86362],[174.78859,-36.86374],[174.78842,-36.8638],[174.78818,-36.86382],[174.78808,-36.8638],[174.78795,-36.86398],[174.78782,-36.86415],[174.7878,-36.86421],[174.7878,-36.86427],[174.7878,-36.86429],[174.78783,-36.86433],[174.78821,-36.86463],[174.78823,-36.86464],[174.78844,-36.86476],[174.78846,-36.86476],[174.7885,-36.86479],[174.78851,-36.8648],[174.78878,-36.86495],[174.78879,-36.86496],[174.78892,-36.86503],[174.78907,-36.86512],[174.78914,-36.86505],[174.78921,-36.86509],[174.78915,-36.86516],[174.78922,-36.86519],[174.78937,-36.86527],[174.78953,-36.86534],[174.78965,-36.86539],[174.78978,-36.86544],[174.78985,-36.86534],[174.79021,-36.86492],[174.79036,-36.86475],[174.79058,-36.86439],[174.79061,-36.86404],[174.7907,-36.86394]]]}},{"type":"Feature","properties":{"name":"Heard Park","kind":"park"},"geometry":{"type":"Polygon","coordinates":[[[174.77981,-36.85417],[174.77998,-36.85411],[174.78009,-36.85406],[174.78031,-36.8544],[174.78026,-36.85442],[174.78026,-36.85443],[174.78015,-36.85447],[174.7802,-36.85455],[174.78007,-36.8546],[174.77981,-36.85417]]]}},{"type":"Feature","properties":{"name":"Waitaramoa Reserve","kind":"park"},"geometry":{"type":"Polygon","coordinates":[[[174.7962,-36.86448],[174.7961,-36.86443],[174.79423,-36.8651],[174.7927,-36.86514],[174.79247,-36.86532],[174.79247,-36.86558],[174.79272,-36.86548],[174.79323,-36.86551],[174.79351,-36.86579],[174.79351,-36.86606],[174.79295,-36.86636],[174.79309,-36.86652],[174.79348,-36.86677],[174.79368,-36.86706],[174.79386,-36.86741],[174.7938,-36.86784],[174.79426,-36.86789],[174.79482,-36.86794],[174.79524,-36.86798],[174.79521,-36.86805],[174.79533,-36.86807],[174.79549,-36.86809],[174.79536,-36.87001],[174.79591,-36.87],[174.796,-36.86996],[174.7962,-36.86448]]]}},{"type":"Feature","properties":{"kind":"residential"},"geometry":{"type":"Polygon","coordinates":[[[174.79161,-36.82907],[174.79254,-36.82906],[174.79198,-36.8307],[174.79138,-36.83055],[174.79159,-36.82997],[174.79159,-36.82959],[174.79161,-36.82907]]]}},{"type":"Feature","properties":{"kind":"retail"},"geometry":{"type":"Polygon","coordinates":[[[174.77897,-36.85288],[174.7793,-36.85342],[174.77994,-36.85318],[174.77964,-36.85265],[174.77897,-36.85288]]]}},{"type":"Feature","properties":{"kind":"retail"},"geometry":{"type":"Polygon","coordinates":[[[174.77899,-36.85162],[174.77837,-36.85187],[174.77894,-36.85281],[174.77897,-36.85281],[174.77958,-36.85259],[174.77942,-36.85232],[174.77923,-36.85201],[174.77899,-36.85162]]]}},{"type":"Feature","properties":{"kind":"retail"},"geometry":{"type":"Polygon","coordinates":[[[174.77934,-36.85352],[174.7797,-36.85409],[174.7807,-36.85369],[174.78047,-36.85334],[174.78031,-36.8534],[174.78016,-36.85345],[174.78014,-36.85346],[174.78,-36.85323],[174.77934,-36.85352]]]}},{"type":"Feature","properties":{"kind":"retail"},"geometry":{"type":"Polygon","coordinates":[[[174.77917,-36.85356],[174.77971,-36.85439],[174.77938,-36.85452],[174.77887,-36.85368],[174.77917,-36.85356]]]}},{"type":"Feature","properties":{"kind":"commercial"},"geometry":{"type":"Polygon","coordinates":[[[174.76005,-36.84513],[174.76065,-36.84503],[174.76063,-36.84492],[174.76072,-36.84468],[174.76114,-36.84479],[174.76118,-36.84482],[174.76118,-36.84484],[174.76118,-36.84486],[174.76102,-36.84524],[174.76101,-36.84527],[174.761,-36.84529],[174.76096,-36.84531],[174.76092,-36.84533],[174.76089,-36.84534],[174.76077,-36.84536],[174.76073,-36.84537],[174.76013,-36.84546],[174.76005,-36.84513]]]}},{"type":"Feature","properties":{"kind":"residential"},"geometry":{"type":"Polygon","coordinates":[[[174.78089,-36.86992],[174.78093,-36.86992],[174.78211,-36.87094],[174.78066,-36.87201],[174.78044,-36.87218],[174.78015,-36.87194],[174.78048,-36.87169],[174.78036,-36.87159],[174.78003,-36.87183],[174.77964,-36.8715],[174.78003,-36.8712],[174.77991,-36.8711],[174.77987,-36.87112],[174.7796,-36.87088],[174.7798,-36.87072],[174.7802,-36.87043],[174.7811,-36.87122],[174.78129,-36.87109],[174.78122,-36.87103],[174.78037,-36.87031],[174.78089,-36.86992]]]}},{"type":"Feature","properties":{"kind":"retail"},"geometry":{"type":"Polygon","coordinates":[[[174.77907,-36.8705],[174.77941,-36.8708],[174.7791,-36.87102],[174.77878,-36.87073],[174.77907,-36.8705]]]}},{"type":"Feature","properties":{"kind":"residential"},"geometry":{"type":"Polygon","coordinates":[[[174.78021,-36.86777],[174.78033,-36.86778],[174.78037,-36.86793],[174.78037,-36.86807],[174.78032,-36.86822],[174.78031,-36.86831],[174.78028,-36.86839],[174.78027,-36.86845],[174.78029,-36.86852],[174.78033,-36.86859],[174.78033,-36.86864],[174.78032,-36.86884],[174.78027,-36.86901],[174.78025,-36.86903],[174.78009,-36.86903],[174.77996,-36.86902],[174.7799,-36.8689],[174.77987,-36.86876],[174.77988,-36.86862],[174.77994,-36.86837],[174.78004,-36.86809],[174.78012,-36.86788],[174.78021,-36.86777]]]}},{"type":"Feature","properties":{"kind":"retail"},"geometry":{"type":"Polygon","coordinates":[[[174.77663,-36.86741],[174.77734,-36.86756],[174.77714,-36.8682],[174.77642,-36.86806],[174.77663,-36.86741]]]}},{"type":"Feature","properties":{"kind":"retail"},"geometry":{"type":"Polygon","coordinates":[[[174.77651,-36.8674],[174.77637,-36.86785],[174.77635,-36.86793],[174.77632,-36.86802],[174.7753,-36.86781],[174.77548,-36.86724],[174.77555,-36.8672],[174.77651,-36.8674]]]}},{"type":"Feature","properties":{"kind":"retail"},"geometry":{"type":"Polygon","coordinates":[[[174.77707,-36.86836],[174.77687,-36.86896],[174.77641,-36.86887],[174.7766,-36.86825],[174.77707,-36.86836]]]}},{"type":"Feature","properties":{"kind":"commercial"},"geometry":{"type":"Polygon","coordinates":[[[174.7766,-36.86825],[174.77613,-36.86816],[174.77524,-36.86797],[174.77507,-36.86853],[174.77507,-36.86856],[174.77509,-36.86859],[174.77511,-36.8686],[174.77538,-36.86866],[174.77538,-36.86865],[174.77539,-36.86861],[174.77545,-36.86843],[174.77548,-36.86835],[174.7756,-36.86838],[174.7755,-36.86868],[174.77584,-36.86875],[174.77641,-36.86887],[174.7766,-36.86825]]]}},{"type":"Feature","properties":{"kind":"retail"},"geometry":{"type":"Polygon","coordinates":[[[174.77745,-36.86758],[174.77775,-36.86765],[174.77789,-36.86825],[174.7779,-36.86834],[174.77763,-36.86922],[174.77698,-36.86908],[174.77745,-36.86758]]]}},{"type":"Feature","properties":{"kind":"retail"},"geometry":{"type":"Polygon","coordinates":[[[174.77766,-36.86745],[174.77739,-36.8674],[174.77638,-36.8672],[174.77655,-36.86664],[174.77755,-36.86685],[174.77759,-36.867],[174.77766,-36.86733],[174.77768,-36.86743],[174.77766,-36.86745]]]}},{"type":"Feature","properties":{"kind":"retail"},"geometry":{"type":"Polygon","coordinates":[[[174.77759,-36.86931],[174.77722,-36.87044],[174.77677,-36.87035],[174.77711,-36.86934],[174.77715,-36.86922],[174.77759,-36.86931]]]}},{"type":"Feature","properties":{"kind":"retail"},"geometry":{"type":"Polygon","coordinates":[[[174.77722,-36.86665],[174.7775,-36.86671],[174.77767,-36.86668],[174.77774,-36.8665],[174.77757,-36.86642],[174.77741,-36.86634],[174.77732,-36.86632],[174.77722,-36.86665]]]}},{"type":"Feature","properties":{"kind":"commercial"},"geometry":{"type":"Polygon","coordinates":[[[174.7725,-36.86448],[174.77233,-36.86505],[174.77265,-36.86508],[174.77263,-36.86514],[174.77301,-36.86522],[174.77303,-36.86516],[174.77584,-36.86579],[174.77596,-36.86581],[174.77615,-36.86589],[174.77625,-36.86591],[174.77625,-36.86593],[174.77638,-36.86596],[174.77659,-36.866],[174.77669,-36.86567],[174.77678,-36.86538],[174.77554,-36.86512],[174.7725,-36.86448]]]}},{"type":"Feature","properties":{"kind":"residential"},"geometry":{"type":"Polygon","coordinates":[[[174.76581,-36.86182],[174.76553,-36.8621],[174.76503,-36.86265],[174.76502,-36.86267],[174.76503,-36.86269],[174.76506,-36.8627],[174.76635,-36.86297],[174.7665,-36.8625],[174.7663,-36.86246],[174.76619,-36.86276],[174.76604,-36.86272],[174.76615,-36.86242],[174.7665,-36.8625],[174.76652,-36.86245],[174.76615,-36.86223],[174.76627,-36.8621],[174.76581,-36.86182]]]}},{"type":"Feature","properties":{"kind":"commercial"},"geometry":{"type":"Polygon","coordinates":[[[174.77694,-36.86542],[174.77726,-36.86549],[174.77791,-36.86562],[174.77792,-36.86563],[174.77755,-36.86597],[174.77768,-36.86606],[174.77789,-36.86588],[174.77794,-36.86592],[174.77785,-36.86621],[174.77761,-36.86621],[174.77756,-36.86619],[174.77755,-36.86619],[174.77737,-36.86613],[174.77734,-36.86615],[174.77709,-36.86609],[174.7771,-36.86608],[174.7768,-36.86602],[174.77677,-36.86602],[174.77694,-36.86542]]]}},{"type":"Feature","properties":{"kind":"residential"},"geometry":{"type":"Polygon","coordinates":[[[174.73394,-36.85267],[174.7346,-36.85299],[174.73462,-36.85303],[174.73437,-36.85348],[174.73432,-36.8535],[174.73408,-36.85341],[174.73317,-36.85381],[174.73311,-36.8538],[174.7327,-36.85297],[174.73272,-36.85296],[174.73273,-36.85293],[174.73272,-36.8529],[174.73386,-36.85268],[174.73394,-36.85267]]]}},{"type":"Feature","properties":{"kind":"residential"},"geometry":{"type":"Polygon","coordinates":[[[174.73483,-36.85231],[174.73475,-36.85202],[174.73474,-36.85193],[174.73469,-36.85157],[174.73204,-36.8518],[174.73208,-36.85207],[174.73257,-36.85278],[174.73483,-36.85231]]]}},{"type":"Feature","properties":{"kind":"residential"},"geometry":{"type":"Polygon","coordinates":[[[174.73484,-36.85311],[174.73488,-36.85311],[174.73663,-36.85373],[174.73636,-36.85424],[174.73459,-36.8536],[174.73458,-36.85357],[174.73484,-36.85311]]]}},{"type":"Feature","properties":{"kind":"residential"},"geometry":{"type":"Polygon","coordinates":[[[174.7351,-36.85406],[174.73597,-36.85437],[174.73555,-36.85512],[174.73481,-36.85546],[174.73456,-36.85509],[174.73436,-36.85481],[174.73431,-36.85473],[174.73482,-36.8545],[174.7351,-36.85406]]]}},{"type":"Feature","properties":{"kind":"residential"},"geometry":{"type":"Polygon","coordinates":[[[174.73491,-36.85399],[174.7342,-36.85373],[174.73412,-36.8537],[174.73408,-36.8537],[174.73405,-36.85371],[174.73371,-36.85388],[174.73396,-36.85423],[174.73379,-36.85431],[174.73405,-36.85467],[174.73469,-36.85437],[174.73491,-36.85399]]]}},{"type":"Feature","properties":{"kind":"residential"},"geometry":{"type":"Polygon","coordinates":[[[174.73759,-36.85558],[174.73768,-36.8563],[174.73925,-36.85617],[174.73914,-36.85589],[174.73876,-36.856],[174.73872,-36.85589],[174.73909,-36.85578],[174.73896,-36.85547],[174.73759,-36.85558]]]}},{"type":"Feature","properties":{"kind":"residential"},"geometry":{"type":"Polygon","coordinates":[[[174.73884,-36.8535],[174.7384,-36.85354],[174.73827,-36.85269],[174.73827,-36.85266],[174.73823,-36.85233],[174.73802,-36.85081],[174.73668,-36.85093],[174.73464,-36.85114],[174.73463,-36.85115],[174.73457,-36.8508],[174.73761,-36.85054],[174.73736,-36.84892],[174.73805,-36.84886],[174.73824,-36.8501],[174.73836,-36.85079],[174.73864,-36.85229],[174.73871,-36.85266],[174.73884,-36.8535]]]}},{"type":"Feature","properties":{"name":"Sackville Reserve","kind":"park"},"geometry":{"type":"Polygon","coordinates":[[[174.73456,-36.85509],[174.73481,-36.85546],[174.73439,-36.85564],[174.73414,-36.85528],[174.73456,-36.85509]]]}},{"type":"Feature","properties":{"kind":"residential"},"geometry":{"type":"Polygon","coordinates":[[[174.73461,-36.85925],[174.7355,-36.85918],[174.73565,-36.86045],[174.73476,-36.86051],[174.73461,-36.85925]]]}},{"type":"Feature","properties":{"kind":"residential"},"geometry":{"type":"Polygon","coordinates":[[[174.73575,-36.85917],[174.73588,-36.86043],[174.73677,-36.86036],[174.73664,-36.8591],[174.73575,-36.85917]]]}},{"type":"Feature","properties":{"kind":"residential"},"geometry":{"type":"Polygon","coordinates":[[[174.7368,-36.86054],[174.7359,-36.86061],[174.73597,-36.86131],[174.7363,-36.86197],[174.73714,-36.86171],[174.73687,-36.86118],[174.7368,-36.86054]]]}},{"type":"Feature","properties":{"kind":"residential"},"geometry":{"type":"Polygon","coordinates":[[[174.73702,-36.86053],[174.73791,-36.86047],[174.73798,-36.86095],[174.73847,-36.86198],[174.73884,-36.86235],[174.73813,-36.86279],[174.73768,-36.86233],[174.73708,-36.86105],[174.73702,-36.86053]]]}},{"type":"Feature","properties":{"kind":"residential"},"geometry":{"type":"Polygon","coordinates":[[[174.73827,-36.86294],[174.73924,-36.86393],[174.73927,-36.86393],[174.73995,-36.8635],[174.73898,-36.8625],[174.73827,-36.86294]]]}},{"type":"Feature","properties":{"kind":"residential"},"geometry":{"type":"Polygon","coordinates":[[[174.73809,-36.86305],[174.73906,-36.86405],[174.73834,-36.8645],[174.73738,-36.8635],[174.73809,-36.86305]]]}},{"type":"Feature","properties":{"kind":"residential"},"geometry":{"type":"Polygon","coordinates":[[[174.73722,-36.86187],[174.73638,-36.86214],[174.73669,-36.86281],[174.73724,-36.86335],[174.73795,-36.8629],[174.73748,-36.86242],[174.73722,-36.86187]]]}},{"type":"Feature","properties":{"kind":"residential"},"geometry":{"type":"Polygon","coordinates":[[[174.77807,-36.8524],[174.77751,-36.85301],[174.77784,-36.85319],[174.77854,-36.8529],[174.77872,-36.85283],[174.77861,-36.85267],[174.77839,-36.85231],[174.77835,-36.85228],[174.77827,-36.85224],[174.77823,-36.85225],[174.77807,-36.8524]]]}},{"type":"Feature","properties":{"kind":"retail"},"geometry":{"type":"Polygon","coordinates":[[[174.77883,-36.85294],[174.77915,-36.85348],[174.77887,-36.85359],[174.77856,-36.85305],[174.77883,-36.85294]]]}},{"type":"Feature","properties":{"kind":"commercial"},"geometry":{"type":"Polygon","coordinates":[[[174.77887,-36.85359],[174.77849,-36.85374],[174.77843,-36.85375],[174.77839,-36.8537],[174.7781,-36.85331],[174.77808,-36.85325],[174.77856,-36.85305],[174.77887,-36.85359]]]}},{"type":"Feature","properties":{"kind":"commercial"},"geometry":{"type":"Polygon","coordinates":[[[174.77879,-36.85372],[174.77945,-36.85477],[174.77914,-36.85489],[174.7785,-36.85383],[174.77879,-36.85372]]]}},{"type":"Feature","properties":{"kind":"retail"},"geometry":{"type":"Polygon","coordinates":[[[174.77972,-36.85445],[174.78022,-36.85518],[174.77988,-36.85531],[174.77983,-36.85515],[174.77979,-36.85504],[174.77971,-36.85492],[174.77961,-36.85479],[174.77946,-36.85455],[174.77972,-36.85445]]]}},{"type":"Feature","properties":{"kind":"retail"},"geometry":{"type":"Polygon","coordinates":[[[174.78028,-36.85525],[174.78108,-36.85661],[174.7808,-36.85672],[174.78064,-36.85679],[174.77983,-36.85543],[174.78028,-36.85525]]]}},{"type":"Feature","properties":{"kind":"residential"},"geometry":{"type":"Polygon","coordinates":[[[174.77983,-36.85543],[174.77975,-36.85547],[174.77969,-36.85561],[174.77969,-36.85562],[174.77968,-36.85578],[174.78028,-36.85676],[174.78034,-36.8568],[174.78047,-36.85684],[174.78051,-36.85682],[174.78064,-36.85679],[174.77983,-36.85543]]]}},{"type":"Feature","properties":{"kind":"retail"},"geometry":{"type":"Polygon","coordinates":[[[174.7811,-36.85669],[174.78124,-36.85689],[174.78143,-36.85719],[174.78169,-36.85756],[174.78175,-36.85764],[174.78173,-36.85766],[174.78144,-36.85782],[174.781,-36.85724],[174.78075,-36.85683],[174.7811,-36.85669]]]}},{"type":"Feature","properties":{"kind":"residential"},"geometry":{"type":"Polygon","coordinates":[[[174.78144,-36.85782],[174.78109,-36.85802],[174.78099,-36.85812],[174.78093,-36.85822],[174.78096,-36.85837],[174.7813,-36.85878],[174.78063,-36.85913],[174.78056,-36.85901],[174.78034,-36.8591],[174.78048,-36.85941],[174.78064,-36.8592],[174.78133,-36.85883],[174.7815,-36.859],[174.78176,-36.85914],[174.78222,-36.85934],[174.78277,-36.85939],[174.78275,-36.85954],[174.78278,-36.85955],[174.78274,-36.8599],[174.78245,-36.85989],[174.78224,-36.85986],[174.78185,-36.85976],[174.78125,-36.85968],[174.78104,-36.85974],[174.78087,-36.85988],[174.78099,-36.85994],[174.78113,-36.85981],[174.78127,-36.85978],[174.78143,-36.85981],[174.78158,-36.85984],[174.78164,-36.85987],[174.78165,-36.85989],[174.78161,-36.86001],[174.78153,-36.86007],[174.78133,-36.86001],[174.78126,-36.86],[174.78124,-36.86004],[174.78156,-36.86015],[174.7816,-36.86013],[174.78162,-36.86011],[174.78165,-36.86006],[174.78167,-36.85998],[174.78168,-36.85994],[174.78171,-36.8599],[174.78176,-36.85987],[174.78187,-36.85986],[174.78205,-36.85986],[174.78219,-36.85991],[174.78246,-36.85994],[174.78275,-36.85995],[174.78277,-36.85997],[174.78271,-36.86042],[174.78262,-36.8606],[174.78241,-36.86093],[174.78183,-36.86073],[174.78167,-36.86062],[174.7816,-36.8607],[174.78179,-36.86082],[174.78203,-36.8609],[174.78168,-36.86151],[174.78143,-36.86141],[174.78143,-36.86158],[174.78158,-36.86184],[174.78181,-36.86193],[174.78175,-36.86204],[174.78146,-36.86192],[174.78113,-36.8617],[174.78106,-36.86154],[174.78143,-36.86135],[174.78144,-36.86102],[174.78134,-36.8606],[174.78114,-36.86048],[174.7811,-36.86034],[174.78071,-36.86029],[174.78074,-36.8602],[174.78063,-36.8601],[174.78006,-36.85902],[174.77998,-36.85904],[174.77951,-36.85822],[174.77965,-36.85817],[174.77948,-36.8578],[174.77889,-36.85675],[174.77874,-36.85634],[174.77874,-36.85627],[174.77883,-36.85621],[174.77891,-36.85613],[174.77896,-36.85605],[174.77898,-36.856],[174.77902,-36.85597],[174.77908,-36.85594],[174.77919,-36.8559],[174.77957,-36.85576],[174.77959,-36.85583],[174.77966,-36.85596],[174.77983,-36.85625],[174.78019,-36.85683],[174.78023,-36.85686],[174.78021,-36.85686],[174.78027,-36.8569],[174.78039,-36.85693],[174.7805,-36.85692],[174.7806,-36.8569],[174.78063,-36.85688],[174.78079,-36.85713],[174.78073,-36.8572],[174.7799,-36.85755],[174.77997,-36.85766],[174.781,-36.85724],[174.78144,-36.85782]]]}},{"type":"Feature","properties":{"kind":"retail"},"geometry":{"type":"Polygon","coordinates":[[[174.76798,-36.84517],[174.76874,-36.84538],[174.76855,-36.84584],[174.76852,-36.84587],[174.76847,-36.84598],[174.76842,-36.8461],[174.76839,-36.84619],[174.76826,-36.8462],[174.76818,-36.84618],[174.76807,-36.84616],[174.76789,-36.84611],[174.76777,-36.84609],[174.76764,-36.84605],[174.76774,-36.84579],[174.76798,-36.84517]]]}},{"type":"Feature","properties":{"kind":"retail"},"geometry":{"type":"Polygon","coordinates":[[[174.76776,-36.84512],[174.76743,-36.84504],[174.76714,-36.84594],[174.76743,-36.846],[174.76776,-36.84512]]]}},{"type":"Feature","properties":{"kind":"retail"},"geometry":{"type":"Polygon","coordinates":[[[174.76728,-36.84863],[174.76741,-36.84853],[174.76737,-36.84844],[174.76723,-36.84831],[174.76716,-36.84823],[174.7671,-36.84813],[174.76704,-36.84809],[174.76702,-36.84808],[174.76656,-36.848],[174.76655,-36.848],[174.76653,-36.848],[174.76647,-36.84822],[174.76645,-36.84823],[174.76641,-36.84836],[174.76643,-36.84836],[174.76639,-36.84849],[174.76637,-36.84849],[174.76624,-36.84894],[174.76627,-36.84895],[174.76623,-36.84906],[174.76621,-36.84908],[174.76619,-36.84911],[174.76618,-36.84912],[174.76618,-36.84915],[174.76619,-36.84917],[174.76619,-36.84919],[174.76621,-36.8492],[174.76622,-36.84922],[174.76626,-36.84923],[174.76633,-36.84926],[174.76661,-36.84934],[174.76663,-36.84934],[174.76667,-36.84934],[174.7667,-36.84934],[174.76672,-36.84932],[174.76674,-36.84931],[174.76699,-36.84892],[174.76728,-36.84863]]]}},{"type":"Feature","properties":{"kind":"retail"},"geometry":{"type":"Polygon","coordinates":[[[174.76631,-36.84852],[174.76567,-36.84834],[174.76549,-36.84894],[174.76551,-36.84895],[174.76549,-36.84901],[174.76549,-36.84903],[174.76569,-36.84908],[174.76579,-36.84908],[174.7658,-36.84909],[174.76596,-36.84913],[174.76598,-36.84916],[174.76605,-36.84918],[174.76608,-36.84918],[174.7661,-36.84918],[174.76611,-36.84918],[174.76612,-36.84917],[174.76613,-36.84916],[174.76614,-36.84914],[174.76619,-36.84898],[174.76618,-36.84896],[174.76624,-36.84877],[174.76625,-36.84876],[174.76627,-36.84873],[174.76625,-36.84871],[174.76631,-36.84852]]]}},{"type":"Feature","properties":{"name":"Canterbury Arcade","kind":"retail"},"geometry":{"type":"Polygon","coordinates":[[[174.76635,-36.84829],[174.7664,-36.84812],[174.76579,-36.84795],[174.76578,-36.84794],[174.76574,-36.84812],[174.76635,-36.84829]]]}},{"type":"Feature","properties":{"kind":"commercial"},"geometry":{"type":"Polygon","coordinates":[[[174.76626,-36.84646],[174.76682,-36.84661],[174.76669,-36.84716],[174.76664,-36.84718],[174.76606,-36.84701],[174.76604,-36.84699],[174.76619,-36.84649],[174.76626,-36.84646]]]}},{"type":"Feature","properties":{"kind":"commercial"},"geometry":{"type":"Polygon","coordinates":[[[174.76715,-36.84728],[174.76678,-36.84718],[174.76692,-36.84666],[174.76727,-36.84678],[174.76715,-36.84728]]]}},{"type":"Feature","properties":{"kind":"retail"},"geometry":{"type":"Polygon","coordinates":[[[174.76881,-36.84575],[174.76865,-36.84614],[174.76868,-36.84616],[174.76872,-36.84618],[174.76924,-36.8461],[174.7694,-36.84609],[174.76974,-36.84605],[174.76976,-36.84604],[174.76978,-36.84599],[174.76946,-36.84591],[174.76933,-36.84588],[174.76883,-36.84575],[174.76881,-36.84575]]]}},{"type":"Feature","properties":{"kind":"commercial"},"geometry":{"type":"Polygon","coordinates":[[[174.76708,-36.84595],[174.7664,-36.84579],[174.76667,-36.84485],[174.76672,-36.84482],[174.76736,-36.84499],[174.76708,-36.84595]]]}},{"type":"Feature","properties":{"kind":"commercial"},"geometry":{"type":"Polygon","coordinates":[[[174.76542,-36.84449],[174.76544,-36.84448],[174.7664,-36.84474],[174.76643,-36.84479],[174.76616,-36.84582],[174.76566,-36.84566],[174.76592,-36.8451],[174.76587,-36.84509],[174.76581,-36.84526],[174.76576,-36.84525],[174.76575,-36.84528],[174.76518,-36.84512],[174.76517,-36.84508],[174.76542,-36.84449]]]}},{"type":"Feature","properties":{"kind":"commercial"},"geometry":{"type":"Polygon","coordinates":[[[174.76563,-36.84532],[174.76513,-36.84518],[174.76497,-36.84557],[174.765,-36.84565],[174.76487,-36.84591],[174.76494,-36.846],[174.76534,-36.84612],[174.76567,-36.84539],[174.76563,-36.84532]]]}},{"type":"Feature","properties":{"kind":"commercial"},"geometry":{"type":"Polygon","coordinates":[[[174.76415,-36.84493],[174.76414,-36.84493],[174.76413,-36.84493],[174.76412,-36.84494],[174.76398,-36.84524],[174.76379,-36.84567],[174.76379,-36.84568],[174.7638,-36.84569],[174.76381,-36.84569],[174.76396,-36.84574],[174.76399,-36.84574],[174.76402,-36.84573],[174.76414,-36.84577],[174.76418,-36.8458],[174.76447,-36.84589],[174.76451,-36.8459],[174.76454,-36.8459],[174.76456,-36.8459],[174.76458,-36.84589],[174.76459,-36.84588],[174.76461,-36.84585],[174.76491,-36.84515],[174.76491,-36.84514],[174.76491,-36.84513],[174.7649,-36.84513],[174.76489,-36.84512],[174.76485,-36.84511],[174.7648,-36.8451],[174.76479,-36.84512],[174.76415,-36.84493]]]}},{"type":"Feature","properties":{"kind":"commercial"},"geometry":{"type":"Polygon","coordinates":[[[174.76362,-36.84576],[174.76293,-36.84556],[174.76275,-36.84595],[174.76263,-36.84622],[174.76291,-36.8463],[174.76292,-36.84628],[174.763,-36.8461],[174.76303,-36.84604],[174.76324,-36.8461],[174.76344,-36.84616],[174.76362,-36.84576]]]}},{"type":"Feature","properties":{"kind":"commercial"},"geometry":{"type":"Polygon","coordinates":[[[174.76426,-36.84642],[174.76445,-36.846],[174.76401,-36.84587],[174.76383,-36.84625],[174.76388,-36.84627],[174.76387,-36.8463],[174.76426,-36.84642]]]}},{"type":"Feature","properties":{"kind":"commercial"},"geometry":{"type":"Polygon","coordinates":[[[174.76595,-36.84632],[174.76567,-36.84624],[174.76545,-36.84618],[174.76551,-36.84602],[174.76566,-36.84568],[174.76615,-36.84583],[174.76595,-36.84632]]]}},{"type":"Feature","properties":{"kind":"retail"},"geometry":{"type":"Polygon","coordinates":[[[174.76739,-36.84345],[174.76843,-36.84375],[174.76833,-36.84399],[174.7683,-36.84399],[174.76728,-36.84373],[174.76738,-36.84346],[174.76739,-36.84345]]]}},{"type":"Feature","properties":{"kind":"commercial"},"geometry":{"type":"Polygon","coordinates":[[[174.76873,-36.84383],[174.76929,-36.84398],[174.7692,-36.8442],[174.76893,-36.84413],[174.76864,-36.84407],[174.76873,-36.84383]]]}},{"type":"Feature","properties":{"kind":"retail"},"geometry":{"type":"Polygon","coordinates":[[[174.76948,-36.84404],[174.76969,-36.8441],[174.7698,-36.84412],[174.77002,-36.84418],[174.77034,-36.84427],[174.77056,-36.84432],[174.77066,-36.84435],[174.77081,-36.84439],[174.77072,-36.84461],[174.77057,-36.84457],[174.77047,-36.84454],[174.77025,-36.84449],[174.76993,-36.8444],[174.76972,-36.84434],[174.76939,-36.84426],[174.76948,-36.84404]]]}},{"type":"Feature","properties":{"kind":"commercial"},"geometry":{"type":"Polygon","coordinates":[[[174.76299,-36.84529],[174.76338,-36.8454],[174.76344,-36.84525],[174.76382,-36.84537],[174.76371,-36.84564],[174.7637,-36.84565],[174.76369,-36.84566],[174.76367,-36.84566],[174.76365,-36.84566],[174.76297,-36.84546],[174.76296,-36.84545],[174.76295,-36.84545],[174.76294,-36.84544],[174.76294,-36.84542],[174.76294,-36.84541],[174.76299,-36.84529]]]}},{"type":"Feature","properties":{"name":"Princes Street Merchant Houses","kind":"commercial"},"geometry":{"type":"Polygon","coordinates":[[[174.76903,-36.84879],[174.76889,-36.84911],[174.76885,-36.84919],[174.7689,-36.8492],[174.76883,-36.84934],[174.76877,-36.84936],[174.76873,-36.84947],[174.76862,-36.84973],[174.76859,-36.84981],[174.76897,-36.84991],[174.76942,-36.84891],[174.76903,-36.84879]]]}},{"type":"Feature","properties":{"kind":"commercial"},"geometry":{"type":"Polygon","coordinates":[[[174.76405,-36.84479],[174.76369,-36.84469],[174.76336,-36.84459],[174.76338,-36.84454],[174.76379,-36.84446],[174.76423,-36.84438],[174.76405,-36.84479]]]}},{"type":"Feature","properties":{"kind":"commercial"},"geometry":{"type":"Polygon","coordinates":[[[174.76525,-36.84656],[174.76587,-36.84675],[174.76593,-36.84652],[174.76596,-36.84641],[174.7654,-36.84625],[174.76525,-36.84656]]]}},{"type":"Feature","properties":{"kind":"commercial"},"geometry":{"type":"Polygon","coordinates":[[[174.76548,-36.84819],[174.76549,-36.84818],[174.7655,-36.84817],[174.76551,-36.84813],[174.76556,-36.84794],[174.76553,-36.84793],[174.76559,-36.84775],[174.76562,-36.84776],[174.76566,-36.84764],[174.7657,-36.84749],[174.76568,-36.84743],[174.7643,-36.84705],[174.764,-36.84778],[174.76462,-36.84794],[174.76477,-36.84758],[174.76435,-36.84746],[174.76436,-36.84744],[174.76514,-36.84765],[174.76513,-36.84769],[174.76485,-36.84762],[174.76471,-36.84795],[174.76547,-36.84819],[174.76548,-36.84819]]]}},{"type":"Feature","properties":{"kind":"commercial"},"geometry":{"type":"Polygon","coordinates":[[[174.76525,-36.84892],[174.76526,-36.84892],[174.76527,-36.8489],[174.76529,-36.84888],[174.76537,-36.84862],[174.76537,-36.84861],[174.76536,-36.84861],[174.76534,-36.8486],[174.76538,-36.84844],[174.76541,-36.84845],[174.76542,-36.84844],[174.76544,-36.84835],[174.76546,-36.8483],[174.76547,-36.84827],[174.76546,-36.84824],[174.76544,-36.84823],[174.76543,-36.84821],[174.7654,-36.8482],[174.76535,-36.84819],[174.76533,-36.8482],[174.76469,-36.84801],[174.76467,-36.84801],[174.76466,-36.84801],[174.76464,-36.84802],[174.76451,-36.84833],[174.7646,-36.84835],[174.76459,-36.8484],[174.76416,-36.84828],[174.76417,-36.84824],[174.76445,-36.84831],[174.76458,-36.84801],[174.76458,-36.848],[174.76457,-36.84799],[174.764,-36.84781],[174.76398,-36.84781],[174.76397,-36.84782],[174.7638,-36.84816],[174.76376,-36.8482],[174.76369,-36.84826],[174.76366,-36.84828],[174.76365,-36.84829],[174.76364,-36.84831],[174.76361,-36.84837],[174.7636,-36.84842],[174.76359,-36.84843],[174.76359,-36.84845],[174.7636,-36.84846],[174.76361,-36.84847],[174.76363,-36.84848],[174.76365,-36.84848],[174.76438,-36.84869],[174.76439,-36.8487],[174.76453,-36.84874],[174.76456,-36.84875],[174.76467,-36.84879],[174.76482,-36.84883],[174.76486,-36.84882],[174.76505,-36.84887],[174.76509,-36.8489],[174.76519,-36.84893],[174.76521,-36.84893],[174.76525,-36.84892]]]}},{"type":"Feature","properties":{"kind":"commercial"},"geometry":{"type":"Polygon","coordinates":[[[174.76375,-36.84772],[174.76342,-36.84763],[174.763,-36.84751],[174.76299,-36.84751],[174.76298,-36.84752],[174.76297,-36.84752],[174.76296,-36.84754],[174.76268,-36.84813],[174.76266,-36.84816],[174.76266,-36.84817],[174.76265,-36.84819],[174.76266,-36.84819],[174.76268,-36.8482],[174.76271,-36.84821],[174.7628,-36.84824],[174.76338,-36.8484],[174.76339,-36.8484],[174.7634,-36.8484],[174.76342,-36.8484],[174.76344,-36.84839],[174.76345,-36.84838],[174.76346,-36.84837],[174.76347,-36.84835],[174.76348,-36.84834],[174.76359,-36.8481],[174.76375,-36.84772]]]}},{"type":"Feature","properties":{"kind":"commercial"},"geometry":{"type":"Polygon","coordinates":[[[174.75851,-36.8551],[174.75848,-36.85513],[174.75841,-36.85519],[174.75842,-36.8552],[174.75843,-36.85523],[174.7584,-36.85526],[174.75841,-36.85527],[174.75837,-36.8553],[174.75833,-36.85531],[174.75827,-36.85538],[174.75828,-36.85538],[174.7582,-36.85544],[174.75797,-36.85564],[174.75784,-36.85576],[174.75776,-36.85577],[174.75772,-36.85575],[174.75772,-36.85569],[174.75776,-36.85526],[174.75776,-36.85523],[174.75776,-36.85518],[174.75774,-36.85515],[174.75771,-36.85513],[174.75768,-36.85513],[174.75765,-36.85513],[174.75763,-36.85513],[174.75761,-36.85514],[174.75761,-36.85511],[174.75763,-36.85508],[174.75767,-36.85501],[174.75787,-36.85475],[174.7581,-36.85461],[174.75825,-36.85449],[174.75831,-36.85441],[174.75835,-36.85442],[174.7584,-36.85447],[174.75842,-36.85452],[174.75851,-36.8551]]]}},{"type":"Feature","properties":{"name":"Harry Dansey Reserve","kind":"park"},"geometry":{"type":"Polygon","coordinates":[[[174.74997,-36.85192],[174.74993,-36.85191],[174.74986,-36.85189],[174.74981,-36.85204],[174.74975,-36.85217],[174.74971,-36.85229],[174.74965,-36.85227],[174.74952,-36.85224],[174.74936,-36.85219],[174.74931,-36.85229],[174.74964,-36.85238],[174.74956,-36.85253],[174.74935,-36.85282],[174.74949,-36.8529],[174.74946,-36.85298],[174.74955,-36.853],[174.74956,-36.85309],[174.74957,-36.85316],[174.74961,-36.8533],[174.74981,-36.85328],[174.74997,-36.85305],[174.74997,-36.85298],[174.75,-36.85294],[174.75008,-36.8528],[174.75008,-36.85279],[174.75015,-36.85273],[174.75023,-36.85276],[174.75028,-36.85281],[174.75028,-36.85282],[174.75044,-36.8528],[174.75056,-36.8525],[174.7505,-36.85248],[174.74983,-36.85232],[174.74981,-36.85231],[174.74997,-36.85192]]]}},{"type":"Feature","properties":{"kind":"residential"},"geometry":{"type":"Polygon","coordinates":[[[174.73869,-36.85176],[174.73879,-36.85232],[174.74433,-36.8518],[174.74422,-36.85125],[174.74352,-36.85132],[174.73869,-36.85176]]]}},{"type":"Feature","properties":{"kind":"retail"},"geometry":{"type":"Polygon","coordinates":[[[174.74433,-36.8518],[174.74471,-36.85176],[174.74463,-36.85147],[174.74455,-36.85126],[174.74452,-36.85122],[174.74422,-36.85125],[174.74433,-36.8518]]]}},{"type":"Feature","properties":{"kind":"residential"},"geometry":{"type":"Polygon","coordinates":[[[174.73936,-36.85473],[174.73934,-36.85447],[174.73937,-36.85446],[174.73936,-36.85441],[174.73938,-36.85438],[174.73941,-36.85438],[174.7394,-36.85434],[174.73912,-36.85437],[174.739,-36.85366],[174.73962,-36.85361],[174.73969,-36.85399],[174.73975,-36.85443],[174.73963,-36.85444],[174.73965,-36.8547],[174.73936,-36.85473]]]}},{"type":"Feature","properties":{"kind":"residential"},"geometry":{"type":"Polygon","coordinates":[[[174.74169,-36.85342],[174.74257,-36.85333],[174.74263,-36.85369],[174.7423,-36.85372],[174.74237,-36.85418],[174.74378,-36.85405],[174.74457,-36.85398],[174.74475,-36.85397],[174.74479,-36.85426],[174.73987,-36.85469],[174.73984,-36.85441],[174.74062,-36.85434],[174.74054,-36.85396],[174.74023,-36.85399],[174.74001,-36.85388],[174.73996,-36.85358],[174.74161,-36.85343],[174.74165,-36.85375],[174.74152,-36.85377],[174.7416,-36.85426],[174.74196,-36.85422],[174.74188,-36.85372],[174.74174,-36.85373],[174.74169,-36.85342]]]}},{"type":"Feature","properties":{"kind":"retail"},"geometry":{"type":"Polygon","coordinates":[[[174.74445,-36.85316],[174.74496,-36.85311],[174.74512,-36.85309],[174.74516,-36.85313],[174.74518,-36.85319],[174.74529,-36.85352],[174.74547,-36.85393],[174.74549,-36.85397],[174.74551,-36.85401],[174.74559,-36.85419],[174.74479,-36.85426],[174.74475,-36.85397],[174.74457,-36.85398],[174.74445,-36.85316]]]}},{"type":"Feature","properties":{"kind":"retail"},"geometry":{"type":"Polygon","coordinates":[[[174.78187,-36.8578],[174.78241,-36.8585],[174.78284,-36.85905],[174.78288,-36.85912],[174.78286,-36.85921],[174.7825,-36.85919],[174.78226,-36.85917],[174.78203,-36.85909],[174.78232,-36.85895],[174.78208,-36.85866],[174.78197,-36.85854],[174.78189,-36.85843],[174.78141,-36.85866],[174.78132,-36.85856],[174.78181,-36.85831],[174.78171,-36.85818],[174.78166,-36.8582],[174.78153,-36.85813],[174.78144,-36.85802],[174.78146,-36.858],[174.78187,-36.8578]]]}},{"type":"Feature","properties":{"kind":"residential"},"geometry":{"type":"Polygon","coordinates":[[[174.78141,-36.85866],[174.78167,-36.85892],[174.78195,-36.85906],[174.78203,-36.85909],[174.78232,-36.85895],[174.78208,-36.85866],[174.78197,-36.85854],[174.78189,-36.85843],[174.78141,-36.85866]]]}},{"type":"Feature","properties":{"kind":"commercial"},"geometry":{"type":"Polygon","coordinates":[[[174.77478,-36.8513],[174.77449,-36.85166],[174.77388,-36.85225],[174.77387,-36.85224],[174.77374,-36.85217],[174.77381,-36.85189],[174.774,-36.85104],[174.7741,-36.85112],[174.7744,-36.85121],[174.77447,-36.85109],[174.77445,-36.85114],[174.77478,-36.8513]]]}},{"type":"Feature","properties":{"kind":"retail"},"geometry":{"type":"Polygon","coordinates":[[[174.77604,-36.87132],[174.77653,-36.87143],[174.77657,-36.87143],[174.7766,-36.87144],[174.77674,-36.87147],[174.77677,-36.87146],[174.7768,-36.8715],[174.77686,-36.87146],[174.77693,-36.87143],[174.7769,-36.87139],[174.77692,-36.87139],[174.77715,-36.87067],[174.77715,-36.87064],[174.77715,-36.87062],[174.77713,-36.87059],[174.77711,-36.87057],[174.77705,-36.87055],[174.77696,-36.87054],[174.77594,-36.87032],[174.77589,-36.87031],[174.77522,-36.87017],[174.77509,-36.87015],[174.77506,-36.87014],[174.77503,-36.87015],[174.77501,-36.87015],[174.77498,-36.87016],[174.77497,-36.87018],[174.77495,-36.87019],[174.77495,-36.87021],[174.77467,-36.87105],[174.77516,-36.87114],[174.77521,-36.87115],[174.77578,-36.87127],[174.77583,-36.87128],[174.77604,-36.87132]]]}},{"type":"Feature","properties":{"kind":"retail"},"geometry":{"type":"Polygon","coordinates":[[[174.7752,-36.86937],[174.77684,-36.86971],[174.77688,-36.86958],[174.77692,-36.86945],[174.7769,-36.86945],[174.77685,-36.86944],[174.77694,-36.86917],[174.77566,-36.86889],[174.77556,-36.86916],[174.77529,-36.86911],[174.7752,-36.86937]]]}},{"type":"Feature","properties":{"kind":"retail"},"geometry":{"type":"Polygon","coordinates":[[[174.75254,-36.87086],[174.75236,-36.87139],[174.75055,-36.87098],[174.75065,-36.87069],[174.75081,-36.87047],[174.75254,-36.87086]]]}},{"type":"Feature","properties":{"kind":"residential"},"geometry":{"type":"Polygon","coordinates":[[[174.75102,-36.87123],[174.75089,-36.87163],[174.75095,-36.87164],[174.75084,-36.872],[174.75025,-36.87186],[174.7505,-36.87112],[174.75102,-36.87123]]]}},{"type":"Feature","properties":{"kind":"retail"},"geometry":{"type":"Polygon","coordinates":[[[174.75102,-36.87123],[174.75232,-36.87152],[174.7522,-36.87187],[174.75208,-36.87228],[174.75084,-36.872],[174.75095,-36.87164],[174.75089,-36.87163],[174.75102,-36.87123]]]}},{"type":"Feature","properties":{"kind":"industrial"},"geometry":{"type":"Polygon","coordinates":[[[174.75065,-36.87033],[174.75045,-36.8706],[174.75032,-36.87094],[174.74994,-36.87085],[174.75,-36.8707],[174.75002,-36.87064],[174.74975,-36.87057],[174.74977,-36.87051],[174.75008,-36.87003],[174.75044,-36.86988],[174.75052,-36.86985],[174.75055,-36.8699],[174.75062,-36.87014],[174.75065,-36.87033]]]}},{"type":"Feature","properties":{"kind":"retail"},"geometry":{"type":"Polygon","coordinates":[[[174.75224,-36.87065],[174.75251,-36.87071],[174.7526,-36.87068],[174.75268,-36.87044],[174.75254,-36.87041],[174.75253,-36.87037],[174.75236,-36.87033],[174.75224,-36.87065]]]}},{"type":"Feature","properties":{"kind":"residential"},"geometry":{"type":"Polygon","coordinates":[[[174.75132,-36.86518],[174.75251,-36.86627],[174.7531,-36.86586],[174.75184,-36.86475],[174.75154,-36.86498],[174.75156,-36.865],[174.75132,-36.86518]]]}},{"type":"Feature","properties":{"kind":"residential"},"geometry":{"type":"Polygon","coordinates":[[[174.75331,-36.86379],[174.75374,-36.86422],[174.75355,-36.86434],[174.7534,-36.86445],[174.75253,-36.86505],[174.75233,-36.86502],[174.75198,-36.86469],[174.75263,-36.86424],[174.75331,-36.86379]]]}},{"type":"Feature","properties":{"kind":"residential"},"geometry":{"type":"Polygon","coordinates":[[[174.75378,-36.86433],[174.75384,-36.86435],[174.75424,-36.86473],[174.7535,-36.8652],[174.75359,-36.86528],[174.75397,-36.86504],[174.75417,-36.86525],[174.75411,-36.86537],[174.75399,-36.86552],[174.75401,-36.86575],[174.75393,-36.86592],[174.754,-36.86607],[174.75375,-36.86625],[174.75242,-36.86511],[174.75251,-36.86512],[174.75255,-36.86512],[174.75259,-36.86512],[174.75265,-36.86511],[174.75268,-36.8651],[174.75271,-36.86509],[174.75303,-36.86485],[174.75312,-36.86475],[174.75378,-36.86433]]]}},{"type":"Feature","properties":{"kind":"residential"},"geometry":{"type":"Polygon","coordinates":[[[174.75327,-36.86601],[174.75392,-36.86658],[174.75373,-36.86673],[174.75373,-36.86685],[174.75364,-36.86691],[174.7535,-36.86689],[174.75335,-36.867],[174.75266,-36.8664],[174.75266,-36.86636],[174.75289,-36.8662],[174.75294,-36.86625],[174.75327,-36.86601]]]}},{"type":"Feature","properties":{"kind":"retail"},"geometry":{"type":"Polygon","coordinates":[[[174.76148,-36.86176],[174.76182,-36.86117],[174.76108,-36.8609],[174.76069,-36.86156],[174.76106,-36.86171],[174.76111,-36.86162],[174.76148,-36.86176]]]}},{"type":"Feature","properties":{"kind":"retail"},"geometry":{"type":"Polygon","coordinates":[[[174.75912,-36.85846],[174.7591,-36.85842],[174.75914,-36.85784],[174.76051,-36.85805],[174.76104,-36.85804],[174.76107,-36.85806],[174.7611,-36.85808],[174.76112,-36.85815],[174.76104,-36.8583],[174.76094,-36.85851],[174.75912,-36.85846]]]}},{"type":"Feature","properties":{"kind":"retail"},"geometry":{"type":"Polygon","coordinates":[[[174.75774,-36.85784],[174.7565,-36.85822],[174.75675,-36.85875],[174.75797,-36.85837],[174.75774,-36.85784]]]}},{"type":"Feature","properties":{"kind":"retail"},"geometry":{"type":"Polygon","coordinates":[[[174.75804,-36.85819],[174.75787,-36.85781],[174.75818,-36.85771],[174.75899,-36.85782],[174.75897,-36.85813],[174.75869,-36.85811],[174.75858,-36.85809],[174.75856,-36.85809],[174.7585,-36.8581],[174.75849,-36.85804],[174.75842,-36.85805],[174.75843,-36.85808],[174.7584,-36.85808],[174.75834,-36.85796],[174.75833,-36.85794],[174.75832,-36.8579],[174.7583,-36.85791],[174.75831,-36.85795],[174.7583,-36.85795],[174.75831,-36.85796],[174.75835,-36.85805],[174.75837,-36.85809],[174.75805,-36.85819],[174.75804,-36.85819]]]}},{"type":"Feature","properties":{"kind":"commercial"},"geometry":{"type":"Polygon","coordinates":[[[174.75943,-36.8641],[174.75916,-36.86404],[174.75934,-36.86351],[174.75961,-36.86357],[174.75943,-36.8641]]]}},{"type":"Feature","properties":{"kind":"retail"},"geometry":{"type":"Polygon","coordinates":[[[174.75802,-36.86323],[174.75899,-36.86345],[174.75914,-36.86348],[174.75917,-36.86349],[174.75916,-36.86351],[174.75911,-36.86366],[174.75908,-36.86374],[174.75882,-36.86368],[174.75867,-36.86395],[174.75899,-36.86402],[174.75887,-36.86436],[174.75774,-36.8641],[174.75802,-36.86323]]]}},{"type":"Feature","properties":{"kind":"commercial"},"geometry":{"type":"Polygon","coordinates":[[[174.75706,-36.86328],[174.7572,-36.86332],[174.7572,-36.86333],[174.7574,-36.86337],[174.75731,-36.86363],[174.75753,-36.86367],[174.75753,-36.86369],[174.75763,-36.86371],[174.7577,-36.86368],[174.75783,-36.86318],[174.75714,-36.86303],[174.75706,-36.86328]]]}},{"type":"Feature","properties":{"kind":"residential"},"geometry":{"type":"Polygon","coordinates":[[[174.75644,-36.86354],[174.75637,-36.86366],[174.7563,-36.86378],[174.75629,-36.86379],[174.75633,-36.86381],[174.75642,-36.86384],[174.75669,-36.86392],[174.75677,-36.86361],[174.75644,-36.86354]]]}},{"type":"Feature","properties":{"kind":"commercial"},"geometry":{"type":"Polygon","coordinates":[[[174.75637,-36.86306],[174.75635,-36.8629],[174.75616,-36.86291],[174.75612,-36.86292],[174.75601,-36.86313],[174.75609,-36.86321],[174.75641,-36.86328],[174.75647,-36.86308],[174.75637,-36.86306]]]}},{"type":"Feature","properties":{"kind":"residential"},"geometry":{"type":"Polygon","coordinates":[[[174.75641,-36.86328],[174.75633,-36.86351],[174.75627,-36.86362],[174.75624,-36.86366],[174.75618,-36.86375],[174.75621,-36.86375],[174.75608,-36.86399],[174.75565,-36.86428],[174.75524,-36.86458],[174.75516,-36.86449],[174.75517,-36.86427],[174.75568,-36.8639],[174.75554,-36.86385],[174.75556,-36.86381],[174.75547,-36.86378],[174.75551,-36.86361],[174.75543,-36.86357],[174.7555,-36.86344],[174.75576,-36.86329],[174.75601,-36.86313],[174.75609,-36.86321],[174.75641,-36.86328]]]}},{"type":"Feature","properties":{"kind":"commercial"},"geometry":{"type":"Polygon","coordinates":[[[174.76364,-36.86449],[174.76365,-36.86449],[174.76394,-36.86455],[174.76398,-36.86454],[174.76405,-36.86451],[174.76405,-36.8645],[174.76406,-36.86447],[174.76407,-36.86442],[174.76408,-36.8644],[174.76411,-36.86431],[174.76433,-36.8636],[174.76432,-36.86358],[174.76393,-36.8635],[174.76364,-36.86449]]]}},{"type":"Feature","properties":{"kind":"retail"},"geometry":{"type":"Polygon","coordinates":[[[174.76054,-36.86527],[174.76051,-36.86526],[174.76028,-36.86543],[174.76073,-36.86589],[174.761,-36.86571],[174.76054,-36.86527]]]}},{"type":"Feature","properties":{"kind":"commercial"},"geometry":{"type":"Polygon","coordinates":[[[174.75991,-36.8455],[174.75982,-36.84551],[174.75831,-36.84576],[174.75822,-36.8454],[174.75854,-36.84535],[174.75876,-36.84531],[174.7588,-36.8453],[174.75884,-36.84527],[174.75886,-36.84523],[174.75887,-36.84517],[174.75892,-36.84504],[174.75897,-36.84495],[174.75899,-36.84493],[174.75905,-36.8449],[174.75977,-36.84509],[174.75982,-36.84513],[174.75991,-36.8455]]]}},{"type":"Feature","properties":{"kind":"commercial"},"geometry":{"type":"Polygon","coordinates":[[[174.76041,-36.85396],[174.76042,-36.85395],[174.7605,-36.85386],[174.76073,-36.85406],[174.76115,-36.85373],[174.7613,-36.85378],[174.76137,-36.85385],[174.76164,-36.85365],[174.76164,-36.85363],[174.76135,-36.85324],[174.76124,-36.853],[174.76121,-36.85286],[174.7612,-36.85273],[174.76119,-36.85263],[174.76117,-36.8526],[174.76112,-36.85255],[174.76107,-36.85252],[174.76101,-36.85247],[174.76096,-36.85245],[174.76088,-36.85245],[174.76071,-36.85247],[174.76068,-36.85248],[174.76056,-36.85265],[174.76023,-36.85316],[174.76065,-36.85335],[174.76047,-36.85361],[174.76005,-36.85344],[174.75987,-36.8537],[174.76027,-36.85388],[174.76029,-36.8539],[174.76041,-36.85396]]]}},{"type":"Feature","properties":{"kind":"recreation_ground"},"geometry":{"type":"Polygon","coordinates":[[[174.78475,-36.84892],[174.78552,-36.84889],[174.78556,-36.84892],[174.78557,-36.84922],[174.78477,-36.84924],[174.78475,-36.84892]]]}},{"type":"Feature","properties":{"name":"Ayr Reserve","kind":"park"},"geometry":{"type":"Polygon","coordinates":[[[174.78504,-36.86342],[174.78581,-36.86374],[174.78662,-36.86389],[174.78682,-36.86392],[174.7871,-36.86402],[174.78732,-36.86413],[174.78744,-36.86409],[174.78759,-36.86409],[174.78787,-36.8638],[174.78811,-36.86342],[174.78817,-36.86314],[174.78769,-36.86299],[174.78778,-36.86281],[174.7876,-36.86274],[174.78748,-36.8625],[174.78747,-36.86241],[174.78743,-36.8623],[174.78735,-36.86208],[174.78721,-36.86192],[174.78758,-36.86165],[174.78671,-36.86082],[174.78639,-36.86097],[174.78618,-36.86079],[174.7862,-36.86044],[174.78616,-36.86036],[174.7856,-36.86004],[174.78521,-36.86033],[174.78494,-36.8604],[174.78467,-36.86047],[174.78467,-36.86049],[174.7852,-36.86036],[174.78535,-36.86055],[174.78561,-36.8609],[174.78522,-36.86149],[174.78609,-36.86226],[174.78636,-36.86251],[174.78608,-36.86271],[174.78596,-36.86279],[174.78578,-36.86291],[174.78504,-36.86342]]]}},{"type":"Feature","properties":{"name":"Gillies Avenue Office Park","kind":"commercial"},"geometry":{"type":"Polygon","coordinates":[[[174.77453,-36.87075],[174.77441,-36.87115],[174.77395,-36.8711],[174.77391,-36.87126],[174.77435,-36.87134],[174.77434,-36.87139],[174.77383,-36.8713],[174.77382,-36.87133],[174.77342,-36.87126],[174.77334,-36.8711],[174.77314,-36.8709],[174.77305,-36.87065],[174.77304,-36.8706],[174.77308,-36.87055],[174.77308,-36.87048],[174.7731,-36.87042],[174.77348,-36.87048],[174.77361,-36.87029],[174.77453,-36.87075]]]}},{"type":"Feature","properties":{"kind":"residential"},"geometry":{"type":"Polygon","coordinates":[[[174.77254,-36.86874],[174.77199,-36.86862],[174.77165,-36.86972],[174.77225,-36.86985],[174.77254,-36.86874]]]}},{"type":"Feature","properties":{"kind":"residential"},"geometry":{"type":"Polygon","coordinates":[[[174.77181,-36.86859],[174.77051,-36.8683],[174.77038,-36.86875],[174.77064,-36.86893],[174.771,-36.86925],[174.77151,-36.86964],[174.77151,-36.86962],[174.77181,-36.86859]]]}},{"type":"Feature","properties":{"kind":"residential"},"geometry":{"type":"Polygon","coordinates":[[[174.77405,-36.86855],[174.7741,-36.86838],[174.77409,-36.86838],[174.77406,-36.8685],[174.77349,-36.86838],[174.77352,-36.86825],[174.77347,-36.86824],[174.77346,-36.8681],[174.77329,-36.86802],[174.77333,-36.86788],[174.77329,-36.86787],[174.77321,-36.86811],[174.77282,-36.86803],[174.77301,-36.86738],[174.77274,-36.86732],[174.77249,-36.86727],[174.77243,-36.8674],[174.77211,-36.86846],[174.77454,-36.86899],[174.77463,-36.86868],[174.77405,-36.86855]]]}},{"type":"Feature","properties":{"kind":"commercial"},"geometry":{"type":"Polygon","coordinates":[[[174.77442,-36.86696],[174.77375,-36.86682],[174.77347,-36.86771],[174.77352,-36.86774],[174.77388,-36.86781],[174.77412,-36.86786],[174.77415,-36.86785],[174.7743,-36.86734],[174.77434,-36.86723],[174.77433,-36.86722],[174.77442,-36.86696]]]}},{"type":"Feature","properties":{"kind":"retail"},"geometry":{"type":"Polygon","coordinates":[[[174.77776,-36.87014],[174.77773,-36.87013],[174.77771,-36.87013],[174.77769,-36.87013],[174.77767,-36.87014],[174.77765,-36.87014],[174.77763,-36.87015],[174.77761,-36.87017],[174.7776,-36.87018],[174.77759,-36.8702],[174.77757,-36.87027],[174.77752,-36.87041],[174.77749,-36.87052],[174.77746,-36.8706],[174.77742,-36.87073],[174.77739,-36.87082],[174.77722,-36.87137],[174.7772,-36.87141],[174.77716,-36.87155],[174.77742,-36.8716],[174.77777,-36.87166],[174.77807,-36.87069],[174.77809,-36.8706],[174.77812,-36.87052],[174.77812,-36.87049],[174.77811,-36.87047],[174.7781,-36.87044],[174.77808,-36.87041],[174.77803,-36.87037],[174.77792,-36.87027],[174.77785,-36.87021],[174.77779,-36.87016],[174.77777,-36.87015],[174.77776,-36.87014]]]}},{"type":"Feature","properties":{"kind":"commercial"},"geometry":{"type":"Polygon","coordinates":[[[174.76427,-36.86461],[174.76453,-36.86368],[174.76517,-36.86381],[174.76542,-36.86387],[174.76575,-36.86404],[174.76549,-36.86488],[174.76427,-36.86461]]]}},{"type":"Feature","properties":{"kind":"commercial"},"geometry":{"type":"Polygon","coordinates":[[[174.76565,-36.86492],[174.76634,-36.86506],[174.76652,-36.86451],[174.76623,-36.86424],[174.76622,-36.86426],[174.76599,-36.86421],[174.76587,-36.86419],[174.76565,-36.86492]]]}},{"type":"Feature","properties":{"kind":"commercial"},"geometry":{"type":"Polygon","coordinates":[[[174.766,-36.86309],[174.76586,-36.86347],[174.76573,-36.86343],[174.76569,-36.86339],[174.76548,-36.86319],[174.76558,-36.863],[174.766,-36.86309]]]}},{"type":"Feature","properties":{"kind":"commercial"},"geometry":{"type":"Polygon","coordinates":[[[174.75522,-36.86575],[174.75467,-36.86608],[174.75457,-36.86598],[174.75459,-36.86583],[174.75463,-36.86577],[174.75465,-36.86573],[174.75477,-36.8655],[174.75482,-36.86552],[174.75484,-36.86547],[174.7549,-36.86544],[174.75522,-36.86575]]]}},{"type":"Feature","properties":{"kind":"residential"},"geometry":{"type":"Polygon","coordinates":[[[174.75532,-36.86478],[174.75517,-36.86461],[174.75507,-36.8645],[174.75492,-36.86462],[174.75483,-36.86485],[174.75492,-36.86487],[174.75504,-36.86485],[174.75515,-36.8649],[174.75532,-36.86478]]]}},{"type":"Feature","properties":{"kind":"commercial"},"geometry":{"type":"Polygon","coordinates":[[[174.75107,-36.86815],[174.75129,-36.86868],[174.75183,-36.86853],[174.75204,-36.86839],[174.75233,-36.86825],[174.75278,-36.86812],[174.7531,-36.86799],[174.75327,-36.86788],[174.75338,-36.86779],[174.75347,-36.86768],[174.75343,-36.86758],[174.75253,-36.86776],[174.75107,-36.86815]]]}},{"type":"Feature","properties":{"kind":"commercial"},"geometry":{"type":"Polygon","coordinates":[[[174.75096,-36.86845],[174.75083,-36.86848],[174.7508,-36.86842],[174.75067,-36.86845],[174.7507,-36.86852],[174.75057,-36.86855],[174.75048,-36.86832],[174.74983,-36.86849],[174.74965,-36.86854],[174.74902,-36.86886],[174.74878,-36.86903],[174.74922,-36.86943],[174.74946,-36.86929],[174.74968,-36.86918],[174.74979,-36.86912],[174.74993,-36.86906],[174.75004,-36.86902],[174.75108,-36.86873],[174.75097,-36.86848],[174.75096,-36.86845]]]}},{"type":"Feature","properties":{"kind":"commercial"},"geometry":{"type":"Polygon","coordinates":[[[174.74875,-36.86929],[174.74904,-36.86956],[174.74878,-36.86975],[174.74857,-36.86999],[174.7485,-36.87],[174.74814,-36.86975],[174.74846,-36.86944],[174.74849,-36.86947],[174.74855,-36.86943],[174.74875,-36.86929]]]}},{"type":"Feature","properties":{"kind":"commercial"},"geometry":{"type":"Polygon","coordinates":[[[174.74995,-36.86926],[174.74955,-36.86947],[174.74928,-36.86965],[174.74903,-36.86982],[174.74894,-36.86988],[174.74884,-36.86999],[174.74853,-36.87037],[174.74823,-36.87074],[174.74792,-36.87112],[174.74823,-36.87143],[174.74843,-36.87126],[174.7486,-36.87111],[174.74875,-36.87098],[174.74881,-36.87092],[174.74878,-36.8709],[174.74907,-36.87065],[174.74961,-36.87015],[174.74972,-36.87007],[174.74993,-36.86992],[174.75007,-36.86984],[174.75023,-36.86977],[174.75042,-36.86971],[174.75054,-36.86968],[174.75048,-36.86939],[174.75032,-36.86944],[174.75013,-36.8695],[174.75011,-36.86951],[174.74995,-36.86926]]]}},{"type":"Feature","properties":{"kind":"commercial"},"geometry":{"type":"Polygon","coordinates":[[[174.75168,-36.86876],[174.7516,-36.86878],[174.75082,-36.86899],[174.75088,-36.86924],[174.75068,-36.86926],[174.75061,-36.86936],[174.75067,-36.86965],[174.7508,-36.86962],[174.75106,-36.86959],[174.7515,-36.86952],[174.75221,-36.86943],[174.75232,-36.86917],[174.75227,-36.86916],[174.752,-36.86912],[174.75187,-36.86909],[174.75185,-36.86908],[174.75188,-36.86895],[174.75177,-36.8688],[174.75176,-36.86877],[174.75177,-36.86875],[174.75168,-36.86876]]]}},{"type":"Feature","properties":{"kind":"residential"},"geometry":{"type":"Polygon","coordinates":[[[174.74459,-36.86091],[174.74496,-36.86128],[174.74556,-36.86191],[174.74485,-36.86235],[174.74388,-36.86135],[174.74459,-36.86091]]]}},{"type":"Feature","properties":{"kind":"residential"},"geometry":{"type":"Polygon","coordinates":[[[174.74193,-36.86257],[174.7429,-36.86358],[174.74216,-36.86404],[174.74122,-36.86301],[174.74193,-36.86257]]]}},{"type":"Feature","properties":{"kind":"residential"},"geometry":{"type":"Polygon","coordinates":[[[174.73948,-36.86449],[174.74022,-36.86525],[174.73951,-36.8657],[174.73853,-36.86469],[174.7389,-36.86448],[174.73915,-36.86471],[174.73948,-36.86449]]]}},{"type":"Feature","properties":{"kind":"residential"},"geometry":{"type":"Polygon","coordinates":[[[174.74375,-36.8598],[174.744,-36.86029],[174.74441,-36.86071],[174.74369,-36.86116],[174.74272,-36.86015],[174.74281,-36.8601],[174.74375,-36.8598]]]}},{"type":"Feature","properties":{"kind":"residential"},"geometry":{"type":"Polygon","coordinates":[[[174.74453,-36.85883],[174.74449,-36.85853],[174.7436,-36.85859],[174.74363,-36.85891],[174.74409,-36.85888],[174.74409,-36.85887],[174.74453,-36.85883]]]}},{"type":"Feature","properties":{"kind":"residential"},"geometry":{"type":"Polygon","coordinates":[[[174.74562,-36.85844],[174.74472,-36.85851],[174.74474,-36.8587],[174.74477,-36.85889],[174.74493,-36.85923],[174.7458,-36.85897],[174.74567,-36.85871],[174.74562,-36.85844]]]}},{"type":"Feature","properties":{"kind":"residential"},"geometry":{"type":"Polygon","coordinates":[[[174.74538,-36.85676],[174.74371,-36.85688],[174.74363,-36.85634],[174.7453,-36.85622],[174.74538,-36.85676]]]}},{"type":"Feature","properties":{"kind":"commercial"},"geometry":{"type":"Polygon","coordinates":[[[174.77777,-36.85336],[174.77773,-36.85335],[174.77764,-36.8533],[174.77666,-36.85271],[174.77662,-36.85276],[174.77671,-36.85301],[174.77691,-36.85329],[174.77706,-36.85348],[174.7771,-36.85351],[174.77709,-36.85364],[174.7772,-36.85379],[174.77722,-36.85382],[174.77747,-36.85422],[174.77763,-36.85437],[174.77821,-36.85458],[174.7784,-36.8545],[174.77821,-36.85418],[174.77851,-36.85406],[174.77832,-36.85379],[174.77792,-36.85329],[174.77777,-36.85336]]]}},{"type":"Feature","properties":{"kind":"commercial"},"geometry":{"type":"Polygon","coordinates":[[[174.77876,-36.85445],[174.77912,-36.85502],[174.77905,-36.85506],[174.77903,-36.85511],[174.779,-36.85512],[174.77884,-36.85519],[174.77843,-36.85457],[174.77876,-36.85445]]]}},{"type":"Feature","properties":{"kind":"residential"},"geometry":{"type":"Polygon","coordinates":[[[174.78,-36.85323],[174.78069,-36.85299],[174.78092,-36.85361],[174.7807,-36.85369],[174.78047,-36.85334],[174.78031,-36.8534],[174.78016,-36.85345],[174.78014,-36.85346],[174.78,-36.85323]]]}},{"type":"Feature","properties":{"kind":"residential"},"geometry":{"type":"Polygon","coordinates":[[[174.78065,-36.85292],[174.78042,-36.85246],[174.77976,-36.85263],[174.77975,-36.85265],[174.78002,-36.85313],[174.78065,-36.85292]]]}},{"type":"Feature","properties":{"kind":"residential"},"geometry":{"type":"Polygon","coordinates":[[[174.78036,-36.85237],[174.7797,-36.85255],[174.77928,-36.85191],[174.7796,-36.85179],[174.77954,-36.85168],[174.77986,-36.85157],[174.78036,-36.85237]]]}},{"type":"Feature","properties":{"kind":"residential"},"geometry":{"type":"Polygon","coordinates":[[[174.78087,-36.85226],[174.78046,-36.85234],[174.77986,-36.85133],[174.78022,-36.85119],[174.78072,-36.85173],[174.78087,-36.85226]]]}},{"type":"Feature","properties":{"kind":"commercial"},"geometry":{"type":"Polygon","coordinates":[[[174.77892,-36.85155],[174.77875,-36.85124],[174.77872,-36.85123],[174.77814,-36.85151],[174.77832,-36.85178],[174.77892,-36.85155]]]}},{"type":"Feature","properties":{"kind":"residential"},"geometry":{"type":"Polygon","coordinates":[[[174.77847,-36.85119],[174.77845,-36.85117],[174.77843,-36.85113],[174.7784,-36.85109],[174.77838,-36.85104],[174.77818,-36.85076],[174.77811,-36.85075],[174.77778,-36.85092],[174.77804,-36.85136],[174.77823,-36.85126],[174.77825,-36.85128],[174.77847,-36.85119]]]}},{"type":"Feature","properties":{"kind":"commercial"},"geometry":{"type":"Polygon","coordinates":[[[174.77896,-36.85099],[174.77862,-36.85047],[174.77825,-36.85066],[174.77847,-36.85101],[174.7785,-36.85105],[174.77852,-36.85109],[174.77855,-36.85113],[174.77856,-36.85115],[174.77896,-36.85099]]]}},{"type":"Feature","properties":{"kind":"commercial"},"geometry":{"type":"Polygon","coordinates":[[[174.77857,-36.85039],[174.77823,-36.85058],[174.77819,-36.85057],[174.77793,-36.85018],[174.77833,-36.84997],[174.77857,-36.85039]]]}},{"type":"Feature","properties":{"kind":"residential"},"geometry":{"type":"Polygon","coordinates":[[[174.77786,-36.85024],[174.77748,-36.85044],[174.77772,-36.85083],[174.77792,-36.85074],[174.7781,-36.85064],[174.77786,-36.85024]]]}},{"type":"Feature","properties":{"kind":"commercial"},"geometry":{"type":"Polygon","coordinates":[[[174.77838,-36.84992],[174.77906,-36.85094],[174.77966,-36.85072],[174.77936,-36.85026],[174.77922,-36.84995],[174.77945,-36.84988],[174.77932,-36.84961],[174.7785,-36.84987],[174.77838,-36.84992]]]}},{"type":"Feature","properties":{"kind":"commercial"},"geometry":{"type":"Polygon","coordinates":[[[174.77971,-36.85129],[174.77938,-36.85143],[174.77923,-36.85149],[174.77908,-36.85155],[174.77907,-36.85156],[174.77882,-36.85116],[174.77923,-36.85099],[174.77928,-36.85107],[174.77941,-36.85129],[174.77965,-36.8512],[174.77971,-36.85129]]]}},{"type":"Feature","properties":{"kind":"residential"},"geometry":{"type":"Polygon","coordinates":[[[174.7815,-36.85273],[174.78146,-36.85254],[174.7816,-36.85251],[174.78153,-36.85225],[174.78173,-36.85221],[174.78176,-36.85248],[174.78178,-36.85271],[174.78194,-36.85268],[174.78203,-36.85348],[174.78201,-36.85348],[174.78198,-36.85347],[174.78196,-36.85346],[174.78195,-36.85345],[174.78193,-36.8534],[174.78188,-36.85341],[174.7819,-36.85345],[174.7819,-36.85347],[174.78189,-36.85349],[174.78188,-36.85351],[174.78187,-36.85352],[174.78171,-36.85356],[174.78169,-36.85356],[174.78167,-36.85355],[174.78165,-36.85354],[174.78164,-36.85353],[174.78162,-36.85348],[174.78156,-36.85349],[174.78158,-36.85354],[174.78158,-36.85356],[174.78158,-36.85357],[174.78157,-36.85359],[174.78155,-36.8536],[174.78113,-36.8537],[174.78105,-36.85366],[174.78078,-36.85297],[174.78133,-36.85278],[174.7814,-36.85277],[174.78139,-36.85275],[174.7815,-36.85273]]]}},{"type":"Feature","properties":{"kind":"commercial"},"geometry":{"type":"Polygon","coordinates":[[[174.78173,-36.85221],[174.78241,-36.8521],[174.78242,-36.85218],[174.78244,-36.85218],[174.78246,-36.85225],[174.78248,-36.85289],[174.78254,-36.85334],[174.78252,-36.85338],[174.78203,-36.85348],[174.78194,-36.85268],[174.78178,-36.85271],[174.78176,-36.85248],[174.78173,-36.85221]]]}},{"type":"Feature","properties":{"kind":"residential"},"geometry":{"type":"Polygon","coordinates":[[[174.78108,-36.85481],[174.78135,-36.85471],[174.78123,-36.8544],[174.78111,-36.8541],[174.7815,-36.854],[174.78168,-36.85395],[174.78213,-36.85384],[174.7826,-36.85372],[174.78256,-36.85346],[174.78195,-36.85357],[174.78179,-36.8536],[174.781,-36.8538],[174.78096,-36.85372],[174.7805,-36.85388],[174.78108,-36.85481]]]}},{"type":"Feature","properties":{"kind":"residential"},"geometry":{"type":"Polygon","coordinates":[[[174.78614,-36.85215],[174.78488,-36.85232],[174.78477,-36.85178],[174.78599,-36.85161],[174.78614,-36.85215]]]}},{"type":"Feature","properties":{"kind":"residential"},"geometry":{"type":"Polygon","coordinates":[[[174.79016,-36.85237],[174.79106,-36.85098],[174.78995,-36.85052],[174.7898,-36.85078],[174.78881,-36.85037],[174.78878,-36.85042],[174.78846,-36.8503],[174.78795,-36.85117],[174.7893,-36.85175],[174.79016,-36.85237]]]}},{"type":"Feature","properties":{"kind":"residential"},"geometry":{"type":"Polygon","coordinates":[[[174.79023,-36.8526],[174.78938,-36.85385],[174.79017,-36.8542],[174.79098,-36.85304],[174.79097,-36.85294],[174.79023,-36.8526]]]}},{"type":"Feature","properties":{"kind":"residential"},"geometry":{"type":"Polygon","coordinates":[[[174.7901,-36.85434],[174.78931,-36.85398],[174.78928,-36.85399],[174.78848,-36.85511],[174.78893,-36.85528],[174.78925,-36.85481],[174.78964,-36.85496],[174.7901,-36.85434]]]}},{"type":"Feature","properties":{"kind":"residential"},"geometry":{"type":"Polygon","coordinates":[[[174.78912,-36.85572],[174.78882,-36.85541],[174.7884,-36.85521],[174.78747,-36.85665],[174.78805,-36.85727],[174.78912,-36.85572]]]}},{"type":"Feature","properties":{"kind":"residential"},"geometry":{"type":"Polygon","coordinates":[[[174.78819,-36.85742],[174.78923,-36.85595],[174.7894,-36.85669],[174.78922,-36.85703],[174.78899,-36.85734],[174.78861,-36.8578],[174.78855,-36.8578],[174.78819,-36.85742]]]}},{"type":"Feature","properties":{"kind":"commercial"},"geometry":{"type":"Polygon","coordinates":[[[174.78271,-36.85697],[174.78257,-36.85806],[174.78234,-36.85811],[174.78197,-36.85763],[174.78175,-36.85732],[174.78102,-36.85613],[174.78161,-36.85588],[174.78182,-36.85622],[174.78193,-36.85618],[174.78204,-36.85614],[174.78222,-36.85677],[174.78225,-36.85695],[174.78271,-36.85697]]]}},{"type":"Feature","properties":{"kind":"residential"},"geometry":{"type":"Polygon","coordinates":[[[174.77734,-36.85289],[174.77687,-36.8526],[174.77722,-36.85222],[174.77731,-36.85207],[174.77736,-36.85198],[174.77741,-36.8519],[174.77744,-36.85189],[174.77764,-36.85197],[174.77768,-36.85199],[174.77785,-36.85205],[174.77804,-36.85213],[174.77737,-36.85289],[174.77734,-36.85289]]]}},{"type":"Feature","properties":{"kind":"residential"},"geometry":{"type":"Polygon","coordinates":[[[174.77543,-36.86414],[174.77686,-36.86333],[174.77689,-36.86332],[174.77693,-36.86333],[174.77703,-36.86334],[174.77704,-36.86336],[174.77693,-36.86384],[174.77665,-36.86379],[174.77632,-36.8642],[174.77628,-36.86435],[174.77599,-36.86432],[174.77579,-36.8643],[174.77573,-36.8645],[174.77569,-36.86449],[174.77557,-36.86446],[174.7756,-36.86434],[174.77554,-36.86427],[174.77545,-36.86416],[174.77543,-36.86414]]]}},{"type":"Feature","properties":{"kind":"commercial"},"geometry":{"type":"Polygon","coordinates":[[[174.77628,-36.86435],[174.77632,-36.8642],[174.77665,-36.86379],[174.77693,-36.86384],[174.77651,-36.86513],[174.77582,-36.86498],[174.77561,-36.86495],[174.77556,-36.86493],[174.77568,-36.86454],[174.77569,-36.86449],[174.77573,-36.8645],[174.77579,-36.8643],[174.77599,-36.86432],[174.77628,-36.86435]]]}},{"type":"Feature","properties":{"kind":"commercial"},"geometry":{"type":"Polygon","coordinates":[[[174.77827,-36.86393],[174.77836,-36.86365],[174.77976,-36.86396],[174.77977,-36.86397],[174.77866,-36.86498],[174.77766,-36.86476],[174.77778,-36.8644],[174.77769,-36.86439],[174.77785,-36.86385],[174.77827,-36.86393]]]}},{"type":"Feature","properties":{"kind":"commercial"},"geometry":{"type":"Polygon","coordinates":[[[174.77718,-36.86338],[174.77787,-36.86353],[174.77756,-36.86452],[174.77761,-36.86453],[174.77746,-36.86502],[174.77738,-36.86531],[174.77682,-36.8652],[174.77664,-36.86516],[174.77718,-36.86338]]]}},{"type":"Feature","properties":{"kind":"residential"},"geometry":{"type":"Polygon","coordinates":[[[174.78908,-36.85391],[174.78747,-36.85389],[174.78741,-36.85384],[174.78684,-36.85183],[174.78716,-36.85174],[174.78716,-36.85173],[174.78733,-36.85163],[174.78785,-36.85134],[174.78907,-36.85187],[174.78834,-36.85292],[174.78833,-36.85299],[174.78835,-36.85303],[174.78842,-36.85304],[174.78851,-36.85299],[174.78923,-36.85192],[174.79003,-36.85254],[174.78908,-36.85391]]]}},{"type":"Feature","properties":{"kind":"residential"},"geometry":{"type":"Polygon","coordinates":[[[174.76741,-36.86321],[174.76708,-36.86314],[174.76752,-36.86196],[174.7678,-36.86202],[174.76781,-36.862],[174.76836,-36.86212],[174.76823,-36.86252],[174.76769,-36.8624],[174.76741,-36.86321]]]}},{"type":"Feature","properties":{"kind":"residential"},"geometry":{"type":"Polygon","coordinates":[[[174.79404,-36.86799],[174.79372,-36.86795],[174.79371,-36.86798],[174.79331,-36.86794],[174.79331,-36.86791],[174.7927,-36.86786],[174.79267,-36.86787],[174.79265,-36.8679],[174.79274,-36.86813],[174.7925,-36.86983],[174.79184,-36.87054],[174.79106,-36.87136],[174.79002,-36.87174],[174.7906,-36.87281],[174.79065,-36.87282],[174.79127,-36.87275],[174.79239,-36.8721],[174.79283,-36.87117],[174.79356,-36.8697],[174.79404,-36.86799]]]}},{"type":"Feature","properties":{"kind":"residential"},"geometry":{"type":"Polygon","coordinates":[[[174.79387,-36.87387],[174.79364,-36.87378],[174.79364,-36.87374],[174.79209,-36.87327],[174.79162,-36.87272],[174.79133,-36.87288],[174.79056,-36.87298],[174.79046,-36.87293],[174.78998,-36.8731],[174.78992,-36.87314],[174.78978,-36.8732],[174.789,-36.87351],[174.78894,-36.87356],[174.78891,-36.87358],[174.78888,-36.87359],[174.78885,-36.8736],[174.78881,-36.87359],[174.78878,-36.87356],[174.78876,-36.87353],[174.78875,-36.87349],[174.78877,-36.87344],[174.78881,-36.87344],[174.78913,-36.87332],[174.78948,-36.8732],[174.7897,-36.87311],[174.78986,-36.87303],[174.79039,-36.87284],[174.7904,-36.87281],[174.78984,-36.87181],[174.78735,-36.87272],[174.78616,-36.87348],[174.78615,-36.87352],[174.78645,-36.87382],[174.78663,-36.87391],[174.78678,-36.87391],[174.78688,-36.87387],[174.78755,-36.87357],[174.78808,-36.8735],[174.78815,-36.87345],[174.78821,-36.87344],[174.78825,-36.87344],[174.78829,-36.87346],[174.7883,-36.87347],[174.78832,-36.87349],[174.78833,-36.87352],[174.78834,-36.87356],[174.78833,-36.87358],[174.78831,-36.87361],[174.78828,-36.87363],[174.78822,-36.87365],[174.78815,-36.87365],[174.78806,-36.87362],[174.78766,-36.87367],[174.78689,-36.87401],[174.78704,-36.87439],[174.7878,-36.87484],[174.78817,-36.87443],[174.78842,-36.87448],[174.78843,-36.87447],[174.78861,-36.87422],[174.78867,-36.87413],[174.78884,-36.87416],[174.78918,-36.87432],[174.78855,-36.87527],[174.78921,-36.87557],[174.79017,-36.8745],[174.79035,-36.87461],[174.78939,-36.87566],[174.78981,-36.87583],[174.7889,-36.87698],[174.78908,-36.8772],[174.78924,-36.87753],[174.78962,-36.87745],[174.79058,-36.87635],[174.79128,-36.87562],[174.79145,-36.87573],[174.79085,-36.87637],[174.79023,-36.87709],[174.79026,-36.87714],[174.79039,-36.87723],[174.79048,-36.87732],[174.79053,-36.8774],[174.7906,-36.87754],[174.79072,-36.87766],[174.79089,-36.87778],[174.79104,-36.87785],[174.79135,-36.8774],[174.79148,-36.8772],[174.79171,-36.87701],[174.79181,-36.8769],[174.792,-36.87662],[174.7925,-36.87583],[174.79263,-36.87528],[174.79268,-36.87528],[174.79272,-36.87509],[174.79271,-36.87478],[174.7935,-36.8748],[174.79356,-36.87477],[174.79358,-36.87455],[174.79363,-36.87436],[174.79387,-36.87387]]]}},{"type":"Feature","properties":{"kind":"residential"},"geometry":{"type":"Polygon","coordinates":[[[174.79144,-36.87055],[174.79147,-36.87061],[174.79107,-36.87105],[174.79098,-36.87114],[174.7909,-36.87121],[174.7898,-36.87161],[174.78869,-36.87202],[174.78865,-36.87202],[174.78862,-36.872],[174.78807,-36.87136],[174.78808,-36.87128],[174.78823,-36.87118],[174.78832,-36.87113],[174.78834,-36.87112],[174.78897,-36.87067],[174.78937,-36.87042],[174.78966,-36.87029],[174.78989,-36.87024],[174.79016,-36.87021],[174.79037,-36.8702],[174.79049,-36.87022],[174.79068,-36.87027],[174.79086,-36.87033],[174.79144,-36.87055]]]}},{"type":"Feature","properties":{"kind":"residential"},"geometry":{"type":"Polygon","coordinates":[[[174.78508,-36.87087],[174.78501,-36.87088],[174.78413,-36.86996],[174.78393,-36.86957],[174.78397,-36.86854],[174.78362,-36.86715],[174.78363,-36.86711],[174.78415,-36.86668],[174.78438,-36.86649],[174.78491,-36.86691],[174.78499,-36.867],[174.78501,-36.86712],[174.78502,-36.86816],[174.78529,-36.86823],[174.78529,-36.86802],[174.78518,-36.86785],[174.78521,-36.86696],[174.78452,-36.86639],[174.78474,-36.86621],[174.78594,-36.86526],[174.78632,-36.86504],[174.78636,-36.86501],[174.78706,-36.86465],[174.78736,-36.86449],[174.78743,-36.86448],[174.78753,-36.86448],[174.78759,-36.8645],[174.78769,-36.86455],[174.78793,-36.86467],[174.78846,-36.86498],[174.78863,-36.86508],[174.78866,-36.8651],[174.78868,-36.86512],[174.78869,-36.86516],[174.78866,-36.8652],[174.78716,-36.86622],[174.78669,-36.86655],[174.78644,-36.86673],[174.7864,-36.8668],[174.78636,-36.86688],[174.78624,-36.86726],[174.78624,-36.86829],[174.78558,-36.86973],[174.78535,-36.87027],[174.78527,-36.87043],[174.78508,-36.87087]]]}},{"type":"Feature","properties":{"kind":"residential"},"geometry":{"type":"Polygon","coordinates":[[[174.7892,-36.86575],[174.7891,-36.86591],[174.78902,-36.86615],[174.78902,-36.86628],[174.78903,-36.86631],[174.78905,-36.86652],[174.78917,-36.86707],[174.78918,-36.86724],[174.78915,-36.86742],[174.78911,-36.86756],[174.78903,-36.86772],[174.78894,-36.86787],[174.78868,-36.86812],[174.78846,-36.86831],[174.78805,-36.8686],[174.78769,-36.86994],[174.78753,-36.87016],[174.78742,-36.8702],[174.78737,-36.87035],[174.78761,-36.8704],[174.7877,-36.8702],[174.78783,-36.87008],[174.78821,-36.86867],[174.78854,-36.86848],[174.78907,-36.86797],[174.79018,-36.86818],[174.79015,-36.86825],[174.79038,-36.86829],[174.79048,-36.86828],[174.79071,-36.86837],[174.79093,-36.86858],[174.79096,-36.86856],[174.79148,-36.86916],[174.79155,-36.86926],[174.7917,-36.86952],[174.79228,-36.86977],[174.79165,-36.87042],[174.79099,-36.87018],[174.79079,-36.87011],[174.79062,-36.87006],[174.79051,-36.87005],[174.79028,-36.87003],[174.7901,-36.87003],[174.78993,-36.87006],[174.78965,-36.87011],[174.7895,-36.87014],[174.78934,-36.87021],[174.78928,-36.87024],[174.78859,-36.8707],[174.78818,-36.87098],[174.78777,-36.87126],[174.78846,-36.8721],[174.78717,-36.87262],[174.78554,-36.87366],[174.78551,-36.87364],[174.78588,-36.8723],[174.78524,-36.87109],[174.78532,-36.87085],[174.78544,-36.87061],[174.78648,-36.86828],[174.78646,-36.86734],[174.78647,-36.86729],[174.78661,-36.86686],[174.78859,-36.86541],[174.78903,-36.86566],[174.78924,-36.86539],[174.78941,-36.86548],[174.78937,-36.86554],[174.7892,-36.86575]]]}},{"type":"Feature","properties":{"kind":"residential"},"geometry":{"type":"Polygon","coordinates":[[[174.78953,-36.8659],[174.78952,-36.866],[174.78964,-36.86623],[174.7892,-36.86626],[174.7892,-36.86628],[174.7892,-36.86631],[174.78935,-36.86709],[174.78936,-36.86722],[174.78936,-36.86735],[174.78929,-36.8676],[174.78919,-36.86779],[174.78908,-36.86795],[174.79019,-36.86815],[174.79021,-36.86807],[174.79054,-36.86813],[174.79053,-36.86816],[174.79087,-36.86822],[174.79164,-36.86914],[174.79178,-36.86937],[174.79185,-36.86945],[174.79226,-36.86963],[174.79229,-36.86962],[174.7925,-36.86816],[174.79235,-36.86772],[174.79214,-36.86714],[174.79209,-36.86709],[174.79198,-36.86702],[174.79106,-36.86643],[174.79097,-36.86638],[174.79092,-36.86637],[174.79076,-36.86639],[174.79024,-36.86643],[174.79006,-36.86616],[174.79002,-36.86611],[174.78978,-36.86577],[174.78953,-36.8659]]]}},{"type":"Feature","properties":{"kind":"residential"},"geometry":{"type":"Polygon","coordinates":[[[174.78506,-36.87268],[174.7852,-36.8727],[174.78515,-36.87289],[174.78507,-36.87288],[174.78503,-36.87301],[174.78543,-36.87309],[174.78564,-36.87239],[174.78563,-36.8723],[174.78541,-36.87188],[174.78503,-36.87121],[174.78411,-36.87026],[174.78404,-36.87029],[174.78399,-36.87033],[174.78384,-36.87062],[174.78382,-36.87069],[174.78375,-36.87077],[174.78366,-36.87069],[174.78376,-36.87058],[174.78394,-36.87026],[174.78404,-36.87018],[174.78391,-36.87002],[174.78372,-36.86964],[174.78371,-36.86956],[174.78374,-36.86853],[174.78342,-36.86724],[174.78323,-36.86728],[174.78307,-36.86765],[174.78292,-36.86795],[174.7829,-36.8685],[174.78283,-36.86864],[174.78275,-36.86876],[174.78266,-36.86882],[174.78253,-36.86882],[174.78238,-36.86887],[174.78214,-36.86896],[174.78181,-36.86922],[174.78226,-36.87046],[174.7823,-36.87059],[174.78227,-36.87086],[174.78219,-36.87105],[174.7808,-36.8721],[174.78091,-36.87219],[174.78065,-36.87238],[174.78088,-36.87256],[174.78131,-36.87284],[174.78175,-36.8724],[174.78136,-36.87215],[174.78144,-36.87209],[174.78152,-36.87213],[174.78187,-36.87235],[174.78218,-36.87251],[174.78249,-36.87263],[174.78257,-36.87265],[174.78263,-36.87265],[174.78313,-36.87212],[174.7833,-36.8722],[174.78294,-36.87265],[174.78284,-36.87274],[174.78274,-36.87279],[174.78316,-36.87302],[174.78296,-36.87322],[174.78331,-36.87347],[174.78352,-36.87325],[174.78338,-36.87317],[174.78373,-36.8728],[174.78404,-36.8725],[174.784,-36.87246],[174.78406,-36.87239],[174.78414,-36.87236],[174.78422,-36.87236],[174.78487,-36.8725],[174.78495,-36.87256],[174.785,-36.87264],[174.78506,-36.87268]]]}},{"type":"Feature","properties":{"kind":"residential"},"geometry":{"type":"Polygon","coordinates":[[[174.78102,-36.86983],[174.78212,-36.87079],[174.78214,-36.87078],[174.78218,-36.8707],[174.78218,-36.87059],[174.78196,-36.87002],[174.78171,-36.86933],[174.78102,-36.86983]]]}},{"type":"Feature","properties":{"kind":"retail"},"geometry":{"type":"Polygon","coordinates":[[[174.78237,-36.86219],[174.78223,-36.86209],[174.78217,-36.86207],[174.78212,-36.86207],[174.78208,-36.86209],[174.78202,-36.86214],[174.78184,-36.86234],[174.7813,-36.86284],[174.7815,-36.86298],[174.78161,-36.86287],[174.78153,-36.86281],[174.78155,-36.86279],[174.78169,-36.86289],[174.78173,-36.86289],[174.78199,-36.86275],[174.7822,-36.86254],[174.7821,-36.86248],[174.78219,-36.86238],[174.78237,-36.86219]]]}},{"type":"Feature","properties":{"kind":"residential"},"geometry":{"type":"Polygon","coordinates":[[[174.78237,-36.86219],[174.78355,-36.86299],[174.78369,-36.86308],[174.78389,-36.86317],[174.78532,-36.86372],[174.78516,-36.86395],[174.78499,-36.8641],[174.78377,-36.86399],[174.78361,-36.8639],[174.7834,-36.86378],[174.78332,-36.86344],[174.78314,-36.86347],[174.78287,-36.86342],[174.7828,-36.86337],[174.78296,-36.86316],[174.78229,-36.86259],[174.7822,-36.86254],[174.7821,-36.86248],[174.78219,-36.86238],[174.78237,-36.86219]]]}},{"type":"Feature","properties":{"kind":"residential"},"geometry":{"type":"Polygon","coordinates":[[[174.78504,-36.86342],[174.7848,-36.86332],[174.78386,-36.86295],[174.78279,-36.86224],[174.78341,-36.86179],[174.78375,-36.86193],[174.78403,-36.86173],[174.78496,-36.86207],[174.78596,-36.86279],[174.78578,-36.86291],[174.78504,-36.86342]]]}},{"type":"Feature","properties":{"kind":"residential"},"geometry":{"type":"Polygon","coordinates":[[[174.78467,-36.86049],[174.78466,-36.86056],[174.78448,-36.86066],[174.78433,-36.86073],[174.78349,-36.86078],[174.7829,-36.86064],[174.78284,-36.86067],[174.78221,-36.86172],[174.78222,-36.86183],[174.78268,-36.86215],[174.78338,-36.86164],[174.78373,-36.86178],[174.78401,-36.86159],[174.78505,-36.86196],[174.78608,-36.86271],[174.78636,-36.86251],[174.78609,-36.86226],[174.78522,-36.86149],[174.78561,-36.8609],[174.78535,-36.86055],[174.7852,-36.86036],[174.78467,-36.86049]]]}},{"type":"Feature","properties":{"kind":"commercial"},"geometry":{"type":"Polygon","coordinates":[[[174.77983,-36.87193],[174.77964,-36.87236],[174.77982,-36.87251],[174.78012,-36.87218],[174.78035,-36.87237],[174.77975,-36.87305],[174.78004,-36.87325],[174.78026,-36.87307],[174.7805,-36.87324],[174.7808,-36.87344],[174.78053,-36.8737],[174.7802,-36.87348],[174.77997,-36.87331],[174.77986,-36.8734],[174.77925,-36.87364],[174.77907,-36.87299],[174.77895,-36.87247],[174.7789,-36.8722],[174.77888,-36.87209],[174.77877,-36.871],[174.77879,-36.87102],[174.77893,-36.87115],[174.77983,-36.87193]]]}},{"type":"Feature","properties":{"kind":"commercial"},"geometry":{"type":"Polygon","coordinates":[[[174.76495,-36.85731],[174.76445,-36.85773],[174.76474,-36.85795],[174.76522,-36.85752],[174.76495,-36.85731]]]}},{"type":"Feature","properties":{"kind":"commercial"},"geometry":{"type":"Polygon","coordinates":[[[174.7643,-36.85622],[174.76487,-36.8565],[174.76473,-36.85667],[174.76502,-36.85687],[174.76516,-36.85672],[174.76529,-36.85657],[174.7653,-36.85656],[174.76533,-36.85649],[174.76535,-36.85646],[174.76495,-36.8563],[174.76502,-36.85619],[174.76507,-36.8562],[174.7654,-36.85606],[174.76499,-36.85536],[174.76493,-36.85538],[174.76492,-36.85537],[174.76463,-36.85547],[174.76457,-36.85549],[174.76458,-36.85553],[174.7644,-36.8557],[174.76466,-36.85591],[174.7643,-36.85622]]]}},{"type":"Feature","properties":{"kind":"commercial"},"geometry":{"type":"Polygon","coordinates":[[[174.7629,-36.85685],[174.76283,-36.8568],[174.76216,-36.85661],[174.76168,-36.85769],[174.76168,-36.85773],[174.76171,-36.85776],[174.76173,-36.85778],[174.76178,-36.85779],[174.76221,-36.85779],[174.76223,-36.85778],[174.76246,-36.85725],[174.7629,-36.85685]]]}},{"type":"Feature","properties":{"kind":"commercial"},"geometry":{"type":"Polygon","coordinates":[[[174.76008,-36.85932],[174.76027,-36.85892],[174.76059,-36.85894],[174.76067,-36.85892],[174.76068,-36.85876],[174.76074,-36.85877],[174.76074,-36.85875],[174.76075,-36.85861],[174.7592,-36.85856],[174.75918,-36.85859],[174.75931,-36.85886],[174.75941,-36.85907],[174.75947,-36.85916],[174.75961,-36.85926],[174.75968,-36.85928],[174.75983,-36.8593],[174.76008,-36.85932]]]}},{"type":"Feature","properties":{"kind":"residential"},"geometry":{"type":"Polygon","coordinates":[[[174.76057,-36.85937],[174.76054,-36.85939],[174.76051,-36.85941],[174.76047,-36.85941],[174.76015,-36.85933],[174.76026,-36.85915],[174.76029,-36.85912],[174.76041,-36.85915],[174.76049,-36.85897],[174.76058,-36.85899],[174.76059,-36.85894],[174.76067,-36.85892],[174.76068,-36.85876],[174.76074,-36.85877],[174.76074,-36.85875],[174.76075,-36.85861],[174.76085,-36.85862],[174.76088,-36.85864],[174.76087,-36.85869],[174.76074,-36.85903],[174.76057,-36.85937]]]}},{"type":"Feature","properties":{"kind":"residential"},"geometry":{"type":"Polygon","coordinates":[[[174.75758,-36.85672],[174.75724,-36.85656],[174.75717,-36.85657],[174.75682,-36.85683],[174.75677,-36.85697],[174.75756,-36.85673],[174.75758,-36.85672]]]}},{"type":"Feature","properties":{"kind":"residential"},"geometry":{"type":"Polygon","coordinates":[[[174.74733,-36.86081],[174.74664,-36.86123],[174.74565,-36.86024],[174.74638,-36.85979],[174.74733,-36.86081]]]}},{"type":"Feature","properties":{"kind":"residential"},"geometry":{"type":"Polygon","coordinates":[[[174.74618,-36.8596],[174.74598,-36.85939],[174.74585,-36.85914],[174.74501,-36.8594],[174.74519,-36.85976],[174.74544,-36.86002],[174.7455,-36.86003],[174.74618,-36.8596]]]}},{"type":"Feature","properties":{"kind":"residential"},"geometry":{"type":"Polygon","coordinates":[[[174.74397,-36.85973],[174.7448,-36.85947],[174.74497,-36.85982],[174.7453,-36.86016],[174.74454,-36.86062],[174.74429,-36.86038],[174.74433,-36.86035],[174.74418,-36.86019],[174.74397,-36.85973]]]}},{"type":"Feature","properties":{"kind":"residential"},"geometry":{"type":"Polygon","coordinates":[[[174.74368,-36.85963],[174.74268,-36.85994],[174.74262,-36.85993],[174.74248,-36.85868],[174.74337,-36.85861],[174.74343,-36.85913],[174.74368,-36.85963]]]}},{"type":"Feature","properties":{"kind":"residential"},"geometry":{"type":"Polygon","coordinates":[[[174.7415,-36.86002],[174.74239,-36.85995],[174.74225,-36.8587],[174.74135,-36.85876],[174.74142,-36.85939],[174.7415,-36.86002]]]}},{"type":"Feature","properties":{"kind":"residential"},"geometry":{"type":"Polygon","coordinates":[[[174.74925,-36.86475],[174.74861,-36.86526],[174.74915,-36.86571],[174.74954,-36.86541],[174.74951,-36.86538],[174.74977,-36.86518],[174.74925,-36.86475]]]}},{"type":"Feature","properties":{"kind":"residential"},"geometry":{"type":"Polygon","coordinates":[[[174.74997,-36.86416],[174.74934,-36.86467],[174.74987,-36.86509],[174.75008,-36.86492],[174.75009,-36.86492],[174.7501,-36.86492],[174.75012,-36.86491],[174.75014,-36.86489],[174.75028,-36.86478],[174.75048,-36.86459],[174.74997,-36.86416]]]}},{"type":"Feature","properties":{"kind":"residential"},"geometry":{"type":"Polygon","coordinates":[[[174.74851,-36.86534],[174.74793,-36.86581],[174.74704,-36.86611],[174.7473,-36.86664],[174.74846,-36.86623],[174.74862,-36.86611],[174.74905,-36.86576],[174.74851,-36.86534]]]}},{"type":"Feature","properties":{"kind":"residential"},"geometry":{"type":"Polygon","coordinates":[[[174.7507,-36.86379],[174.75021,-36.86342],[174.74971,-36.86381],[174.75019,-36.8642],[174.75036,-36.86408],[174.75052,-36.86395],[174.7507,-36.86379]]]}},{"type":"Feature","properties":{"kind":"residential"},"geometry":{"type":"Polygon","coordinates":[[[174.74933,-36.86366],[174.74873,-36.86415],[174.74925,-36.86459],[174.74986,-36.86409],[174.74933,-36.86366]]]}},{"type":"Feature","properties":{"kind":"residential"},"geometry":{"type":"Polygon","coordinates":[[[174.73747,-36.86032],[174.73701,-36.86036],[174.73684,-36.85889],[174.73714,-36.85887],[174.73728,-36.85887],[174.73747,-36.86032]]]}},{"type":"Feature","properties":{"kind":"residential"},"geometry":{"type":"Polygon","coordinates":[[[174.74119,-36.85941],[174.74127,-36.86004],[174.74038,-36.8601],[174.7403,-36.85947],[174.74028,-36.85931],[174.74072,-36.85912],[174.74087,-36.85911],[174.74119,-36.85908],[174.74122,-36.8594],[174.74119,-36.85941]]]}},{"type":"Feature","properties":{"kind":"residential"},"geometry":{"type":"Polygon","coordinates":[[[174.73935,-36.85636],[174.73882,-36.85639],[174.73907,-36.85874],[174.73998,-36.85867],[174.73975,-36.85666],[174.73971,-36.85659],[174.73935,-36.85636]]]}},{"type":"Feature","properties":{"kind":"residential"},"geometry":{"type":"Polygon","coordinates":[[[174.73567,-36.86063],[174.73477,-36.86069],[174.73489,-36.86178],[174.73546,-36.86173],[174.73557,-36.86197],[174.73549,-36.86199],[174.7354,-36.86208],[174.73547,-36.86223],[174.73609,-36.86203],[174.73575,-36.86135],[174.73567,-36.86063]]]}},{"type":"Feature","properties":{"kind":"residential"},"geometry":{"type":"Polygon","coordinates":[[[174.73617,-36.86221],[174.73573,-36.86234],[174.73559,-36.86241],[174.73598,-36.86266],[174.73654,-36.86299],[174.73617,-36.86221]]]}},{"type":"Feature","properties":{"kind":"commercial"},"geometry":{"type":"Polygon","coordinates":[[[174.76247,-36.86362],[174.76243,-36.86375],[174.76241,-36.86382],[174.76234,-36.86404],[174.76229,-36.8642],[174.76316,-36.86439],[174.76329,-36.86402],[174.76334,-36.86393],[174.76336,-36.86388],[174.76332,-36.86387],[174.7633,-36.86388],[174.763,-36.86382],[174.76284,-36.86379],[174.76284,-36.86375],[174.76247,-36.86362]]]}},{"type":"Feature","properties":{"name":"Glenside Reserve South","kind":"park"},"geometry":{"type":"Polygon","coordinates":[[[174.76206,-36.86267],[174.76203,-36.86266],[174.76201,-36.86273],[174.76196,-36.86296],[174.76191,-36.8631],[174.76252,-36.86321],[174.7621,-36.86272],[174.76206,-36.86267]]]}},{"type":"Feature","properties":{"kind":"residential"},"geometry":{"type":"Polygon","coordinates":[[[174.73665,-36.84577],[174.73589,-36.84584],[174.73659,-36.85044],[174.73736,-36.85037],[174.73712,-36.84887],[174.73665,-36.84577]]]}},{"type":"Feature","properties":{"kind":"residential"},"geometry":{"type":"Polygon","coordinates":[[[174.73538,-36.85054],[174.73462,-36.85061],[174.73454,-36.85057],[174.73379,-36.84634],[174.73435,-36.84627],[174.7343,-36.84603],[174.73468,-36.846],[174.73538,-36.85054]]]}},{"type":"Feature","properties":{"kind":"residential"},"geometry":{"type":"Polygon","coordinates":[[[174.73561,-36.85053],[174.73637,-36.85046],[174.73566,-36.84587],[174.73491,-36.84596],[174.73561,-36.85053]]]}},{"type":"Feature","properties":{"kind":"residential"},"geometry":{"type":"Polygon","coordinates":[[[174.73802,-36.84868],[174.73736,-36.84874],[174.73686,-36.84564],[174.73724,-36.8456],[174.73726,-36.84572],[174.73758,-36.84569],[174.73802,-36.84868]]]}},{"type":"Feature","properties":{"kind":"residential"},"geometry":{"type":"Polygon","coordinates":[[[174.73883,-36.84861],[174.73813,-36.84868],[174.73769,-36.84579],[174.73807,-36.84576],[174.73806,-36.84566],[174.73832,-36.84564],[174.73883,-36.84861]]]}},{"type":"Feature","properties":{"kind":"residential"},"geometry":{"type":"Polygon","coordinates":[[[174.73961,-36.84874],[174.73904,-36.84878],[174.73849,-36.84527],[174.73906,-36.84522],[174.73961,-36.84874]]]}},{"type":"Feature","properties":{"kind":"residential"},"geometry":{"type":"Polygon","coordinates":[[[174.73964,-36.84891],[174.73907,-36.84896],[174.73931,-36.85098],[174.73992,-36.85091],[174.73994,-36.8509],[174.73964,-36.84891]]]}},{"type":"Feature","properties":{"kind":"residential"},"geometry":{"type":"Polygon","coordinates":[[[174.73995,-36.85103],[174.74002,-36.85155],[174.73867,-36.85168],[174.73849,-36.85077],[174.73847,-36.85077],[174.73816,-36.84886],[174.73881,-36.84879],[174.73915,-36.85099],[174.73901,-36.851],[174.73902,-36.85111],[174.73995,-36.85103]]]}},{"type":"Feature","properties":{"kind":"residential"},"geometry":{"type":"Polygon","coordinates":[[[174.74224,-36.8487],[174.7398,-36.8489],[174.73989,-36.84947],[174.74199,-36.84928],[174.74194,-36.849],[174.74229,-36.84898],[174.74224,-36.8487]]]}},{"type":"Feature","properties":{"kind":"residential"},"geometry":{"type":"Polygon","coordinates":[[[174.73922,-36.85532],[174.73927,-36.85543],[174.74128,-36.85525],[174.74121,-36.8547],[174.73934,-36.85487],[174.73937,-36.85506],[174.73917,-36.85507],[174.73911,-36.85509],[174.73917,-36.85522],[174.73954,-36.85518],[174.73955,-36.85529],[174.73922,-36.85532]]]}},{"type":"Feature","properties":{"kind":"residential"},"geometry":{"type":"Polygon","coordinates":[[[174.7434,-36.85451],[174.74138,-36.85469],[174.74145,-36.85524],[174.74347,-36.85506],[174.7434,-36.85451]]]}},{"type":"Feature","properties":{"kind":"residential"},"geometry":{"type":"Polygon","coordinates":[[[174.7452,-36.85436],[174.74523,-36.85462],[174.7455,-36.8546],[174.74555,-36.85488],[174.74365,-36.85504],[174.74357,-36.8545],[174.7452,-36.85436]]]}},{"type":"Feature","properties":{"kind":"residential"},"geometry":{"type":"Polygon","coordinates":[[[174.7436,-36.85617],[174.74564,-36.85603],[174.7459,-36.85595],[174.74577,-36.85567],[174.74574,-36.85568],[174.7457,-36.85543],[174.74421,-36.85555],[174.74407,-36.85556],[174.7435,-36.8556],[174.7436,-36.85617]]]}},{"type":"Feature","properties":{"kind":"residential"},"geometry":{"type":"Polygon","coordinates":[[[174.74466,-36.86246],[174.74395,-36.86291],[174.74299,-36.86191],[174.7437,-36.86147],[174.74466,-36.86246]]]}},{"type":"Feature","properties":{"kind":"residential"},"geometry":{"type":"Polygon","coordinates":[[[174.7401,-36.86218],[174.74084,-36.86294],[174.74011,-36.86338],[174.7394,-36.86264],[174.7401,-36.86218]]]}},{"type":"Feature","properties":{"kind":"residential"},"geometry":{"type":"Polygon","coordinates":[[[174.74111,-36.86469],[174.74041,-36.86513],[174.74039,-36.86513],[174.73943,-36.86415],[174.74014,-36.86369],[174.74111,-36.86469]]]}},{"type":"Feature","properties":{"kind":"residential"},"geometry":{"type":"Polygon","coordinates":[[[174.74104,-36.86314],[174.742,-36.86413],[174.74128,-36.86457],[174.74033,-36.86359],[174.74102,-36.86314],[174.74104,-36.86314]]]}},{"type":"Feature","properties":{"kind":"residential"},"geometry":{"type":"Polygon","coordinates":[[[174.74281,-36.86202],[174.7421,-36.86246],[174.74307,-36.86347],[174.74378,-36.86302],[174.74281,-36.86202]]]}},{"type":"Feature","properties":{"kind":"residential"},"geometry":{"type":"Polygon","coordinates":[[[174.74547,-36.86035],[174.74645,-36.86135],[174.74574,-36.8618],[174.74478,-36.86079],[174.74547,-36.86035]]]}},{"type":"Feature","properties":{"kind":"residential"},"geometry":{"type":"Polygon","coordinates":[[[174.74805,-36.86286],[174.74775,-36.86311],[174.74803,-36.86336],[174.74771,-36.8636],[174.74689,-36.86291],[174.74588,-36.86193],[174.74659,-36.8615],[174.74739,-36.86232],[174.74805,-36.86286]]]}},{"type":"Feature","properties":{"kind":"residential"},"geometry":{"type":"Polygon","coordinates":[[[174.74524,-36.86235],[174.7457,-36.86206],[174.74678,-36.86312],[174.74727,-36.86349],[174.7466,-36.864],[174.74584,-36.86338],[174.74508,-36.86259],[174.74533,-36.86244],[174.74524,-36.86235]]]}},{"type":"Feature","properties":{"kind":"residential"},"geometry":{"type":"Polygon","coordinates":[[[174.74506,-36.86464],[174.74466,-36.86477],[174.74458,-36.86463],[174.74415,-36.86478],[174.74397,-36.8644],[174.7432,-36.86361],[174.74393,-36.86316],[174.74472,-36.86402],[174.74506,-36.86464]]]}},{"type":"Feature","properties":{"kind":"residential"},"geometry":{"type":"Polygon","coordinates":[[[174.73451,-36.86053],[174.73296,-36.86064],[174.73294,-36.86056],[174.73286,-36.86006],[174.73324,-36.86003],[174.73401,-36.86003],[174.73446,-36.86],[174.73454,-36.86051],[174.73451,-36.86053]]]}},{"type":"Feature","properties":{"kind":"residential"},"geometry":{"type":"Polygon","coordinates":[[[174.73445,-36.8599],[174.73437,-36.85927],[174.73343,-36.85934],[174.73316,-36.85946],[174.73316,-36.85949],[174.73323,-36.8599],[174.73323,-36.85992],[174.73396,-36.85993],[174.73405,-36.85993],[174.73445,-36.8599]]]}},{"type":"Feature","properties":{"kind":"residential"},"geometry":{"type":"Polygon","coordinates":[[[174.73661,-36.85892],[174.73646,-36.85768],[174.73643,-36.85769],[174.73625,-36.85744],[174.73274,-36.85919],[174.73306,-36.85937],[174.73315,-36.85943],[174.73376,-36.85912],[174.73462,-36.85906],[174.73469,-36.85908],[174.73549,-36.85902],[174.73541,-36.85831],[174.73564,-36.85829],[174.73573,-36.85898],[174.73661,-36.85892]]]}},{"type":"Feature","properties":{"kind":"residential"},"geometry":{"type":"Polygon","coordinates":[[[174.73161,-36.8588],[174.73154,-36.85868],[174.73551,-36.85669],[174.73558,-36.85666],[174.73566,-36.85663],[174.73577,-36.85662],[174.73635,-36.85657],[174.73641,-36.85715],[174.73254,-36.85907],[174.73223,-36.85893],[174.73182,-36.85913],[174.73154,-36.85898],[174.73195,-36.85877],[174.73181,-36.8587],[174.73161,-36.8588]]]}},{"type":"Feature","properties":{"kind":"residential"},"geometry":{"type":"Polygon","coordinates":[[[174.73746,-36.85649],[174.73658,-36.85656],[174.73669,-36.85759],[174.73759,-36.85752],[174.73747,-36.8565],[174.73746,-36.85649]]]}},{"type":"Feature","properties":{"kind":"residential"},"geometry":{"type":"Polygon","coordinates":[[[174.7432,-36.85717],[174.74231,-36.85723],[174.74245,-36.85849],[174.74335,-36.85843],[174.7432,-36.85717]]]}},{"type":"Feature","properties":{"kind":"residential"},"geometry":{"type":"Polygon","coordinates":[[[174.74357,-36.85841],[174.74448,-36.85835],[174.74433,-36.85708],[174.74343,-36.85715],[174.74357,-36.85841]]]}},{"type":"Feature","properties":{"kind":"residential"},"geometry":{"type":"Polygon","coordinates":[[[174.7456,-36.85827],[174.7447,-36.85833],[174.74456,-36.85707],[174.74545,-36.857],[174.7456,-36.85827]]]}},{"type":"Feature","properties":{"kind":"residential"},"geometry":{"type":"Polygon","coordinates":[[[174.7435,-36.8569],[174.7409,-36.85708],[174.74075,-36.85698],[174.74017,-36.85658],[174.74236,-36.85641],[174.74239,-36.8567],[174.74346,-36.85662],[174.7435,-36.8569]]]}},{"type":"Feature","properties":{"kind":"residential"},"geometry":{"type":"Polygon","coordinates":[[[174.74111,-36.85859],[174.7402,-36.85865],[174.7401,-36.85782],[174.74079,-36.85777],[174.74079,-36.85766],[174.74099,-36.85765],[174.74111,-36.85859]]]}},{"type":"Feature","properties":{"kind":"residential"},"geometry":{"type":"Polygon","coordinates":[[[174.74215,-36.85751],[174.74168,-36.85754],[174.74172,-36.85782],[174.74125,-36.85787],[174.74133,-36.85858],[174.74228,-36.85851],[174.74215,-36.85751]]]}},{"type":"Feature","properties":{"kind":"residential"},"geometry":{"type":"Polygon","coordinates":[[[174.73859,-36.85641],[174.7377,-36.85648],[174.7378,-36.85749],[174.73796,-36.85748],[174.73824,-36.85746],[174.73827,-36.85811],[174.73853,-36.8581],[174.73878,-36.8581],[174.73859,-36.85641]]]}},{"type":"Feature","properties":{"kind":"retail"},"geometry":{"type":"Polygon","coordinates":[[[174.73814,-36.86457],[174.73813,-36.86464],[174.73775,-36.8649],[174.73766,-36.8649],[174.73764,-36.86488],[174.73748,-36.864],[174.73757,-36.86399],[174.73814,-36.86457]]]}},{"type":"Feature","properties":{"kind":"commercial"},"geometry":{"type":"Polygon","coordinates":[[[174.7515,-36.86053],[174.7508,-36.85992],[174.75014,-36.85927],[174.74943,-36.85971],[174.75003,-36.86034],[174.75031,-36.8606],[174.75087,-36.86107],[174.7515,-36.86053]]]}},{"type":"Feature","properties":{"kind":"commercial"},"geometry":{"type":"Polygon","coordinates":[[[174.75071,-36.86117],[174.75009,-36.86168],[174.74924,-36.86099],[174.74857,-36.86029],[174.74858,-36.86025],[174.74926,-36.85983],[174.74949,-36.86008],[174.7499,-36.86051],[174.75071,-36.86117]]]}},{"type":"Feature","properties":{"kind":"commercial"},"geometry":{"type":"Polygon","coordinates":[[[174.74991,-36.8618],[174.7493,-36.86232],[174.74847,-36.86165],[174.74767,-36.86082],[174.74835,-36.86039],[174.74838,-36.86039],[174.74907,-36.86111],[174.74991,-36.8618]]]}},{"type":"Feature","properties":{"kind":"commercial"},"geometry":{"type":"Polygon","coordinates":[[[174.75007,-36.86337],[174.74961,-36.86299],[174.74917,-36.86336],[174.74953,-36.86364],[174.74963,-36.86372],[174.75007,-36.86337]]]}},{"type":"Feature","properties":{"kind":"commercial"},"geometry":{"type":"Polygon","coordinates":[[[174.76917,-36.85789],[174.76934,-36.85753],[174.76989,-36.85647],[174.77005,-36.85627],[174.77034,-36.85605],[174.77044,-36.85601],[174.77078,-36.85588],[174.77074,-36.85599],[174.77082,-36.85606],[174.77089,-36.85599],[174.77095,-36.85603],[174.77085,-36.85612],[174.77069,-36.85637],[174.77054,-36.85658],[174.77032,-36.85687],[174.77019,-36.85711],[174.77017,-36.85723],[174.7702,-36.85743],[174.77013,-36.85788],[174.77004,-36.85793],[174.76965,-36.85799],[174.76951,-36.85798],[174.76917,-36.85789]]]}},{"type":"Feature","properties":{"kind":"commercial"},"geometry":{"type":"Polygon","coordinates":[[[174.76733,-36.85903],[174.76785,-36.85934],[174.76842,-36.85872],[174.76787,-36.85838],[174.76779,-36.85846],[174.76765,-36.8586],[174.76762,-36.85858],[174.76734,-36.85892],[174.76733,-36.85903]]]}},{"type":"Feature","properties":{"kind":"commercial"},"geometry":{"type":"Polygon","coordinates":[[[174.76884,-36.85823],[174.76825,-36.85802],[174.76832,-36.85796],[174.76846,-36.85773],[174.76868,-36.85742],[174.7689,-36.85711],[174.76909,-36.85686],[174.76938,-36.85696],[174.76884,-36.85823]]]}},{"type":"Feature","properties":{"kind":"residential"},"geometry":{"type":"Polygon","coordinates":[[[174.7651,-36.86112],[174.76466,-36.86158],[174.76495,-36.86176],[174.76495,-36.86184],[174.7646,-36.86217],[174.76489,-36.86235],[174.76571,-36.86149],[174.7651,-36.86112]]]}},{"type":"Feature","properties":{"kind":"residential"},"geometry":{"type":"Polygon","coordinates":[[[174.75339,-36.86371],[174.75369,-36.86401],[174.75428,-36.86359],[174.75408,-36.86339],[174.75375,-36.86363],[174.75371,-36.8636],[174.75359,-36.86369],[174.75352,-36.86362],[174.75339,-36.86371]]]}},{"type":"Feature","properties":{"kind":"residential"},"geometry":{"type":"Polygon","coordinates":[[[174.75379,-36.86411],[174.75415,-36.86448],[174.75446,-36.86426],[174.75467,-36.8641],[174.75448,-36.86392],[174.75475,-36.86373],[174.75455,-36.86354],[174.75379,-36.86411]]]}},{"type":"Feature","properties":{"kind":"commercial"},"geometry":{"type":"Polygon","coordinates":[[[174.74294,-36.85622],[174.7434,-36.85619],[174.74331,-36.85562],[174.7422,-36.85572],[174.74228,-36.85627],[174.74283,-36.85623],[174.74279,-36.85595],[174.7429,-36.85594],[174.74294,-36.85622]]]}},{"type":"Feature","properties":{"kind":"commercial"},"geometry":{"type":"Polygon","coordinates":[[[174.74341,-36.85633],[174.74236,-36.85641],[174.74239,-36.8567],[174.74346,-36.85662],[174.74341,-36.85633]]]}},{"type":"Feature","properties":{"name":"NXN","kind":"residential"},"geometry":{"type":"Polygon","coordinates":[[[174.7459,-36.87094],[174.74587,-36.8708],[174.74583,-36.87067],[174.74575,-36.87037],[174.74643,-36.87026],[174.74656,-36.87082],[174.7459,-36.87094]]]}},{"type":"Feature","properties":{"kind":"retail"},"geometry":{"type":"Polygon","coordinates":[[[174.74506,-36.87185],[174.74262,-36.87258],[174.74251,-36.87235],[174.74294,-36.87221],[174.74315,-36.87215],[174.74304,-36.87192],[174.74312,-36.8719],[174.74317,-36.87188],[174.74328,-36.87211],[174.74499,-36.87159],[174.74506,-36.87185]]]}},{"type":"Feature","properties":{"kind":"residential"},"geometry":{"type":"Polygon","coordinates":[[[174.74655,-36.87155],[174.74588,-36.87168],[174.74587,-36.87161],[174.74581,-36.87141],[174.74574,-36.87116],[174.74674,-36.87098],[174.74689,-36.87095],[174.74693,-36.87119],[174.74677,-36.87121],[174.74677,-36.87125],[174.74648,-36.8713],[174.74653,-36.8715],[174.74655,-36.87155]]]}},{"type":"Feature","properties":{"kind":"retail"},"geometry":{"type":"Polygon","coordinates":[[[174.7454,-36.87215],[174.74538,-36.8721],[174.74527,-36.87212],[174.745,-36.87217],[174.74511,-36.87202],[174.74513,-36.87201],[174.74534,-36.87197],[174.74559,-36.87193],[174.74583,-36.87188],[174.74583,-36.87191],[174.74621,-36.87184],[174.74625,-36.87197],[174.74626,-36.87202],[174.74617,-36.87203],[174.74602,-36.87204],[174.74566,-36.87208],[174.7454,-36.87215]]]}},{"type":"Feature","properties":{"kind":"residential"},"geometry":{"type":"Polygon","coordinates":[[[174.73847,-36.86147],[174.73867,-36.86188],[174.73901,-36.86224],[174.73974,-36.86179],[174.73947,-36.86153],[174.73931,-36.8612],[174.73918,-36.86124],[174.73847,-36.86147]]]}},{"type":"Feature","properties":{"kind":"residential"},"geometry":{"type":"Polygon","coordinates":[[[174.74173,-36.86238],[174.74102,-36.86282],[174.74025,-36.86204],[174.74097,-36.8616],[174.74173,-36.86238]]]}},{"type":"Feature","properties":{"kind":"residential"},"geometry":{"type":"Polygon","coordinates":[[[174.74191,-36.86226],[174.74264,-36.86181],[174.74238,-36.86156],[174.74166,-36.862],[174.74191,-36.86226]]]}},{"type":"Feature","properties":{"kind":"residential"},"geometry":{"type":"Polygon","coordinates":[[[174.73412,-36.86631],[174.73418,-36.86631],[174.73422,-36.86632],[174.73425,-36.86635],[174.73427,-36.86638],[174.73427,-36.86642],[174.73427,-36.86645],[174.73423,-36.86648],[174.73423,-36.86736],[174.73569,-36.86736],[174.73606,-36.86732],[174.73613,-36.86728],[174.7362,-36.86661],[174.73621,-36.86655],[174.73626,-36.8665],[174.73631,-36.86649],[174.73636,-36.8665],[174.73641,-36.86652],[174.73643,-36.86654],[174.73646,-36.86658],[174.73643,-36.86661],[174.7364,-36.86665],[174.7363,-36.86731],[174.73659,-36.86734],[174.73743,-36.86742],[174.73772,-36.86734],[174.7377,-36.86729],[174.73756,-36.8673],[174.73734,-36.86728],[174.73697,-36.86714],[174.73666,-36.86693],[174.73659,-36.86632],[174.7362,-36.8663],[174.73587,-36.86653],[174.73587,-36.86671],[174.73569,-36.86676],[174.73555,-36.867],[174.73522,-36.86701],[174.73493,-36.8669],[174.73473,-36.86683],[174.73471,-36.86658],[174.73471,-36.86637],[174.73468,-36.86614],[174.73444,-36.86609],[174.73448,-36.86593],[174.73441,-36.86581],[174.73426,-36.86572],[174.73412,-36.86565],[174.73418,-36.86556],[174.73432,-36.86564],[174.73451,-36.86578],[174.73462,-36.86588],[174.73482,-36.86604],[174.73478,-36.8665],[174.73488,-36.86668],[174.73505,-36.86678],[174.73517,-36.8668],[174.73545,-36.86675],[174.73565,-36.86667],[174.73569,-36.86641],[174.7356,-36.86611],[174.73598,-36.86612],[174.73629,-36.86602],[174.73661,-36.86616],[174.73699,-36.86664],[174.73722,-36.86643],[174.73683,-36.86617],[174.73688,-36.86613],[174.73653,-36.86589],[174.73541,-36.86574],[174.73534,-36.86602],[174.73531,-36.86664],[174.73512,-36.86663],[174.73516,-36.86599],[174.73521,-36.86573],[174.73519,-36.86572],[174.73508,-36.86571],[174.73496,-36.86573],[174.73478,-36.86571],[174.73461,-36.86568],[174.73459,-36.86558],[174.73465,-36.8655],[174.73652,-36.86574],[174.73656,-36.86572],[174.73652,-36.86543],[174.73652,-36.86518],[174.73427,-36.86488],[174.73408,-36.86499],[174.73394,-36.86506],[174.7334,-36.86541],[174.73335,-36.86551],[174.73333,-36.86563],[174.7333,-36.86597],[174.73302,-36.86622],[174.73274,-36.86646],[174.73265,-36.8665],[174.73257,-36.8665],[174.73246,-36.8666],[174.7324,-36.8667],[174.7324,-36.86732],[174.73245,-36.86736],[174.734,-36.86736],[174.734,-36.86703],[174.73408,-36.86703],[174.73408,-36.86655],[174.73403,-36.86646],[174.73402,-36.86642],[174.73378,-36.86644],[174.7337,-36.86642],[174.73347,-36.86636],[174.73363,-36.86626],[174.73371,-36.8662],[174.73377,-36.86599],[174.73382,-36.86598],[174.73386,-36.86599],[174.73402,-36.8661],[174.73408,-36.86624],[174.73412,-36.86624],[174.73412,-36.86631]]]}},{"type":"Feature","properties":{"kind":"residential"},"geometry":{"type":"Polygon","coordinates":[[[174.7336,-36.86755],[174.73446,-36.86754],[174.73449,-36.86756],[174.73449,-36.86787],[174.73357,-36.86786],[174.73357,-36.86759],[174.7336,-36.86755]]]}},{"type":"Feature","properties":{"kind":"residential"},"geometry":{"type":"Polygon","coordinates":[[[174.73471,-36.86758],[174.73477,-36.86754],[174.73576,-36.86755],[174.73612,-36.86749],[174.73621,-36.86747],[174.73571,-36.86798],[174.73563,-36.86797],[174.73556,-36.86791],[174.73525,-36.86791],[174.73471,-36.86789],[174.73471,-36.86758]]]}},{"type":"Feature","properties":{"kind":"residential"},"geometry":{"type":"Polygon","coordinates":[[[174.73096,-36.86643],[174.73101,-36.86646],[174.73214,-36.86662],[174.7323,-36.86657],[174.73297,-36.86593],[174.73308,-36.8658],[174.73315,-36.86542],[174.73321,-36.86533],[174.73416,-36.86472],[174.73421,-36.86471],[174.73425,-36.8647],[174.73431,-36.8647],[174.73675,-36.86502],[174.73683,-36.86469],[174.73676,-36.86465],[174.73683,-36.86438],[174.73491,-36.86408],[174.73461,-36.86403],[174.73454,-36.86403],[174.73448,-36.86403],[174.73443,-36.86404],[174.73436,-36.86404],[174.73426,-36.86406],[174.7342,-36.86408],[174.73412,-36.86411],[174.73398,-36.86418],[174.73385,-36.86425],[174.73324,-36.86485],[174.73096,-36.86638],[174.73096,-36.86643]]]}},{"type":"Feature","properties":{"name":"The Hadlow","kind":"residential"},"geometry":{"type":"Polygon","coordinates":[[[174.74198,-36.86636],[174.74095,-36.86671],[174.74134,-36.86748],[174.74191,-36.86728],[174.74237,-36.86713],[174.74198,-36.86636]]]}},{"type":"Feature","properties":{"kind":"commercial"},"geometry":{"type":"Polygon","coordinates":[[[174.74198,-36.86636],[174.74267,-36.86613],[174.74286,-36.86606],[174.74303,-36.86641],[174.74267,-36.86653],[174.74284,-36.86685],[174.74284,-36.86741],[174.74293,-36.86756],[174.7428,-36.86758],[174.74223,-36.86792],[174.74162,-36.86781],[174.74127,-36.86786],[174.74099,-36.86786],[174.74086,-36.86762],[174.74134,-36.86748],[174.74186,-36.8673],[174.74191,-36.86728],[174.74237,-36.86713],[174.74198,-36.86636]]]}},{"type":"Feature","properties":{"kind":"residential"},"geometry":{"type":"Polygon","coordinates":[[[174.74454,-36.86752],[174.7439,-36.86774],[174.74414,-36.86818],[174.74443,-36.86807],[174.74455,-36.8683],[174.74488,-36.86819],[174.74454,-36.86752]]]}},{"type":"Feature","properties":{"kind":"residential"},"geometry":{"type":"Polygon","coordinates":[[[174.74471,-36.86747],[174.74497,-36.86738],[174.74537,-36.86724],[174.7457,-36.86786],[174.74504,-36.86814],[174.74475,-36.86754],[174.74471,-36.86747]]]}},{"type":"Feature","properties":{"kind":"residential"},"geometry":{"type":"Polygon","coordinates":[[[174.74464,-36.86586],[174.74398,-36.86609],[174.74464,-36.86734],[174.7453,-36.86712],[174.74464,-36.86586]]]}},{"type":"Feature","properties":{"kind":"residential"},"geometry":{"type":"Polygon","coordinates":[[[174.74378,-36.86606],[174.74315,-36.86627],[174.74386,-36.8676],[174.74447,-36.86739],[174.74378,-36.86606]]]}},{"type":"Feature","properties":{"kind":"commercial"},"geometry":{"type":"Polygon","coordinates":[[[174.74464,-36.86586],[174.74446,-36.86552],[174.7438,-36.86574],[174.74398,-36.86609],[174.74464,-36.86586]]]}},{"type":"Feature","properties":{"kind":"commercial"},"geometry":{"type":"Polygon","coordinates":[[[174.74378,-36.86606],[174.74364,-36.86581],[174.74335,-36.8659],[174.74302,-36.86602],[174.74315,-36.86627],[174.74378,-36.86606]]]}},{"type":"Feature","properties":{"kind":"residential"},"geometry":{"type":"Polygon","coordinates":[[[174.73303,-36.84215],[174.73382,-36.84202],[174.73384,-36.84203],[174.73431,-36.8435],[174.73478,-36.84493],[174.73491,-36.8453],[174.73491,-36.84532],[174.73489,-36.84534],[174.73457,-36.84538],[174.73409,-36.84543],[174.73303,-36.84215]]]}},{"type":"Feature","properties":{"kind":"residential"},"geometry":{"type":"Polygon","coordinates":[[[174.73401,-36.84197],[174.73482,-36.84182],[174.73592,-36.84526],[174.7351,-36.84533],[174.73452,-36.84359],[174.73401,-36.84197]]]}},{"type":"Feature","properties":{"kind":"residential"},"geometry":{"type":"Polygon","coordinates":[[[174.73615,-36.84524],[174.73504,-36.84181],[174.73504,-36.84179],[174.73505,-36.84179],[174.73506,-36.84178],[174.73705,-36.84142],[174.73795,-36.84507],[174.73615,-36.84524]]]}},{"type":"Feature","properties":{"kind":"residential"},"geometry":{"type":"Polygon","coordinates":[[[174.74294,-36.84148],[174.73985,-36.84188],[174.73967,-36.84097],[174.73968,-36.84094],[174.74206,-36.8405],[174.74287,-36.84136],[174.74294,-36.84148]]]}},{"type":"Feature","properties":{"kind":"residential"},"geometry":{"type":"Polygon","coordinates":[[[174.74521,-36.84282],[174.7446,-36.84307],[174.74377,-36.84165],[174.74433,-36.84132],[174.74434,-36.84132],[174.74521,-36.84282]]]}},{"type":"Feature","properties":{"kind":"residential"},"geometry":{"type":"Polygon","coordinates":[[[174.74533,-36.84496],[174.74422,-36.84462],[174.74385,-36.84502],[174.74415,-36.84518],[174.74419,-36.8452],[174.74507,-36.84548],[174.74533,-36.84496]]]}},{"type":"Feature","properties":{"kind":"residential"},"geometry":{"type":"Polygon","coordinates":[[[174.74547,-36.84502],[174.7463,-36.84528],[174.74618,-36.84557],[174.74611,-36.84564],[174.74532,-36.84626],[174.7448,-36.84593],[174.74517,-36.84556],[174.74547,-36.84502]]]}},{"type":"Feature","properties":{"kind":"residential"},"geometry":{"type":"Polygon","coordinates":[[[174.74856,-36.84458],[174.74808,-36.84438],[174.74796,-36.84435],[174.74664,-36.84435],[174.74627,-36.84442],[174.74642,-36.84498],[174.74678,-36.8449],[174.74784,-36.84491],[174.74798,-36.84495],[174.74826,-36.84507],[174.74857,-36.8446],[174.74856,-36.84458]]]}},{"type":"Feature","properties":{"kind":"residential"},"geometry":{"type":"Polygon","coordinates":[[[174.74897,-36.84399],[174.74832,-36.8437],[174.7482,-36.84367],[174.74809,-36.84366],[174.74637,-36.84368],[174.74607,-36.84374],[174.74623,-36.84428],[174.74663,-36.84422],[174.74796,-36.84421],[174.74811,-36.84424],[174.74864,-36.84445],[174.74897,-36.84399]]]}},{"type":"Feature","properties":{"kind":"residential"},"geometry":{"type":"Polygon","coordinates":[[[174.74594,-36.84279],[174.74589,-36.84284],[174.74583,-36.84293],[174.74584,-36.84296],[174.74603,-36.8436],[174.74636,-36.84355],[174.74834,-36.84355],[174.7491,-36.84389],[174.74919,-36.84397],[174.75032,-36.84446],[174.75027,-36.84454],[174.74914,-36.84405],[174.74889,-36.84445],[174.7503,-36.84505],[174.75069,-36.84445],[174.75046,-36.84425],[174.75035,-36.84416],[174.75012,-36.84399],[174.74951,-36.84362],[174.74858,-36.84321],[174.74849,-36.8432],[174.74827,-36.84315],[174.74805,-36.84312],[174.74787,-36.8431],[174.74778,-36.84306],[174.74712,-36.84306],[174.74668,-36.84303],[174.74615,-36.84293],[174.74594,-36.84279]]]}},{"type":"Feature","properties":{"kind":"residential"},"geometry":{"type":"Polygon","coordinates":[[[174.7462,-36.8451],[174.74624,-36.84507],[174.7461,-36.84461],[174.74437,-36.84407],[174.74428,-36.84408],[174.74419,-36.84405],[174.74423,-36.84395],[174.74441,-36.844],[174.74606,-36.8445],[174.74588,-36.8439],[174.74481,-36.84354],[174.74452,-36.84318],[174.74384,-36.84206],[174.74346,-36.8429],[174.74335,-36.84287],[174.74377,-36.84191],[174.74368,-36.84175],[174.74364,-36.8417],[174.74321,-36.84158],[174.74212,-36.84388],[174.74322,-36.84425],[174.74334,-36.84428],[174.74326,-36.84437],[174.74207,-36.84399],[174.74172,-36.84468],[174.74174,-36.84471],[174.74346,-36.84526],[174.74374,-36.84496],[174.7442,-36.84446],[174.7462,-36.8451]]]}},{"type":"Feature","properties":{"kind":"residential"},"geometry":{"type":"Polygon","coordinates":[[[174.74027,-36.84201],[174.74043,-36.8429],[174.74003,-36.84296],[174.73988,-36.84206],[174.74027,-36.84201]]]}},{"type":"Feature","properties":{"kind":"residential"},"geometry":{"type":"Polygon","coordinates":[[[174.74192,-36.84241],[174.74199,-36.84227],[174.74192,-36.84179],[174.74292,-36.84167],[174.7424,-36.84277],[174.74183,-36.8426],[174.74192,-36.84241]]]}},{"type":"Feature","properties":{"kind":"residential"},"geometry":{"type":"Polygon","coordinates":[[[174.74219,-36.84322],[174.7412,-36.84291],[174.74004,-36.84307],[174.74036,-36.84474],[174.74081,-36.84464],[174.74083,-36.84471],[174.74092,-36.84479],[174.74058,-36.84499],[174.74115,-36.84532],[174.74119,-36.84531],[174.74154,-36.84457],[174.74098,-36.8443],[174.7411,-36.84408],[174.74168,-36.84428],[174.74203,-36.84357],[174.7421,-36.84341],[174.74219,-36.84322]]]}},{"type":"Feature","properties":{"kind":"residential"},"geometry":{"type":"Polygon","coordinates":[[[174.7441,-36.8453],[174.74459,-36.84544],[174.74499,-36.84557],[174.74497,-36.8456],[174.74484,-36.84572],[174.74462,-36.84588],[174.74402,-36.84638],[174.74375,-36.84616],[174.74341,-36.84641],[174.74289,-36.84609],[174.7435,-36.84542],[174.74382,-36.84562],[174.7441,-36.8453]]]}},{"type":"Feature","properties":{"kind":"retail"},"geometry":{"type":"Polygon","coordinates":[[[174.74402,-36.84638],[174.74352,-36.84675],[174.74349,-36.84675],[174.74272,-36.84628],[174.74289,-36.84609],[174.74341,-36.84641],[174.74375,-36.84616],[174.74402,-36.84638]]]}},{"type":"Feature","properties":{"kind":"residential"},"geometry":{"type":"Polygon","coordinates":[[[174.741,-36.85054],[174.74096,-36.85021],[174.74027,-36.85027],[174.74025,-36.85014],[174.74242,-36.84994],[174.74234,-36.84939],[174.73992,-36.8496],[174.74011,-36.8509],[174.74045,-36.85087],[174.74041,-36.85059],[174.74092,-36.85055],[174.741,-36.85054]]]}},{"type":"Feature","properties":{"kind":"residential"},"geometry":{"type":"Polygon","coordinates":[[[174.74372,-36.84982],[174.74372,-36.84979],[174.74369,-36.84955],[174.74327,-36.84959],[174.74324,-36.84931],[174.7425,-36.84937],[174.74258,-36.84992],[174.74372,-36.84982]]]}},{"type":"Feature","properties":{"kind":"residential"},"geometry":{"type":"Polygon","coordinates":[[[174.74369,-36.84996],[174.74372,-36.85007],[174.74374,-36.85007],[174.74375,-36.85024],[174.74385,-36.85023],[174.74388,-36.85026],[174.74397,-36.85053],[174.74257,-36.85066],[174.74253,-36.85064],[174.74243,-36.85041],[174.74239,-36.85041],[174.74235,-36.85009],[174.74369,-36.84996]]]}},{"type":"Feature","properties":{"kind":"residential"},"geometry":{"type":"Polygon","coordinates":[[[174.74019,-36.85154],[174.74012,-36.851],[174.74045,-36.85097],[174.74051,-36.85128],[174.74146,-36.85118],[174.74146,-36.85115],[174.74154,-36.85115],[174.74213,-36.85109],[174.74208,-36.85072],[174.74256,-36.85069],[174.74258,-36.85083],[174.74403,-36.8507],[174.74409,-36.85091],[174.74391,-36.85093],[174.74391,-36.85097],[174.74353,-36.85101],[174.74355,-36.85123],[174.743,-36.85129],[174.74019,-36.85154]]]}},{"type":"Feature","properties":{"kind":"residential"},"geometry":{"type":"Polygon","coordinates":[[[174.74184,-36.85322],[174.74372,-36.85304],[174.74358,-36.85222],[174.74384,-36.8522],[174.74396,-36.85302],[174.74444,-36.85297],[174.74436,-36.85247],[174.74413,-36.85249],[174.74409,-36.85218],[174.74402,-36.85218],[174.74398,-36.85193],[174.73882,-36.85242],[174.73898,-36.85349],[174.73963,-36.85343],[174.73956,-36.85289],[174.73952,-36.85285],[174.7395,-36.85279],[174.73951,-36.85275],[174.73956,-36.85274],[174.73961,-36.85273],[174.73966,-36.85275],[174.73969,-36.85278],[174.73968,-36.85284],[174.73964,-36.85289],[174.73972,-36.85342],[174.7403,-36.85337],[174.74018,-36.85255],[174.74032,-36.85254],[174.74044,-36.85335],[174.74085,-36.85332],[174.74078,-36.85281],[174.74074,-36.85249],[174.74135,-36.85243],[174.74184,-36.85239],[174.74192,-36.85295],[174.74181,-36.85296],[174.74184,-36.85322]]]}},{"type":"Feature","properties":{"kind":"residential"},"geometry":{"type":"Polygon","coordinates":[[[174.74347,-36.8552],[174.7456,-36.855],[174.74566,-36.85531],[174.74353,-36.85548],[174.74347,-36.8552]]]}},{"type":"Feature","properties":{"kind":"residential"},"geometry":{"type":"Polygon","coordinates":[[[174.73737,-36.85559],[174.73745,-36.85632],[174.73565,-36.85644],[174.73555,-36.85647],[174.73539,-36.85653],[174.73529,-36.85639],[174.73521,-36.85622],[174.73514,-36.85614],[174.73505,-36.856],[174.73497,-36.85603],[174.73486,-36.85594],[174.73474,-36.85596],[174.73466,-36.85592],[174.73453,-36.85578],[174.7357,-36.85525],[174.73615,-36.85444],[174.73728,-36.85485],[174.73735,-36.85541],[174.73631,-36.85548],[174.73625,-36.85553],[174.73627,-36.85567],[174.73737,-36.85559]]]}},{"type":"Feature","properties":{"kind":"residential"},"geometry":{"type":"Polygon","coordinates":[[[174.7308,-36.8575],[174.73101,-36.85779],[174.73112,-36.85774],[174.7312,-36.85785],[174.73129,-36.85797],[174.73056,-36.85833],[174.73057,-36.85848],[174.73072,-36.85842],[174.73074,-36.85844],[174.73076,-36.85847],[174.7308,-36.85851],[174.73086,-36.85849],[174.73094,-36.85845],[174.7311,-36.85837],[174.73113,-36.85835],[174.73143,-36.85852],[174.73521,-36.85663],[174.73495,-36.85637],[174.7349,-36.85633],[174.7346,-36.85649],[174.73418,-36.85594],[174.7308,-36.8575]]]}},{"type":"Feature","properties":{"kind":"residential"},"geometry":{"type":"Polygon","coordinates":[[[174.74257,-36.8483],[174.74285,-36.84836],[174.74297,-36.84791],[174.74094,-36.84808],[174.74094,-36.8481],[174.74092,-36.84824],[174.74083,-36.84833],[174.74085,-36.84863],[174.74259,-36.84849],[174.74257,-36.8483]]]}},{"type":"Feature","properties":{"kind":"residential"},"geometry":{"type":"Polygon","coordinates":[[[174.74104,-36.84643],[174.74044,-36.84606],[174.74041,-36.84606],[174.74017,-36.84608],[174.74023,-36.84647],[174.74051,-36.84645],[174.74055,-36.84674],[174.741,-36.84671],[174.74108,-36.84671],[174.74104,-36.84643]]]}},{"type":"Feature","properties":{"kind":"residential"},"geometry":{"type":"Polygon","coordinates":[[[174.74437,-36.84966],[174.74426,-36.84933],[174.74423,-36.84925],[174.74421,-36.84919],[174.74449,-36.84916],[174.74455,-36.84913],[174.74551,-36.84904],[174.74552,-36.84907],[174.74568,-36.84905],[174.74572,-36.84902],[174.74577,-36.84903],[174.74582,-36.84907],[174.74585,-36.84914],[174.74613,-36.85016],[174.74654,-36.85127],[174.7458,-36.85137],[174.74541,-36.85018],[174.74542,-36.85015],[174.74545,-36.85015],[174.74534,-36.84981],[174.74531,-36.84971],[174.74527,-36.8496],[174.74504,-36.84961],[174.74437,-36.84966]]]}},{"type":"Feature","properties":{"kind":"residential"},"geometry":{"type":"Polygon","coordinates":[[[174.74617,-36.84853],[174.74595,-36.84895],[174.74601,-36.84913],[174.7473,-36.84903],[174.74617,-36.84853]]]}},{"type":"Feature","properties":{"kind":"residential"},"geometry":{"type":"Polygon","coordinates":[[[174.74766,-36.85002],[174.74629,-36.85015],[174.74642,-36.85057],[174.74657,-36.85092],[174.74769,-36.85055],[174.74766,-36.85041],[174.74778,-36.8504],[174.74775,-36.85015],[174.7477,-36.85014],[174.74768,-36.85003],[174.74766,-36.85002]]]}},{"type":"Feature","properties":{"kind":"residential"},"geometry":{"type":"Polygon","coordinates":[[[174.74858,-36.85043],[174.74852,-36.85041],[174.74788,-36.85059],[174.74662,-36.851],[174.74659,-36.85106],[174.74679,-36.85161],[174.74752,-36.85142],[174.74865,-36.85084],[174.74858,-36.85043]]]}},{"type":"Feature","properties":{"kind":"residential"},"geometry":{"type":"Polygon","coordinates":[[[174.74867,-36.85094],[174.74874,-36.85144],[174.74791,-36.85208],[174.74713,-36.85251],[174.74706,-36.85236],[174.74699,-36.85215],[174.74683,-36.85171],[174.74756,-36.85151],[174.74867,-36.85094]]]}},{"type":"Feature","properties":{"kind":"residential"},"geometry":{"type":"Polygon","coordinates":[[[174.74654,-36.85137],[174.74583,-36.85146],[174.74589,-36.85167],[174.74608,-36.85222],[174.74633,-36.85292],[174.74703,-36.85257],[174.74654,-36.85137]]]}},{"type":"Feature","properties":{"name":"Hakanoa Reserve","kind":"park"},"geometry":{"type":"Polygon","coordinates":[[[174.73521,-36.85663],[174.73539,-36.85653],[174.73529,-36.85639],[174.73521,-36.85622],[174.73514,-36.85614],[174.73505,-36.856],[174.73497,-36.85603],[174.73486,-36.85594],[174.73474,-36.85596],[174.73466,-36.85592],[174.73453,-36.85578],[174.73433,-36.85588],[174.73466,-36.85613],[174.7349,-36.85633],[174.73495,-36.85637],[174.73521,-36.85663]]]}},{"type":"Feature","properties":{"name":"The Scrap Yard","kind":"retail"},"geometry":{"type":"Polygon","coordinates":[[[174.73414,-36.85528],[174.73456,-36.85509],[174.73436,-36.85481],[174.73431,-36.85473],[174.7338,-36.85497],[174.73405,-36.85532],[174.73414,-36.85528]]]}},{"type":"Feature","properties":{"kind":"residential"},"geometry":{"type":"Polygon","coordinates":[[[174.73445,-36.86207],[174.73469,-36.86208],[174.7347,-36.86206],[174.73455,-36.86071],[174.73338,-36.8608],[174.73343,-36.86107],[174.73304,-36.86111],[174.7331,-36.86145],[174.7335,-36.86141],[174.73345,-36.86115],[174.73414,-36.86111],[174.73418,-36.86139],[174.73411,-36.86139],[174.73415,-36.86173],[174.73448,-36.86175],[174.73445,-36.86207]]]}},{"type":"Feature","properties":{"kind":"commercial"},"geometry":{"type":"Polygon","coordinates":[[[174.73445,-36.86207],[174.73363,-36.862],[174.73343,-36.86199],[174.73318,-36.86197],[174.73312,-36.8616],[174.7331,-36.86145],[174.7335,-36.86141],[174.73345,-36.86115],[174.73414,-36.86111],[174.73418,-36.86139],[174.73411,-36.86139],[174.73415,-36.86173],[174.73448,-36.86175],[174.73445,-36.86207]]]}},{"type":"Feature","properties":{"name":"Freemans Park","kind":"residential"},"geometry":{"type":"Polygon","coordinates":[[[174.7515,-36.85362],[174.75344,-36.85453],[174.75359,-36.85437],[174.75371,-36.85436],[174.7541,-36.85431],[174.75407,-36.85415],[174.75387,-36.85292],[174.75205,-36.85245],[174.7515,-36.85362]]]}},{"type":"Feature","properties":{"kind":"residential"},"geometry":{"type":"Polygon","coordinates":[[[174.75137,-36.85381],[174.75202,-36.85411],[174.75297,-36.85457],[174.75255,-36.85476],[174.75245,-36.8547],[174.75227,-36.85463],[174.75206,-36.85487],[174.752,-36.85484],[174.75109,-36.8544],[174.75137,-36.85381]]]}},{"type":"Feature","properties":{"kind":"residential"},"geometry":{"type":"Polygon","coordinates":[[[174.75101,-36.85455],[174.75201,-36.85504],[174.75133,-36.85556],[174.75115,-36.85538],[174.75116,-36.85536],[174.75073,-36.85512],[174.75101,-36.85455]]]}},{"type":"Feature","properties":{"kind":"residential"},"geometry":{"type":"Polygon","coordinates":[[[174.74016,-36.86031],[174.73994,-36.86032],[174.7397,-36.86033],[174.73963,-36.85961],[174.74008,-36.8596],[174.74016,-36.86031]]]}},{"type":"Feature","properties":{"kind":"residential"},"geometry":{"type":"Polygon","coordinates":[[[174.74236,-36.86014],[174.74151,-36.8602],[174.74153,-36.86035],[174.74154,-36.86041],[174.74157,-36.86045],[174.74171,-36.86057],[174.74236,-36.86015],[174.74236,-36.86014]]]}},{"type":"Feature","properties":{"kind":"residential"},"geometry":{"type":"Polygon","coordinates":[[[174.74336,-36.86136],[174.7433,-36.86129],[174.7432,-36.86136],[174.74326,-36.86142],[174.74303,-36.86156],[174.74279,-36.86132],[174.74299,-36.8612],[174.74272,-36.86093],[174.74242,-36.86107],[174.74221,-36.8611],[174.74184,-36.86071],[174.74255,-36.86026],[174.74351,-36.86127],[174.74336,-36.86136]]]}},{"type":"Feature","properties":{"kind":"residential"},"geometry":{"type":"Polygon","coordinates":[[[174.74128,-36.86022],[174.74132,-36.86048],[174.7415,-36.86066],[174.74156,-36.86066],[174.7417,-36.86073],[174.7418,-36.86083],[174.74185,-36.86088],[174.74164,-36.86098],[174.74142,-36.86105],[174.7412,-36.86103],[174.74107,-36.8608],[174.74093,-36.86067],[174.74097,-36.86059],[174.741,-36.86047],[174.74097,-36.8604],[174.74096,-36.86024],[174.74128,-36.86022]]]}},{"type":"Feature","properties":{"kind":"residential"},"geometry":{"type":"Polygon","coordinates":[[[174.73819,-36.8609],[174.73839,-36.86131],[174.73883,-36.86117],[174.73863,-36.86074],[174.73858,-36.86038],[174.73852,-36.86032],[174.73848,-36.86023],[174.73812,-36.86025],[174.73819,-36.8609]]]}},{"type":"Feature","properties":{"kind":"residential"},"geometry":{"type":"Polygon","coordinates":[[[174.7388,-36.8583],[174.73886,-36.85879],[174.73886,-36.85895],[174.73843,-36.85898],[174.73839,-36.85866],[174.73836,-36.85833],[174.7388,-36.8583]]]}},{"type":"Feature","properties":{"kind":"residential"},"geometry":{"type":"Polygon","coordinates":[[[174.74481,-36.86261],[174.7441,-36.86306],[174.74496,-36.86394],[174.74529,-36.86463],[174.7461,-36.86436],[174.74628,-36.86429],[174.74646,-36.86415],[174.7457,-36.86353],[174.74481,-36.86261]]]}},{"type":"Feature","properties":{"kind":"commercial"},"geometry":{"type":"Polygon","coordinates":[[[174.74653,-36.86454],[174.74628,-36.86429],[174.7461,-36.86436],[174.74529,-36.86463],[174.74545,-36.86493],[174.74638,-36.86462],[174.74653,-36.86454]]]}},{"type":"Feature","properties":{"kind":"commercial"},"geometry":{"type":"Polygon","coordinates":[[[174.74472,-36.86518],[174.74442,-36.86528],[174.74426,-36.86498],[174.74415,-36.86478],[174.74458,-36.86463],[174.74466,-36.86477],[174.74506,-36.86464],[174.74525,-36.86499],[174.74472,-36.86518]]]}},{"type":"Feature","properties":{"kind":"commercial"},"geometry":{"type":"Polygon","coordinates":[[[174.7466,-36.864],[174.74689,-36.86424],[174.74754,-36.86373],[174.74727,-36.86349],[174.7466,-36.864]]]}},{"type":"Feature","properties":{"kind":"residential"},"geometry":{"type":"Polygon","coordinates":[[[174.74302,-36.86372],[174.7423,-36.86417],[174.74296,-36.86483],[174.74321,-36.86532],[174.74404,-36.86505],[174.74374,-36.86447],[174.74302,-36.86372]]]}},{"type":"Feature","properties":{"kind":"residential"},"geometry":{"type":"Polygon","coordinates":[[[174.74691,-36.84708],[174.74724,-36.8466],[174.74594,-36.84605],[174.74543,-36.84643],[174.74691,-36.84708]]]}},{"type":"Feature","properties":{"kind":"residential"},"geometry":{"type":"Polygon","coordinates":[[[174.74468,-36.84731],[174.74469,-36.8472],[174.74464,-36.8472],[174.74464,-36.84718],[174.74447,-36.84717],[174.7449,-36.84685],[174.74514,-36.84705],[174.74525,-36.84706],[174.74533,-36.84695],[174.74505,-36.84673],[174.7453,-36.84653],[174.74682,-36.8472],[174.74665,-36.84745],[174.74647,-36.84738],[174.74632,-36.84761],[174.74579,-36.84738],[174.74468,-36.84731]]]}},{"type":"Feature","properties":{"kind":"residential"},"geometry":{"type":"Polygon","coordinates":[[[174.74551,-36.84893],[174.7444,-36.84905],[174.74435,-36.84869],[174.74511,-36.84861],[174.74564,-36.84873],[174.74551,-36.84893]]]}},{"type":"Feature","properties":{"kind":"retail"},"geometry":{"type":"Polygon","coordinates":[[[174.7444,-36.84905],[174.74417,-36.84907],[174.74406,-36.84871],[174.74435,-36.84869],[174.7444,-36.84905]]]}},{"type":"Feature","properties":{"kind":"residential"},"geometry":{"type":"Polygon","coordinates":[[[174.74623,-36.84821],[174.74591,-36.84871],[174.7451,-36.84853],[174.74433,-36.8486],[174.7443,-36.84842],[174.74485,-36.84837],[174.74509,-36.84836],[174.74514,-36.84793],[174.74544,-36.84796],[174.74575,-36.84799],[174.74599,-36.8481],[174.74623,-36.84821]]]}},{"type":"Feature","properties":{"kind":"residential"},"geometry":{"type":"Polygon","coordinates":[[[174.75066,-36.84995],[174.74891,-36.85129],[174.74889,-36.85127],[174.74881,-36.85084],[174.75023,-36.84974],[174.75037,-36.84985],[174.75047,-36.84981],[174.75066,-36.84995]]]}},{"type":"Feature","properties":{"kind":"residential"},"geometry":{"type":"Polygon","coordinates":[[[174.74702,-36.85287],[174.74738,-36.85333],[174.74884,-36.85258],[174.74903,-36.85237],[174.74925,-36.85187],[174.74897,-36.8518],[174.74895,-36.85186],[174.74878,-36.85174],[174.74796,-36.85237],[174.74702,-36.85287]]]}},{"type":"Feature","properties":{"kind":"residential"},"geometry":{"type":"Polygon","coordinates":[[[174.74778,-36.85404],[174.74651,-36.85464],[174.74617,-36.85417],[174.7474,-36.85353],[174.74778,-36.85404]]]}},{"type":"Feature","properties":{"kind":"residential"},"geometry":{"type":"Polygon","coordinates":[[[174.74728,-36.85338],[174.74692,-36.85292],[174.74596,-36.85341],[174.74603,-36.85356],[174.74586,-36.85361],[174.74591,-36.85372],[174.74599,-36.8537],[174.74603,-36.85378],[174.74603,-36.85379],[174.74605,-36.85378],[174.74614,-36.85396],[174.74728,-36.85338]]]}},{"type":"Feature","properties":{"kind":"retail"},"geometry":{"type":"Polygon","coordinates":[[[174.74608,-36.85527],[174.74602,-36.85513],[174.746,-36.85507],[174.74597,-36.85502],[174.74596,-36.85499],[174.74594,-36.85497],[174.74581,-36.85498],[174.7456,-36.855],[174.74566,-36.85531],[174.74608,-36.85527]]]}},{"type":"Feature","properties":{"kind":"retail"},"geometry":{"type":"Polygon","coordinates":[[[174.74614,-36.85538],[174.74634,-36.85582],[174.7459,-36.85595],[174.74577,-36.85567],[174.74574,-36.85568],[174.7457,-36.85543],[174.74614,-36.85538]]]}},{"type":"Feature","properties":{"kind":"retail"},"geometry":{"type":"Polygon","coordinates":[[[174.74587,-36.85484],[174.74588,-36.85481],[174.74575,-36.85452],[174.74566,-36.85431],[174.7452,-36.85436],[174.74523,-36.85462],[174.7455,-36.8546],[174.74555,-36.85488],[174.74587,-36.85484]]]}},{"type":"Feature","properties":{"name":"Ponsonby Central","kind":"retail"},"geometry":{"type":"Polygon","coordinates":[[[174.7464,-36.85597],[174.74579,-36.85616],[174.74565,-36.85619],[174.74554,-36.8562],[174.74564,-36.85673],[174.74581,-36.8567],[174.74603,-36.8566],[174.74654,-36.85633],[174.74656,-36.8563],[174.7465,-36.85618],[174.74648,-36.85613],[174.74646,-36.8561],[174.7464,-36.85597]]]}},{"type":"Feature","properties":{"kind":"residential"},"geometry":{"type":"Polygon","coordinates":[[[174.74962,-36.85674],[174.74851,-36.8564],[174.74825,-36.85601],[174.74748,-36.85627],[174.74914,-36.85717],[174.74934,-36.85728],[174.74962,-36.85674]]]}},{"type":"Feature","properties":{"kind":"residential"},"geometry":{"type":"Polygon","coordinates":[[[174.74968,-36.85657],[174.7503,-36.8553],[174.74847,-36.85594],[174.74867,-36.85626],[174.74878,-36.8563],[174.74882,-36.8563],[174.74968,-36.85657]]]}},{"type":"Feature","properties":{"kind":"residential"},"geometry":{"type":"Polygon","coordinates":[[[174.74997,-36.85192],[174.75053,-36.85207],[174.75056,-36.85208],[174.75067,-36.85211],[174.75056,-36.8525],[174.7505,-36.85248],[174.74983,-36.85232],[174.74981,-36.85231],[174.74997,-36.85192]]]}},{"type":"Feature","properties":{"kind":"residential"},"geometry":{"type":"Polygon","coordinates":[[[174.74623,-36.85006],[174.7477,-36.84991],[174.74762,-36.84939],[174.74732,-36.84941],[174.74711,-36.84954],[174.74707,-36.84955],[174.74667,-36.84959],[174.74634,-36.84959],[174.7461,-36.84962],[174.74623,-36.85006]]]}},{"type":"Feature","properties":{"kind":"residential"},"geometry":{"type":"Polygon","coordinates":[[[174.74793,-36.85049],[174.74856,-36.8503],[174.74837,-36.84906],[174.74763,-36.84912],[174.74762,-36.84913],[174.74771,-36.84924],[174.74772,-36.84931],[174.74775,-36.84941],[174.74793,-36.85049]]]}},{"type":"Feature","properties":{"kind":"residential"},"geometry":{"type":"Polygon","coordinates":[[[174.74694,-36.84813],[174.74684,-36.84826],[174.74666,-36.84828],[174.74641,-36.84818],[174.74624,-36.84846],[174.74754,-36.84903],[174.74835,-36.84897],[174.7483,-36.84856],[174.74803,-36.84858],[174.74694,-36.84813]]]}},{"type":"Feature","properties":{"kind":"residential"},"geometry":{"type":"Polygon","coordinates":[[[174.74847,-36.84858],[174.74902,-36.84851],[174.74952,-36.84848],[174.74958,-36.849],[174.74855,-36.8491],[174.74847,-36.84858]]]}},{"type":"Feature","properties":{"kind":"retail"},"geometry":{"type":"Polygon","coordinates":[[[174.74427,-36.8519],[174.74446,-36.85188],[174.74465,-36.85186],[174.74474,-36.85185],[174.74475,-36.85185],[174.74476,-36.85189],[174.74478,-36.85193],[174.7448,-36.85201],[174.74481,-36.85205],[174.74483,-36.85209],[174.74496,-36.85251],[174.74509,-36.85291],[174.74444,-36.85297],[174.74436,-36.85247],[174.74427,-36.8519]]]}},{"type":"Feature","properties":{"kind":"retail"},"geometry":{"type":"Polygon","coordinates":[[[174.74432,-36.8505],[174.74397,-36.85053],[174.74388,-36.85026],[174.74385,-36.85023],[174.74375,-36.85024],[174.74374,-36.85007],[174.74372,-36.85007],[174.74369,-36.84996],[174.74413,-36.84993],[174.74432,-36.8505]]]}},{"type":"Feature","properties":{"kind":"retail"},"geometry":{"type":"Polygon","coordinates":[[[174.74369,-36.8484],[174.74335,-36.84843],[174.74322,-36.84844],[174.74311,-36.84844],[174.74306,-36.84845],[174.74301,-36.8484],[174.74307,-36.84818],[174.74308,-36.84813],[174.74309,-36.84808],[174.74317,-36.84783],[174.7432,-36.8477],[174.74324,-36.84755],[174.74328,-36.84743],[174.74329,-36.84738],[174.7433,-36.84733],[174.74337,-36.84712],[174.74338,-36.84707],[174.74342,-36.84703],[174.74367,-36.84717],[174.74369,-36.84718],[174.74378,-36.84724],[174.74379,-36.84725],[174.74398,-36.84735],[174.744,-36.8474],[174.74392,-36.84766],[174.74391,-36.84775],[174.74389,-36.84781],[174.74388,-36.84783],[174.74388,-36.84785],[174.74385,-36.84794],[174.74382,-36.84803],[174.7438,-36.84812],[174.74377,-36.84821],[174.74373,-36.84838],[174.74369,-36.8484]]]}},{"type":"Feature","properties":{"kind":"retail"},"geometry":{"type":"Polygon","coordinates":[[[174.74325,-36.84692],[174.7431,-36.84751],[174.74181,-36.84673],[174.74222,-36.84629],[174.74325,-36.84692]]]}},{"type":"Feature","properties":{"kind":"retail"},"geometry":{"type":"Polygon","coordinates":[[[174.7449,-36.84756],[174.74456,-36.84754],[174.74433,-36.84752],[174.74428,-36.84755],[174.74426,-36.84761],[174.74422,-36.84776],[174.74421,-36.8478],[174.7442,-36.84783],[174.74419,-36.84787],[174.74418,-36.8479],[174.74417,-36.84794],[174.74416,-36.84798],[174.74415,-36.84801],[174.74413,-36.84805],[174.74412,-36.8481],[174.74411,-36.84814],[174.74406,-36.8483],[174.74402,-36.84844],[174.744,-36.84853],[174.74403,-36.84862],[174.74425,-36.8486],[174.74433,-36.8486],[174.7443,-36.84842],[174.74485,-36.84837],[174.74491,-36.8479],[174.74495,-36.84764],[174.7449,-36.84756]]]}},{"type":"Feature","properties":{"kind":"retail"},"geometry":{"type":"Polygon","coordinates":[[[174.74414,-36.84715],[174.74418,-36.84715],[174.74445,-36.84695],[174.74419,-36.84676],[174.74414,-36.8468],[174.74388,-36.84663],[174.74376,-36.84672],[174.74363,-36.84683],[174.74414,-36.84715]]]}},{"type":"Feature","properties":{"kind":"retail"},"geometry":{"type":"Polygon","coordinates":[[[174.73998,-36.84542],[174.73994,-36.84515],[174.73923,-36.84521],[174.73927,-36.84549],[174.73984,-36.84544],[174.73998,-36.84542]]]}},{"type":"Feature","properties":{"name":"Home Reserve","kind":"park"},"geometry":{"type":"Polygon","coordinates":[[[174.74687,-36.86618],[174.74641,-36.86633],[174.74647,-36.86645],[174.74693,-36.8663],[174.74687,-36.86618]]]}},{"type":"Feature","properties":{"kind":"residential"},"geometry":{"type":"Polygon","coordinates":[[[174.74693,-36.8663],[174.74717,-36.86678],[174.74726,-36.86722],[174.74728,-36.86735],[174.7466,-36.86758],[174.7462,-36.86771],[174.74614,-36.86753],[174.7458,-36.86766],[174.74531,-36.86669],[174.74641,-36.86633],[174.74647,-36.86645],[174.74693,-36.8663]]]}},{"type":"Feature","properties":{"kind":"residential"},"geometry":{"type":"Polygon","coordinates":[[[174.74624,-36.86566],[174.74559,-36.86589],[174.74555,-36.86584],[174.74529,-36.86593],[174.74535,-36.86606],[174.74503,-36.86617],[174.74525,-36.8666],[174.74682,-36.86607],[174.74664,-36.86572],[174.74633,-36.86582],[174.74624,-36.86566]]]}},{"type":"Feature","properties":{"kind":"residential"},"geometry":{"type":"Polygon","coordinates":[[[174.74699,-36.86602],[174.74783,-36.86573],[174.74842,-36.86526],[174.74788,-36.86483],[174.7473,-36.8653],[174.74673,-36.8655],[174.74699,-36.86602]]]}},{"type":"Feature","properties":{"kind":"residential"},"geometry":{"type":"Polygon","coordinates":[[[174.74798,-36.86476],[174.74852,-36.86518],[174.74915,-36.86467],[174.74887,-36.86445],[174.74875,-36.86455],[174.7485,-36.86434],[174.74798,-36.86476]]]}},{"type":"Feature","properties":{"kind":"residential"},"geometry":{"type":"Polygon","coordinates":[[[174.75028,-36.86426],[174.75078,-36.86385],[174.75105,-36.8641],[174.75062,-36.86454],[174.75028,-36.86426]]]}},{"type":"Feature","properties":{"kind":"commercial"},"geometry":{"type":"Polygon","coordinates":[[[174.74695,-36.86501],[174.74655,-36.86514],[174.74641,-36.86487],[174.74666,-36.86479],[174.74676,-36.86471],[174.74724,-36.86432],[174.74779,-36.86475],[174.74757,-36.86493],[174.7472,-36.86522],[174.74695,-36.86501]]]}},{"type":"Feature","properties":{"kind":"retail"},"geometry":{"type":"Polygon","coordinates":[[[174.74623,-36.86492],[174.745,-36.86534],[174.74519,-36.86568],[174.74543,-36.86561],[174.74553,-36.86579],[174.74555,-36.86579],[174.74652,-36.86545],[174.74623,-36.86492]]]}},{"type":"Feature","properties":{"kind":"commercial"},"geometry":{"type":"Polygon","coordinates":[[[174.74466,-36.86546],[174.745,-36.86534],[174.74519,-36.86568],[174.74543,-36.86561],[174.74553,-36.86579],[174.74555,-36.86584],[174.74529,-36.86593],[174.74535,-36.86606],[174.74503,-36.86617],[174.74466,-36.86546]]]}},{"type":"Feature","properties":{"kind":"residential"},"geometry":{"type":"Polygon","coordinates":[[[174.74212,-36.86604],[174.74186,-36.86613],[174.74179,-36.86602],[174.74178,-36.86602],[174.74172,-36.86592],[174.74171,-36.86584],[174.74143,-36.86594],[174.74158,-36.86623],[174.7413,-36.86632],[174.74099,-36.86574],[174.74053,-36.86528],[174.74124,-36.86483],[174.74178,-36.86539],[174.74212,-36.86604]]]}},{"type":"Feature","properties":{"kind":"residential"},"geometry":{"type":"Polygon","coordinates":[[[174.74108,-36.86639],[174.74026,-36.86666],[174.74024,-36.86666],[174.74001,-36.86622],[174.73965,-36.86583],[174.74036,-36.8654],[174.74079,-36.86584],[174.74108,-36.86639]]]}},{"type":"Feature","properties":{"kind":"residential"},"geometry":{"type":"Polygon","coordinates":[[[174.74218,-36.86568],[174.74301,-36.86541],[174.74276,-36.86493],[174.74213,-36.86427],[174.74142,-36.86473],[174.74198,-36.8653],[174.74218,-36.86568]]]}},{"type":"Feature","properties":{"kind":"retail"},"geometry":{"type":"Polygon","coordinates":[[[174.73683,-36.86438],[174.73692,-36.86439],[174.73703,-36.86443],[174.73712,-36.86447],[174.7372,-36.86454],[174.73726,-36.86462],[174.73729,-36.86471],[174.73736,-36.86505],[174.73733,-36.86509],[174.73728,-36.86509],[174.73692,-36.86504],[174.73694,-36.86486],[174.73689,-36.86472],[174.73683,-36.86469],[174.73676,-36.86465],[174.73683,-36.86438]]]}},{"type":"Feature","properties":{"kind":"retail"},"geometry":{"type":"Polygon","coordinates":[[[174.73738,-36.8653],[174.73736,-36.86528],[174.73725,-36.86528],[174.73725,-36.86527],[174.73708,-36.86524],[174.73707,-36.86524],[174.73707,-36.86552],[174.7371,-36.86561],[174.73717,-36.86597],[174.7375,-36.86594],[174.73749,-36.86587],[174.73748,-36.86583],[174.73747,-36.86573],[174.73745,-36.86564],[174.73744,-36.86556],[174.73741,-36.86539],[174.73738,-36.8654],[174.73738,-36.86539],[174.73738,-36.86538],[174.73738,-36.8653]]]}},{"type":"Feature","properties":{"kind":"retail"},"geometry":{"type":"Polygon","coordinates":[[[174.73791,-36.86538],[174.73772,-36.8654],[174.73783,-36.86598],[174.73789,-36.86603],[174.73799,-36.86592],[174.73794,-36.86569],[174.73797,-36.86569],[174.73791,-36.86538]]]}},{"type":"Feature","properties":{"kind":"residential"},"geometry":{"type":"Polygon","coordinates":[[[174.73849,-36.86592],[174.73875,-36.86616],[174.73933,-36.86581],[174.73908,-36.86555],[174.73849,-36.86592]]]}},{"type":"Feature","properties":{"name":"Scarborough Reserve","kind":"park"},"geometry":{"type":"Polygon","coordinates":[[[174.78213,-36.85384],[174.78168,-36.85395],[174.7815,-36.854],[174.78111,-36.8541],[174.78123,-36.8544],[174.78135,-36.85471],[174.78108,-36.85481],[174.78109,-36.85484],[174.78135,-36.85475],[174.78141,-36.85484],[174.78144,-36.85493],[174.78201,-36.85488],[174.78219,-36.85486],[174.78207,-36.85435],[174.78204,-36.8542],[174.782,-36.8541],[174.782,-36.85406],[174.78197,-36.85392],[174.78262,-36.85375],[174.7826,-36.85372],[174.78213,-36.85384]]]}},{"type":"Feature","properties":{"kind":"residential"},"geometry":{"type":"Polygon","coordinates":[[[174.78204,-36.8542],[174.78207,-36.85435],[174.78219,-36.85486],[174.78201,-36.85488],[174.78144,-36.85493],[174.78141,-36.85484],[174.78135,-36.85475],[174.78109,-36.85484],[174.78193,-36.85618],[174.78204,-36.85614],[174.78222,-36.85677],[174.78225,-36.85695],[174.78271,-36.85697],[174.78288,-36.85545],[174.78282,-36.85459],[174.78268,-36.85402],[174.78204,-36.8542]]]}},{"type":"Feature","properties":{"kind":"residential"},"geometry":{"type":"Polygon","coordinates":[[[174.78724,-36.85388],[174.7869,-36.8539],[174.78686,-36.8539],[174.78684,-36.85386],[174.78671,-36.85337],[174.78656,-36.85284],[174.78697,-36.85277],[174.78727,-36.85386],[174.78724,-36.85388]]]}},{"type":"Feature","properties":{"kind":"residential"},"geometry":{"type":"Polygon","coordinates":[[[174.78654,-36.85273],[174.78627,-36.85177],[174.78631,-36.85172],[174.78669,-36.85179],[174.78694,-36.85266],[174.78654,-36.85273]]]}},{"type":"Feature","properties":{"kind":"residential"},"geometry":{"type":"Polygon","coordinates":[[[174.78293,-36.8546],[174.78403,-36.85467],[174.7839,-36.85426],[174.78354,-36.85377],[174.78299,-36.8538],[174.78293,-36.8538],[174.78277,-36.85381],[174.78293,-36.8546]]]}},{"type":"Feature","properties":{"name":"Alberon Reserve","kind":"park"},"geometry":{"type":"Polygon","coordinates":[[[174.78369,-36.85597],[174.78378,-36.85599],[174.78373,-36.85541],[174.78348,-36.85471],[174.78295,-36.85469],[174.78293,-36.8546],[174.78403,-36.85467],[174.78472,-36.85466],[174.78465,-36.85429],[174.78488,-36.85424],[174.78509,-36.85416],[174.78512,-36.85426],[174.78589,-36.85411],[174.786,-36.85409],[174.78609,-36.85438],[174.78599,-36.85438],[174.78599,-36.85454],[174.78605,-36.85454],[174.78604,-36.85456],[174.78602,-36.85458],[174.78599,-36.85461],[174.78591,-36.85465],[174.78559,-36.85468],[174.7856,-36.85473],[174.7855,-36.85474],[174.78549,-36.85472],[174.78542,-36.85473],[174.78542,-36.85468],[174.78527,-36.85469],[174.78533,-36.85505],[174.78477,-36.85512],[174.78478,-36.85522],[174.78481,-36.85537],[174.78486,-36.85556],[174.78474,-36.85569],[174.78434,-36.85608],[174.78411,-36.8563],[174.7837,-36.85637],[174.78369,-36.85597]]]}},{"type":"Feature","properties":{"kind":"residential"},"geometry":{"type":"Polygon","coordinates":[[[174.7881,-36.86128],[174.78841,-36.86247],[174.78843,-36.86262],[174.78817,-36.86314],[174.78769,-36.86299],[174.78778,-36.86281],[174.7876,-36.86274],[174.78748,-36.8625],[174.78747,-36.86241],[174.78743,-36.8623],[174.78735,-36.86208],[174.78721,-36.86192],[174.78758,-36.86165],[174.78671,-36.86082],[174.78639,-36.86097],[174.78618,-36.86079],[174.7862,-36.86044],[174.78623,-36.86041],[174.78679,-36.86004],[174.78722,-36.86045],[174.78747,-36.86068],[174.78807,-36.86124],[174.7881,-36.86128]]]}},{"type":"Feature","properties":{"kind":"residential"},"geometry":{"type":"Polygon","coordinates":[[[174.78866,-36.86102],[174.78915,-36.86147],[174.78849,-36.86196],[174.78832,-36.86126],[174.78864,-36.86102],[174.78866,-36.86102]]]}},{"type":"Feature","properties":{"kind":"residential"},"geometry":{"type":"Polygon","coordinates":[[[174.78858,-36.86095],[174.78805,-36.86048],[174.78789,-36.86058],[174.78801,-36.86069],[174.78804,-36.86071],[174.7879,-36.86081],[174.78828,-36.86117],[174.78858,-36.86095]]]}},{"type":"Feature","properties":{"kind":"residential"},"geometry":{"type":"Polygon","coordinates":[[[174.78924,-36.8614],[174.78874,-36.86095],[174.78927,-36.86056],[174.78931,-36.86057],[174.78958,-36.86112],[174.78958,-36.86115],[174.78924,-36.8614]]]}},{"type":"Feature","properties":{"kind":"residential"},"geometry":{"type":"Polygon","coordinates":[[[174.78922,-36.86048],[174.78858,-36.85992],[174.78848,-36.85991],[174.78844,-36.85992],[174.78827,-36.85978],[174.78745,-36.86038],[174.78765,-36.86058],[174.78775,-36.86066],[174.78812,-36.8604],[174.78865,-36.86087],[174.78922,-36.86048]]]}},{"type":"Feature","properties":{"kind":"residential"},"geometry":{"type":"Polygon","coordinates":[[[174.78587,-36.85364],[174.78653,-36.85352],[174.78659,-36.85374],[174.7868,-36.85489],[174.78619,-36.85495],[174.78614,-36.85454],[174.78605,-36.85454],[174.78599,-36.85454],[174.78599,-36.85438],[174.78609,-36.85438],[174.786,-36.85409],[174.78587,-36.85364]]]}},{"type":"Feature","properties":{"kind":"residential"},"geometry":{"type":"Polygon","coordinates":[[[174.78591,-36.85465],[174.78559,-36.85468],[174.7856,-36.85473],[174.78564,-36.85502],[174.78533,-36.85505],[174.78477,-36.85512],[174.78478,-36.85522],[174.78481,-36.85537],[174.786,-36.8552],[174.78591,-36.85465]]]}},{"type":"Feature","properties":{"kind":"residential"},"geometry":{"type":"Polygon","coordinates":[[[174.78272,-36.85856],[174.78265,-36.85845],[174.78265,-36.85829],[174.78283,-36.85827],[174.78301,-36.85828],[174.78303,-36.8581],[174.78267,-36.85807],[174.7829,-36.8565],[174.7834,-36.85643],[174.78342,-36.85619],[174.78341,-36.85617],[174.78294,-36.85616],[174.78302,-36.85544],[174.78295,-36.85469],[174.78348,-36.85471],[174.78373,-36.85541],[174.78378,-36.85599],[174.78369,-36.85597],[174.7837,-36.85637],[174.78411,-36.8563],[174.78434,-36.85608],[174.78474,-36.85569],[174.78486,-36.85556],[174.78625,-36.85535],[174.78621,-36.85506],[174.78681,-36.855],[174.7869,-36.85548],[174.78595,-36.85562],[174.78596,-36.85569],[174.78591,-36.8557],[174.78598,-36.856],[174.78586,-36.85603],[174.78569,-36.85605],[174.78582,-36.85633],[174.78639,-36.85631],[174.78639,-36.85634],[174.78705,-36.85627],[174.78708,-36.85646],[174.7871,-36.8566],[174.7871,-36.85665],[174.78709,-36.8567],[174.78707,-36.85675],[174.78658,-36.85712],[174.78633,-36.8573],[174.78592,-36.85671],[174.78575,-36.85679],[174.78583,-36.8569],[174.78567,-36.85697],[174.78581,-36.85716],[174.78592,-36.85717],[174.78614,-36.85708],[174.78632,-36.85731],[174.78629,-36.85733],[174.78577,-36.85757],[174.7852,-36.85681],[174.78517,-36.85679],[174.78514,-36.85679],[174.78512,-36.8568],[174.7851,-36.85682],[174.78511,-36.85685],[174.78565,-36.85762],[174.78485,-36.858],[174.78483,-36.85798],[174.78421,-36.85713],[174.78411,-36.85719],[174.78471,-36.85807],[174.78386,-36.85847],[174.78356,-36.85805],[174.78316,-36.85824],[174.78347,-36.85865],[174.78321,-36.85877],[174.78296,-36.85845],[174.78272,-36.85856]]]}},{"type":"Feature","properties":{"kind":"retail"},"geometry":{"type":"Polygon","coordinates":[[[174.78617,-36.85228],[174.7863,-36.85275],[174.78597,-36.85281],[174.78583,-36.85233],[174.78617,-36.85228]]]}},{"type":"Feature","properties":{"kind":"residential"},"geometry":{"type":"Polygon","coordinates":[[[174.78474,-36.86007],[174.78462,-36.85969],[174.78458,-36.85952],[174.78452,-36.85942],[174.78446,-36.85943],[174.78462,-36.85988],[174.78466,-36.86011],[174.78456,-36.86037],[174.78444,-36.8605],[174.78433,-36.86059],[174.78388,-36.86061],[174.78388,-36.86041],[174.78391,-36.86024],[174.78393,-36.85989],[174.78418,-36.8599],[174.7842,-36.86004],[174.78444,-36.85999],[174.78424,-36.85947],[174.78453,-36.85917],[174.78439,-36.85904],[174.78466,-36.85882],[174.7859,-36.85954],[174.78671,-36.86],[174.78616,-36.86036],[174.7856,-36.86004],[174.78521,-36.86033],[174.78494,-36.8604],[174.78467,-36.86047],[174.7846,-36.86042],[174.78474,-36.86007]]]}},{"type":"Feature","properties":{"kind":"residential"},"geometry":{"type":"Polygon","coordinates":[[[174.78855,-36.86217],[174.78977,-36.86126],[174.78976,-36.86123],[174.78982,-36.86119],[174.78982,-36.86118],[174.78982,-36.86116],[174.78999,-36.86105],[174.79004,-36.86105],[174.79021,-36.86093],[174.79061,-36.86183],[174.79064,-36.86185],[174.78977,-36.86268],[174.78919,-36.86308],[174.78868,-36.86266],[174.78867,-36.86264],[174.78855,-36.86217]]]}},{"type":"Feature","properties":{"kind":"residential"},"geometry":{"type":"Polygon","coordinates":[[[174.79023,-36.85962],[174.79021,-36.85959],[174.78931,-36.85942],[174.78887,-36.85925],[174.78819,-36.85923],[174.78807,-36.85932],[174.78853,-36.85973],[174.78861,-36.85974],[174.78869,-36.85981],[174.78865,-36.85984],[174.78884,-36.86],[174.78926,-36.86038],[174.78938,-36.86048],[174.78971,-36.86112],[174.78973,-36.86116],[174.78999,-36.86097],[174.79016,-36.86084],[174.7901,-36.86069],[174.79008,-36.86063],[174.79005,-36.86061],[174.79004,-36.8606],[174.79003,-36.86058],[174.79001,-36.86049],[174.79009,-36.85991],[174.79023,-36.85962]]]}},{"type":"Feature","properties":{"name":"Gladstone Park","kind":"park"},"geometry":{"type":"Polygon","coordinates":[[[174.78468,-36.84882],[174.78463,-36.84885],[174.78462,-36.84972],[174.78515,-36.84972],[174.78519,-36.84972],[174.78571,-36.84972],[174.78571,-36.84922],[174.78571,-36.84909],[174.78566,-36.84898],[174.78559,-36.84891],[174.78549,-36.84885],[174.78542,-36.84881],[174.7853,-36.84879],[174.78474,-36.84881],[174.78468,-36.84882]]]}},{"type":"Feature","properties":{"kind":"residential"},"geometry":{"type":"Polygon","coordinates":[[[174.78334,-36.85138],[174.78357,-36.85135],[174.78354,-36.85121],[174.78352,-36.85116],[174.78351,-36.85112],[174.78349,-36.85103],[174.78349,-36.85101],[174.78351,-36.85101],[174.78355,-36.85101],[174.78366,-36.85101],[174.78378,-36.85101],[174.78376,-36.85044],[174.78376,-36.85041],[174.78376,-36.85021],[174.7838,-36.85021],[174.78382,-36.85021],[174.78394,-36.8502],[174.78396,-36.85003],[174.7844,-36.85004],[174.78441,-36.85126],[174.78451,-36.85168],[174.78345,-36.85183],[174.78342,-36.85175],[174.7834,-36.85167],[174.78338,-36.85154],[174.78337,-36.85149],[174.78335,-36.85139],[174.78334,-36.85138]]]}},{"type":"Feature","properties":{"kind":"residential"},"geometry":{"type":"Polygon","coordinates":[[[174.78458,-36.85181],[174.78338,-36.85198],[174.78344,-36.85239],[174.78347,-36.85247],[174.78431,-36.8524],[174.78428,-36.85218],[174.78428,-36.85217],[174.78465,-36.85213],[174.78458,-36.85181]]]}},{"type":"Feature","properties":{"kind":"commercial"},"geometry":{"type":"Polygon","coordinates":[[[174.78345,-36.85183],[174.78322,-36.85186],[174.78304,-36.85188],[174.78275,-36.85193],[174.7827,-36.8519],[174.78266,-36.85148],[174.78265,-36.85137],[174.78259,-36.85121],[174.78297,-36.85113],[174.78304,-36.85111],[174.78324,-36.85107],[174.78331,-36.85105],[174.78345,-36.85102],[174.78349,-36.85101],[174.78349,-36.85103],[174.78351,-36.85112],[174.78352,-36.85116],[174.78354,-36.85121],[174.78357,-36.85135],[174.78334,-36.85138],[174.78335,-36.85139],[174.78337,-36.85149],[174.78338,-36.85154],[174.7834,-36.85167],[174.78342,-36.85175],[174.78345,-36.85183]]]}},{"type":"Feature","properties":{"kind":"commercial"},"geometry":{"type":"Polygon","coordinates":[[[174.78312,-36.85201],[174.78264,-36.85208],[174.78262,-36.8524],[174.78265,-36.85276],[174.78267,-36.85302],[174.78268,-36.85321],[174.78271,-36.85333],[174.78285,-36.85335],[174.78289,-36.85338],[174.7829,-36.8534],[174.78291,-36.8535],[174.78293,-36.8538],[174.78299,-36.8538],[174.78354,-36.85377],[174.7839,-36.85426],[174.78403,-36.85467],[174.78472,-36.85466],[174.78465,-36.85429],[174.78457,-36.8539],[174.78455,-36.85379],[174.78445,-36.85322],[174.78443,-36.85312],[174.78431,-36.8524],[174.78347,-36.85247],[174.78344,-36.85239],[174.78338,-36.85198],[174.78312,-36.85201]]]}},{"type":"Feature","properties":{"kind":"residential"},"geometry":{"type":"Polygon","coordinates":[[[174.78463,-36.84999],[174.78465,-36.8512],[174.78474,-36.85165],[174.78595,-36.85147],[174.7859,-36.8513],[174.78537,-36.85138],[174.78523,-36.85081],[174.78521,-36.85018],[174.78571,-36.85017],[174.78571,-36.84972],[174.78519,-36.84972],[174.78515,-36.84972],[174.78515,-36.84992],[174.7851,-36.84992],[174.7851,-36.84999],[174.78463,-36.84999]]]}},{"type":"Feature","properties":{"kind":"commercial"},"geometry":{"type":"Polygon","coordinates":[[[174.78244,-36.85146],[174.78197,-36.85032],[174.78101,-36.84982],[174.78013,-36.84939],[174.77957,-36.84954],[174.77978,-36.84952],[174.78027,-36.85008],[174.78054,-36.85042],[174.78068,-36.85044],[174.78074,-36.85053],[174.78076,-36.85073],[174.78107,-36.85104],[174.78156,-36.85091],[174.78183,-36.85157],[174.78244,-36.85146]]]}},{"type":"Feature","properties":{"kind":"commercial"},"geometry":{"type":"Polygon","coordinates":[[[174.78091,-36.85184],[174.78247,-36.85156],[174.78247,-36.85199],[174.781,-36.85224],[174.78091,-36.85184]]]}},{"type":"Feature","properties":{"kind":"commercial"},"geometry":{"type":"Polygon","coordinates":[[[174.78346,-36.85022],[174.78347,-36.85042],[174.78349,-36.85101],[174.78351,-36.85101],[174.78355,-36.85101],[174.78366,-36.85101],[174.78378,-36.85101],[174.78376,-36.85044],[174.78376,-36.85041],[174.78376,-36.85021],[174.78346,-36.85022]]]}},{"type":"Feature","properties":{"kind":"residential"},"geometry":{"type":"Polygon","coordinates":[[[174.78009,-36.85406],[174.78041,-36.85394],[174.78074,-36.85444],[174.78043,-36.85456],[174.78034,-36.85439],[174.78031,-36.8544],[174.78009,-36.85406]]]}},{"type":"Feature","properties":{"kind":"residential"},"geometry":{"type":"Polygon","coordinates":[[[174.78444,-36.85846],[174.78444,-36.85842],[174.78647,-36.85746],[174.78671,-36.85728],[174.78733,-36.85681],[174.78848,-36.85804],[174.79009,-36.85867],[174.7902,-36.85871],[174.79041,-36.8588],[174.79023,-36.8591],[174.79029,-36.85912],[174.79013,-36.85939],[174.78995,-36.85935],[174.78939,-36.85924],[174.78892,-36.85907],[174.78811,-36.85905],[174.78776,-36.85931],[174.78824,-36.85975],[174.78742,-36.86035],[174.78696,-36.8599],[174.78626,-36.85951],[174.78444,-36.85846]]]}},{"type":"Feature","properties":{"kind":"residential"},"geometry":{"type":"Polygon","coordinates":[[[174.7795,-36.85565],[174.77913,-36.8558],[174.77899,-36.85554],[174.77934,-36.8554],[174.7795,-36.85565]]]}},{"type":"Feature","properties":{"kind":"residential"},"geometry":{"type":"Polygon","coordinates":[[[174.78932,-36.85718],[174.79103,-36.85805],[174.79129,-36.85819],[174.79114,-36.85829],[174.79093,-36.85842],[174.7909,-36.85853],[174.79078,-36.8586],[174.79058,-36.85866],[174.79042,-36.8586],[174.78989,-36.85839],[174.78964,-36.85829],[174.78929,-36.85815],[174.78925,-36.85814],[174.78899,-36.85803],[174.78893,-36.85801],[174.78871,-36.85792],[174.78892,-36.85768],[174.78916,-36.85737],[174.78932,-36.85718]]]}},{"type":"Feature","properties":{"kind":"residential"},"geometry":{"type":"Polygon","coordinates":[[[174.78954,-36.85652],[174.78956,-36.8567],[174.78956,-36.85676],[174.78939,-36.85706],[174.79112,-36.85792],[174.79121,-36.85796],[174.79142,-36.85787],[174.79145,-36.85782],[174.79118,-36.85768],[174.79127,-36.85758],[174.79151,-36.85771],[174.79154,-36.85748],[174.79158,-36.85736],[174.79165,-36.85716],[174.79162,-36.85712],[174.79137,-36.85703],[174.79134,-36.85706],[174.7913,-36.85708],[174.7912,-36.85708],[174.7911,-36.85701],[174.78954,-36.85652]]]}},{"type":"Feature","properties":{"kind":"residential"},"geometry":{"type":"Polygon","coordinates":[[[174.79039,-36.85662],[174.79059,-36.85625],[174.79061,-36.85623],[174.79063,-36.85621],[174.791,-36.85611],[174.79103,-36.85609],[174.79121,-36.85568],[174.79122,-36.85565],[174.79121,-36.85562],[174.79121,-36.85561],[174.79104,-36.85523],[174.79105,-36.8552],[174.79106,-36.85518],[174.79129,-36.85485],[174.79132,-36.85483],[174.79135,-36.85482],[174.79139,-36.8548],[174.79143,-36.8548],[174.79168,-36.85478],[174.79173,-36.85479],[174.79202,-36.85491],[174.79206,-36.85493],[174.79233,-36.8552],[174.79243,-36.8553],[174.79244,-36.85534],[174.79246,-36.85538],[174.79242,-36.85547],[174.79233,-36.85556],[174.79223,-36.85565],[174.7922,-36.85572],[174.79187,-36.85579],[174.79181,-36.85594],[174.79172,-36.85629],[174.79172,-36.85633],[174.79171,-36.85648],[174.79184,-36.85666],[174.7918,-36.85677],[174.7917,-36.85704],[174.79166,-36.85707],[174.79139,-36.85698],[174.79138,-36.85693],[174.79135,-36.85689],[174.7913,-36.85686],[174.79112,-36.85685],[174.79039,-36.85662]]]}},{"type":"Feature","properties":{"kind":"residential"},"geometry":{"type":"Polygon","coordinates":[[[174.79251,-36.85542],[174.79239,-36.8556],[174.79236,-36.85563],[174.79232,-36.85571],[174.79237,-36.8558],[174.79252,-36.85604],[174.79293,-36.85578],[174.79304,-36.8556],[174.79309,-36.8552],[174.79307,-36.85506],[174.79299,-36.85473],[174.79299,-36.85443],[174.79304,-36.85415],[174.79306,-36.85399],[174.79307,-36.85372],[174.79295,-36.85356],[174.79259,-36.85321],[174.79234,-36.85311],[174.7923,-36.85302],[174.79187,-36.85284],[174.79189,-36.8528],[174.79167,-36.85272],[174.7914,-36.8525],[174.79136,-36.85216],[174.79162,-36.85159],[174.79193,-36.85059],[174.79203,-36.85026],[174.79197,-36.85021],[174.79186,-36.85019],[174.79036,-36.85243],[174.79037,-36.85246],[174.79116,-36.85281],[174.79125,-36.85301],[174.79136,-36.85319],[174.79152,-36.85334],[174.79169,-36.8534],[174.79204,-36.85341],[174.79217,-36.85346],[174.79247,-36.85373],[174.79229,-36.85386],[174.79202,-36.85361],[174.79164,-36.85358],[174.79148,-36.85354],[174.79133,-36.85345],[174.79123,-36.85337],[174.79111,-36.85323],[174.79039,-36.85429],[174.79125,-36.85464],[174.79132,-36.85466],[174.79138,-36.85465],[174.79149,-36.85464],[174.79164,-36.85464],[174.79174,-36.85463],[174.79178,-36.85463],[174.79191,-36.85468],[174.79216,-36.8548],[174.79222,-36.85484],[174.79239,-36.85502],[174.79255,-36.85518],[174.79259,-36.85522],[174.79262,-36.85522],[174.79265,-36.85523],[174.79267,-36.85524],[174.79268,-36.85525],[174.79269,-36.85527],[174.7927,-36.85529],[174.7927,-36.8553],[174.7927,-36.85533],[174.79268,-36.85538],[174.79264,-36.85541],[174.79259,-36.85543],[174.79251,-36.85542]]]}},{"type":"Feature","properties":{"name":"Awatea Reserve","kind":"park"},"geometry":{"type":"Polygon","coordinates":[[[174.79251,-36.85542],[174.79246,-36.85538],[174.79242,-36.85547],[174.79233,-36.85556],[174.79223,-36.85565],[174.7922,-36.85572],[174.79187,-36.85579],[174.79181,-36.85594],[174.79172,-36.85629],[174.79172,-36.85633],[174.79171,-36.85648],[174.79184,-36.85666],[174.7918,-36.85677],[174.7917,-36.85704],[174.79166,-36.85707],[174.79139,-36.85698],[174.79137,-36.85703],[174.79162,-36.85712],[174.79165,-36.85716],[174.79158,-36.85736],[174.79154,-36.85748],[174.79151,-36.85771],[174.79127,-36.85758],[174.79118,-36.85768],[174.79145,-36.85782],[174.79142,-36.85787],[174.79121,-36.85796],[174.79112,-36.85792],[174.79103,-36.85805],[174.79129,-36.85819],[174.79114,-36.85829],[174.79093,-36.85842],[174.7909,-36.85853],[174.79078,-36.8586],[174.79058,-36.85866],[174.79042,-36.8586],[174.79038,-36.85866],[174.79031,-36.85863],[174.79027,-36.85863],[174.79022,-36.85864],[174.7902,-36.85866],[174.79019,-36.85868],[174.7902,-36.85871],[174.79041,-36.8588],[174.79023,-36.8591],[174.79029,-36.85912],[174.79013,-36.85939],[174.79019,-36.85937],[174.7903,-36.85913],[174.79038,-36.85902],[174.79044,-36.85901],[174.79051,-36.85894],[174.79056,-36.85886],[174.79057,-36.85884],[174.7909,-36.85858],[174.79096,-36.85859],[174.79102,-36.85862],[174.79116,-36.85863],[174.79127,-36.85861],[174.79137,-36.85859],[174.79143,-36.85854],[174.79153,-36.85836],[174.79154,-36.85831],[174.79157,-36.85823],[174.79156,-36.85818],[174.79146,-36.85812],[174.79172,-36.85789],[174.79181,-36.85782],[174.79186,-36.85771],[174.79194,-36.85746],[174.79205,-36.85697],[174.79206,-36.85676],[174.79214,-36.8566],[174.79221,-36.85633],[174.79233,-36.85622],[174.79257,-36.85619],[174.79274,-36.85609],[174.79252,-36.85604],[174.79237,-36.8558],[174.79232,-36.85571],[174.79236,-36.85563],[174.79239,-36.8556],[174.79251,-36.85542]]]}},{"type":"Feature","properties":{"kind":"residential"},"geometry":{"type":"Polygon","coordinates":[[[174.79112,-36.84955],[174.79125,-36.84957],[174.79171,-36.85004],[174.79169,-36.8501],[174.79119,-36.85083],[174.78999,-36.85033],[174.79003,-36.85006],[174.79005,-36.84987],[174.79012,-36.84983],[174.79059,-36.84974],[174.79098,-36.84959],[174.79112,-36.84955]]]}},{"type":"Feature","properties":{"kind":"residential"},"geometry":{"type":"Polygon","coordinates":[[[174.78512,-36.85426],[174.78589,-36.85411],[174.78575,-36.85366],[174.78457,-36.8539],[174.78465,-36.85429],[174.78488,-36.85424],[174.78509,-36.85416],[174.78512,-36.85426]]]}},{"type":"Feature","properties":{"kind":"residential"},"geometry":{"type":"Polygon","coordinates":[[[174.73499,-36.84161],[174.73493,-36.84137],[174.7349,-36.8413],[174.73506,-36.84127],[174.73517,-36.84115],[174.73526,-36.84113],[174.73535,-36.84106],[174.73543,-36.84099],[174.7356,-36.84092],[174.73561,-36.84093],[174.73565,-36.84091],[174.73567,-36.84094],[174.73587,-36.84093],[174.73595,-36.84085],[174.73593,-36.84079],[174.73622,-36.84059],[174.73629,-36.84057],[174.73632,-36.84062],[174.73639,-36.84059],[174.73649,-36.84063],[174.73658,-36.84063],[174.73673,-36.84063],[174.73681,-36.84061],[174.73682,-36.84064],[174.73698,-36.84125],[174.73499,-36.84161]]]}},{"type":"Feature","properties":{"kind":"residential"},"geometry":{"type":"Polygon","coordinates":[[[174.73475,-36.84165],[174.73294,-36.84198],[174.7329,-36.84181],[174.73287,-36.8417],[174.73284,-36.8416],[174.73306,-36.84142],[174.73312,-36.8414],[174.73331,-36.84132],[174.73339,-36.84125],[174.7333,-36.84114],[174.73356,-36.84101],[174.73378,-36.84095],[174.73373,-36.84075],[174.73375,-36.84074],[174.73374,-36.84067],[174.73379,-36.84066],[174.73378,-36.84061],[174.73402,-36.84057],[174.73414,-36.84059],[174.73418,-36.84061],[174.73422,-36.84065],[174.73421,-36.84068],[174.73419,-36.84072],[174.73419,-36.84079],[174.73419,-36.84082],[174.73423,-36.8409],[174.73432,-36.84097],[174.73439,-36.84104],[174.73449,-36.84112],[174.73464,-36.84122],[174.73465,-36.84128],[174.73474,-36.84133],[174.73482,-36.84142],[174.73471,-36.84148],[174.73475,-36.84165]]]}},{"type":"Feature","properties":{"kind":"retail"},"geometry":{"type":"Polygon","coordinates":[[[174.78203,-36.8609],[174.78235,-36.861],[174.7819,-36.86175],[174.78181,-36.86193],[174.78158,-36.86184],[174.78143,-36.86158],[174.78143,-36.86141],[174.78168,-36.86151],[174.78203,-36.8609]]]}},{"type":"Feature","properties":{"name":"The Parnell Hotel & Conference Centre","kind":"commercial"},"geometry":{"type":"Polygon","coordinates":[[[174.7869,-36.85548],[174.78705,-36.85627],[174.78639,-36.85634],[174.78639,-36.85631],[174.78582,-36.85633],[174.78569,-36.85605],[174.78586,-36.85603],[174.78598,-36.856],[174.78591,-36.8557],[174.78596,-36.85569],[174.78595,-36.85562],[174.7869,-36.85548]]]}},{"type":"Feature","properties":{"kind":"commercial"},"geometry":{"type":"Polygon","coordinates":[[[174.78058,-36.8548],[174.78027,-36.85493],[174.78007,-36.8546],[174.7802,-36.85455],[174.78015,-36.85447],[174.78026,-36.85443],[174.78026,-36.85442],[174.78031,-36.8544],[174.78034,-36.85439],[174.78043,-36.85456],[174.78058,-36.8548]]]}},{"type":"Feature","properties":{"kind":"commercial"},"geometry":{"type":"Polygon","coordinates":[[[174.77401,-36.85271],[174.77404,-36.85273],[174.77436,-36.85292],[174.77441,-36.85295],[174.77442,-36.85297],[174.77443,-36.85299],[174.77443,-36.85301],[174.77449,-36.85305],[174.77455,-36.85299],[174.77533,-36.85348],[174.77515,-36.85366],[174.77511,-36.8537],[174.77504,-36.85379],[174.7749,-36.85379],[174.77456,-36.85357],[174.7742,-36.85335],[174.77398,-36.85358],[174.77336,-36.85319],[174.77363,-36.85291],[174.77384,-36.85267],[174.77386,-36.85266],[174.77388,-36.85266],[174.77391,-36.85266],[174.77395,-36.85267],[174.77401,-36.85271]]]}},{"type":"Feature","properties":{"kind":"residential"},"geometry":{"type":"Polygon","coordinates":[[[174.73828,-36.83969],[174.73857,-36.83987],[174.73865,-36.84],[174.73873,-36.84018],[174.73891,-36.84016],[174.73898,-36.84026],[174.73906,-36.84039],[174.73918,-36.84037],[174.7392,-36.84047],[174.73924,-36.84047],[174.73934,-36.84046],[174.73934,-36.84047],[174.73942,-36.84079],[174.7372,-36.84121],[174.737,-36.8405],[174.73704,-36.8404],[174.73704,-36.84029],[174.73713,-36.84013],[174.73727,-36.84006],[174.7373,-36.83994],[174.73742,-36.83988],[174.73749,-36.83974],[174.73768,-36.83962],[174.73792,-36.83962],[174.7381,-36.83964],[174.73828,-36.83969]]]}},{"type":"Feature","properties":{"kind":"residential"},"geometry":{"type":"Polygon","coordinates":[[[174.73945,-36.84098],[174.73725,-36.84139],[174.73806,-36.84471],[174.73826,-36.84468],[174.73909,-36.84456],[174.73914,-36.84482],[174.73917,-36.84496],[174.73988,-36.8449],[174.73984,-36.84463],[174.74011,-36.84461],[174.73974,-36.84264],[174.7387,-36.84278],[174.73848,-36.84168],[174.73954,-36.84152],[174.73945,-36.84098]]]}},{"type":"Feature","properties":{"kind":"residential"},"geometry":{"type":"Polygon","coordinates":[[[174.74529,-36.84186],[174.74488,-36.842],[174.74444,-36.84123],[174.74453,-36.84119],[174.74448,-36.8411],[174.74407,-36.84134],[174.74366,-36.84158],[174.74328,-36.84147],[174.7422,-36.84034],[174.74178,-36.8398],[174.74168,-36.83961],[174.74167,-36.83949],[174.74168,-36.83947],[174.74203,-36.83952],[174.74225,-36.83954],[174.74243,-36.83953],[174.74261,-36.83952],[174.7428,-36.83969],[174.74311,-36.8399],[174.74343,-36.84005],[174.74352,-36.84015],[174.74364,-36.84022],[174.74381,-36.8403],[174.74399,-36.84037],[174.74418,-36.84043],[174.74437,-36.84052],[174.74453,-36.84066],[174.74467,-36.84081],[174.74473,-36.84096],[174.74493,-36.84123],[174.74529,-36.84186]]]}},{"type":"Feature","properties":{"kind":"residential"},"geometry":{"type":"Polygon","coordinates":[[[174.74151,-36.84514],[174.74167,-36.8448],[174.74336,-36.84534],[174.74338,-36.84536],[174.7429,-36.84589],[174.74268,-36.84576],[174.74244,-36.84602],[174.74237,-36.84598],[174.74244,-36.84591],[174.74212,-36.84572],[174.74201,-36.84584],[174.74195,-36.8458],[174.74222,-36.84552],[174.74226,-36.84554],[174.74228,-36.8455],[174.7423,-36.84551],[174.74237,-36.84539],[174.74215,-36.84532],[174.7422,-36.84522],[174.74191,-36.84513],[174.74186,-36.84525],[174.74151,-36.84514]]]}},{"type":"Feature","properties":{"kind":"residential"},"geometry":{"type":"Polygon","coordinates":[[[174.74168,-36.84665],[174.74183,-36.84651],[174.74158,-36.84636],[174.74187,-36.84607],[174.7415,-36.84585],[174.74129,-36.84608],[174.74118,-36.846],[174.74139,-36.84578],[174.74029,-36.84511],[174.74001,-36.84514],[174.74014,-36.8459],[174.74043,-36.84588],[174.74168,-36.84665]]]}},{"type":"Feature","properties":{"kind":"residential"},"geometry":{"type":"Polygon","coordinates":[[[174.74304,-36.84766],[174.74301,-36.84777],[174.74183,-36.84787],[174.74171,-36.84684],[174.74304,-36.84766]]]}},{"type":"Feature","properties":{"kind":"retail"},"geometry":{"type":"Polygon","coordinates":[[[174.7366,-36.84544],[174.73585,-36.84551],[174.73589,-36.84584],[174.73665,-36.84577],[174.7366,-36.84544]]]}},{"type":"Feature","properties":{"kind":"retail"},"geometry":{"type":"Polygon","coordinates":[[[174.73684,-36.84541],[174.7375,-36.84536],[174.73758,-36.84569],[174.73726,-36.84572],[174.73724,-36.8456],[174.73686,-36.84564],[174.73684,-36.84541]]]}},{"type":"Feature","properties":{"kind":"retail"},"geometry":{"type":"Polygon","coordinates":[[[174.73563,-36.84553],[174.73486,-36.8456],[174.73491,-36.84596],[174.73566,-36.84587],[174.73563,-36.84553]]]}},{"type":"Feature","properties":{"kind":"retail"},"geometry":{"type":"Polygon","coordinates":[[[174.73463,-36.84562],[174.73426,-36.84565],[174.73375,-36.84608],[174.73379,-36.84634],[174.73435,-36.84627],[174.7343,-36.84603],[174.73468,-36.846],[174.73463,-36.84562]]]}},{"type":"Feature","properties":{"kind":"retail"},"geometry":{"type":"Polygon","coordinates":[[[174.73763,-36.84535],[174.73827,-36.84529],[174.73832,-36.84564],[174.73806,-36.84566],[174.73807,-36.84576],[174.73769,-36.84579],[174.73763,-36.84535]]]}},{"type":"Feature","properties":{"kind":"commercial"},"geometry":{"type":"Polygon","coordinates":[[[174.77425,-36.84866],[174.77426,-36.84866],[174.77413,-36.84835],[174.77403,-36.84816],[174.77392,-36.84795],[174.77378,-36.84774],[174.77298,-36.84685],[174.77226,-36.84712],[174.77256,-36.84748],[174.77295,-36.84785],[174.77326,-36.84815],[174.77339,-36.84829],[174.77359,-36.84859],[174.77391,-36.84851],[174.77398,-36.84871],[174.77425,-36.84866]]]}},{"type":"Feature","properties":{"kind":"commercial"},"geometry":{"type":"Polygon","coordinates":[[[174.77309,-36.84983],[174.77354,-36.84944],[174.7744,-36.84942],[174.7744,-36.84964],[174.77436,-36.85009],[174.77432,-36.85029],[174.77422,-36.85039],[174.77309,-36.84983]]]}},{"type":"Feature","properties":{"kind":"commercial"},"geometry":{"type":"Polygon","coordinates":[[[174.77304,-36.84871],[174.77297,-36.84859],[174.77288,-36.84841],[174.77273,-36.84828],[174.77275,-36.84827],[174.77256,-36.84814],[174.77216,-36.84783],[174.77189,-36.84804],[174.77161,-36.84783],[174.77221,-36.84737],[174.77239,-36.84757],[174.77322,-36.84833],[174.77335,-36.84864],[174.77304,-36.84871]]]}},{"type":"Feature","properties":{"kind":"residential"},"geometry":{"type":"Polygon","coordinates":[[[174.77297,-36.84859],[174.77304,-36.84871],[174.77335,-36.84864],[174.77341,-36.8488],[174.77339,-36.84885],[174.77283,-36.84898],[174.77273,-36.84876],[174.77266,-36.84861],[174.77261,-36.84852],[174.77253,-36.84846],[174.77189,-36.84804],[174.77216,-36.84783],[174.77256,-36.84814],[174.77275,-36.84827],[174.77273,-36.84828],[174.77288,-36.84841],[174.77297,-36.84859]]]}},{"type":"Feature","properties":{"name":"M\u0101huhu ki te Rangi Park","kind":"park"},"geometry":{"type":"Polygon","coordinates":[[[174.77448,-36.84715],[174.77459,-36.84702],[174.77462,-36.84698],[174.77465,-36.84694],[174.77472,-36.8469],[174.77477,-36.84687],[174.77482,-36.84685],[174.77484,-36.84684],[174.77493,-36.84682],[174.77504,-36.8468],[174.77512,-36.84678],[174.77526,-36.84677],[174.77539,-36.84677],[174.77548,-36.84678],[174.77562,-36.84679],[174.77574,-36.8468],[174.7758,-36.84681],[174.77585,-36.84683],[174.77589,-36.84686],[174.77593,-36.84689],[174.77596,-36.84693],[174.77598,-36.84697],[174.77599,-36.847],[174.77599,-36.84703],[174.77598,-36.84706],[174.77597,-36.8471],[174.77596,-36.84711],[174.77595,-36.84712],[174.77594,-36.84713],[174.77592,-36.84714],[174.77585,-36.84715],[174.77584,-36.84712],[174.77579,-36.84715],[174.77568,-36.8472],[174.77527,-36.84725],[174.77525,-36.84725],[174.77494,-36.84723],[174.77484,-36.84722],[174.77465,-36.84718],[174.77463,-36.84719],[174.77463,-36.84718],[174.77461,-36.84719],[174.7746,-36.84716],[174.77454,-36.84718],[174.77448,-36.84715]]]}},{"type":"Feature","properties":{"name":"Hapua Reserve","kind":"park"},"geometry":{"type":"Polygon","coordinates":[[[174.78958,-36.86559],[174.7894,-36.86577],[174.78933,-36.86587],[174.78927,-36.86597],[174.78922,-36.86606],[174.78921,-36.86614],[174.7892,-36.86626],[174.78964,-36.86623],[174.78952,-36.866],[174.78953,-36.8659],[174.78978,-36.86577],[174.79002,-36.86611],[174.79006,-36.86616],[174.79014,-36.86614],[174.78997,-36.86579],[174.78978,-36.86564],[174.78968,-36.86559],[174.78958,-36.86559]]]}},{"type":"Feature","properties":{"kind":"retail"},"geometry":{"type":"Polygon","coordinates":[[[174.78924,-36.86539],[174.78886,-36.8652],[174.78859,-36.86541],[174.78903,-36.86566],[174.78924,-36.86539]]]}},{"type":"Feature","properties":{"kind":"commercial"},"geometry":{"type":"Polygon","coordinates":[[[174.74605,-36.85907],[174.74629,-36.85897],[174.74632,-36.85895],[174.74681,-36.85879],[174.74689,-36.85878],[174.74695,-36.85891],[174.74698,-36.85895],[174.74708,-36.85904],[174.74635,-36.85948],[174.74615,-36.8593],[174.74605,-36.85907]]]}},{"type":"Feature","properties":{"kind":"retail"},"geometry":{"type":"Polygon","coordinates":[[[174.75188,-36.86113],[174.75155,-36.86086],[174.75272,-36.85992],[174.75276,-36.85994],[174.753,-36.86031],[174.7527,-36.86049],[174.75266,-36.86053],[174.75252,-36.86069],[174.75246,-36.86075],[174.75236,-36.86076],[174.7523,-36.86081],[174.75231,-36.86082],[174.75192,-36.86113],[174.75188,-36.86113]]]}},{"type":"Feature","properties":{"kind":"residential"},"geometry":{"type":"Polygon","coordinates":[[[174.73572,-36.86397],[174.73576,-36.86379],[174.73579,-36.86368],[174.73613,-36.86306],[174.73673,-36.86342],[174.73649,-36.8637],[174.73675,-36.86382],[174.73675,-36.86386],[174.7367,-36.86413],[174.73572,-36.86397]]]}},{"type":"Feature","properties":{"name":"Teal Park","kind":"park"},"geometry":{"type":"Polygon","coordinates":[[[174.78794,-36.84759],[174.78789,-36.84756],[174.78785,-36.84749],[174.78779,-36.84728],[174.78789,-36.8473],[174.78796,-36.84732],[174.78817,-36.8473],[174.78827,-36.84729],[174.78835,-36.84732],[174.78841,-36.84734],[174.78846,-36.84734],[174.7885,-36.84734],[174.78853,-36.84733],[174.78888,-36.84769],[174.78907,-36.84759],[174.78869,-36.84723],[174.78864,-36.84726],[174.7886,-36.84723],[174.78858,-36.84721],[174.78858,-36.84718],[174.78861,-36.84718],[174.78865,-36.84718],[174.7887,-36.8472],[174.78877,-36.84723],[174.78928,-36.84773],[174.78907,-36.84774],[174.78878,-36.84772],[174.78849,-36.84769],[174.78808,-36.84764],[174.78801,-36.84761],[174.78794,-36.84759]]]}},{"type":"Feature","properties":{"kind":"commercial"},"geometry":{"type":"Polygon","coordinates":[[[174.75875,-36.85483],[174.75862,-36.85389],[174.75933,-36.85275],[174.75995,-36.85178],[174.76062,-36.85196],[174.76065,-36.85208],[174.75983,-36.85329],[174.7595,-36.85316],[174.75943,-36.85326],[174.75944,-36.85332],[174.75935,-36.85346],[174.75934,-36.85345],[174.75932,-36.85345],[174.75922,-36.8536],[174.75925,-36.85362],[174.75923,-36.85366],[174.7593,-36.85369],[174.75934,-36.85363],[174.75935,-36.85362],[174.75956,-36.85371],[174.75925,-36.85418],[174.75898,-36.85408],[174.75894,-36.85415],[174.75881,-36.8541],[174.75876,-36.85417],[174.75883,-36.85421],[174.7588,-36.85426],[174.7591,-36.85439],[174.75883,-36.85484],[174.75875,-36.85483]]]}},{"type":"Feature","properties":{"kind":"commercial"},"geometry":{"type":"Polygon","coordinates":[[[174.7585,-36.85357],[174.759,-36.8528],[174.75889,-36.85276],[174.7588,-36.85292],[174.75862,-36.85296],[174.75842,-36.85289],[174.75801,-36.85271],[174.75762,-36.85359],[174.75763,-36.85365],[174.75805,-36.85376],[174.75812,-36.85358],[174.75822,-36.85361],[174.75814,-36.85379],[174.75833,-36.85384],[174.7585,-36.85357]]]}},{"type":"Feature","properties":{"kind":"commercial"},"geometry":{"type":"Polygon","coordinates":[[[174.75791,-36.8522],[174.758,-36.85199],[174.7583,-36.85134],[174.75753,-36.85112],[174.75739,-36.85146],[174.75678,-36.85129],[174.75659,-36.85175],[174.75636,-36.85158],[174.75571,-36.85193],[174.75599,-36.85229],[174.75674,-36.85187],[174.75791,-36.8522]]]}},{"type":"Feature","properties":{"kind":"commercial"},"geometry":{"type":"Polygon","coordinates":[[[174.75621,-36.84925],[174.75605,-36.84861],[174.75606,-36.8486],[174.75749,-36.84901],[174.75749,-36.84903],[174.75621,-36.84925]]]}},{"type":"Feature","properties":{"kind":"commercial"},"geometry":{"type":"Polygon","coordinates":[[[174.75811,-36.86132],[174.75819,-36.86134],[174.75939,-36.8617],[174.75914,-36.86212],[174.7579,-36.86173],[174.75803,-36.86149],[174.75811,-36.86132]]]}},{"type":"Feature","properties":{"kind":"commercial"},"geometry":{"type":"Polygon","coordinates":[[[174.75787,-36.86236],[174.75804,-36.86189],[174.75835,-36.86196],[174.75867,-36.86205],[174.75904,-36.86218],[174.75871,-36.86256],[174.75787,-36.86236]]]}},{"type":"Feature","properties":{"kind":"residential"},"geometry":{"type":"Polygon","coordinates":[[[174.74802,-36.86258],[174.74834,-36.86232],[174.74854,-36.86248],[174.74884,-36.86221],[174.74834,-36.86181],[174.74749,-36.86095],[174.74747,-36.86095],[174.74677,-36.86138],[174.74758,-36.86222],[174.74783,-36.86242],[174.74802,-36.86258]]]}},{"type":"Feature","properties":{"kind":"commercial"},"geometry":{"type":"Polygon","coordinates":[[[174.74884,-36.86221],[174.74854,-36.86248],[174.74834,-36.86232],[174.74802,-36.86258],[174.7485,-36.86295],[174.74912,-36.86244],[174.74884,-36.86221]]]}},{"type":"Feature","properties":{"name":"Ng\u0101oho Reserve","kind":"park"},"geometry":{"type":"Polygon","coordinates":[[[174.77706,-36.84963],[174.77706,-36.8496],[174.77698,-36.84954],[174.77697,-36.84948],[174.77696,-36.84946],[174.77697,-36.84942],[174.77698,-36.8494],[174.77699,-36.84939],[174.777,-36.84938],[174.77702,-36.84937],[174.77703,-36.84937],[174.77704,-36.84937],[174.7771,-36.84938],[174.7771,-36.84939],[174.77709,-36.8494],[174.7772,-36.84942],[174.77725,-36.84944],[174.77729,-36.84947],[174.7773,-36.84949],[174.7773,-36.84952],[174.7773,-36.84953],[174.77729,-36.84955],[174.77723,-36.84959],[174.77722,-36.8496],[174.77721,-36.84961],[174.77712,-36.84968],[174.77706,-36.84963]]]}},{"type":"Feature","properties":{"kind":"residential"},"geometry":{"type":"Polygon","coordinates":[[[174.79086,-36.85512],[174.79002,-36.85478],[174.79029,-36.85442],[174.79112,-36.85476],[174.79086,-36.85512]]]}},{"type":"Feature","properties":{"kind":"residential"},"geometry":{"type":"Polygon","coordinates":[[[174.78941,-36.85585],[174.78952,-36.85632],[174.78959,-36.85637],[174.79019,-36.85656],[174.79021,-36.85655],[174.79043,-36.85614],[174.79006,-36.85597],[174.79003,-36.85605],[174.78941,-36.85585]]]}},{"type":"Feature","properties":{"kind":"commercial"},"geometry":{"type":"Polygon","coordinates":[[[174.77842,-36.87095],[174.77846,-36.87096],[174.77858,-36.87096],[174.77859,-36.87126],[174.77863,-36.8719],[174.77872,-36.8719],[174.77886,-36.87304],[174.77903,-36.87351],[174.77913,-36.87387],[174.77855,-36.87389],[174.7785,-36.87326],[174.7784,-36.87322],[174.77839,-36.87318],[174.77829,-36.87258],[174.77822,-36.87258],[174.77819,-36.87195],[174.77821,-36.87195],[174.7782,-36.87156],[174.77825,-36.87136],[174.77828,-36.87137],[174.77842,-36.87095]]]}},{"type":"Feature","properties":{"kind":"retail"},"geometry":{"type":"Polygon","coordinates":[[[174.77858,-36.87096],[174.77857,-36.87084],[174.77841,-36.87069],[174.77836,-36.87068],[174.77833,-36.87069],[174.7783,-36.8707],[174.77827,-36.87073],[174.77796,-36.87172],[174.77795,-36.87178],[174.77797,-36.87196],[174.77819,-36.87195],[174.77821,-36.87195],[174.7782,-36.87156],[174.77825,-36.87136],[174.77828,-36.87137],[174.77842,-36.87095],[174.77846,-36.87096],[174.77858,-36.87096]]]}},{"type":"Feature","properties":{"name":"Point Resolution Park","kind":"park"},"geometry":{"type":"Polygon","coordinates":[[[174.79186,-36.85019],[174.79169,-36.8501],[174.79171,-36.85004],[174.79125,-36.84957],[174.79156,-36.84954],[174.79183,-36.84956],[174.79193,-36.84965],[174.79202,-36.84966],[174.79209,-36.84957],[174.7921,-36.84958],[174.79211,-36.84959],[174.79213,-36.8496],[174.79214,-36.84963],[174.79208,-36.84985],[174.79201,-36.85009],[174.79197,-36.85021],[174.79186,-36.85019]]]}},{"type":"Feature","properties":{"kind":"residential"},"geometry":{"type":"Polygon","coordinates":[[[174.79233,-36.86697],[174.79309,-36.86652],[174.79348,-36.86677],[174.79368,-36.86706],[174.79386,-36.86741],[174.7938,-36.86784],[174.79258,-36.86771],[174.79233,-36.86697]]]}},{"type":"Feature","properties":{"kind":"residential"},"geometry":{"type":"Polygon","coordinates":[[[174.79038,-36.86572],[174.79031,-36.86559],[174.79087,-36.86534],[174.79114,-36.86523],[174.7913,-36.8652],[174.7927,-36.86514],[174.79247,-36.86532],[174.79247,-36.86558],[174.79272,-36.86548],[174.79323,-36.86551],[174.79351,-36.86579],[174.79351,-36.86606],[174.79295,-36.86636],[174.79284,-36.86642],[174.79218,-36.86684],[174.79213,-36.86686],[174.79178,-36.86665],[174.79119,-36.86629],[174.79107,-36.86622],[174.79098,-36.86621],[174.79039,-36.8663],[174.79033,-36.86604],[174.79019,-36.86581],[174.79038,-36.86572]]]}},{"type":"Feature","properties":{"kind":"residential"},"geometry":{"type":"Polygon","coordinates":[[[174.78737,-36.85404],[174.78885,-36.85408],[174.78889,-36.85413],[174.78889,-36.85416],[174.78863,-36.85458],[174.78827,-36.85447],[174.78745,-36.85444],[174.78695,-36.85447],[174.78687,-36.85406],[174.78737,-36.85404]]]}},{"type":"Feature","properties":{"kind":"commercial"},"geometry":{"type":"Polygon","coordinates":[[[174.78023,-36.86226],[174.7798,-36.86196],[174.77884,-36.86284],[174.77924,-36.86313],[174.77879,-36.86355],[174.77993,-36.86381],[174.78019,-36.86357],[174.78048,-36.86331],[174.78049,-36.8633],[174.78007,-36.86302],[174.77987,-36.86288],[174.77974,-36.86271],[174.78023,-36.86226]]]}},{"type":"Feature","properties":{"kind":"commercial"},"geometry":{"type":"Polygon","coordinates":[[[174.78012,-36.8648],[174.78046,-36.86448],[174.77993,-36.86409],[174.7793,-36.86467],[174.77938,-36.86472],[174.78044,-36.86547],[174.78072,-36.86522],[174.78012,-36.8648]]]}},{"type":"Feature","properties":{"kind":"residential"},"geometry":{"type":"Polygon","coordinates":[[[174.77995,-36.86183],[174.78086,-36.86247],[174.78099,-36.86235],[174.78104,-36.8623],[174.78109,-36.86226],[174.78114,-36.86221],[174.78118,-36.86223],[174.78121,-36.86221],[174.78137,-36.86207],[174.78099,-36.86181],[174.78095,-36.86176],[174.7806,-36.86125],[174.77995,-36.86183]]]}},{"type":"Feature","properties":{"kind":"retail"},"geometry":{"type":"Polygon","coordinates":[[[174.76544,-36.84921],[174.76542,-36.8492],[174.76539,-36.84922],[174.76472,-36.85078],[174.76468,-36.85077],[174.76465,-36.85076],[174.76464,-36.85077],[174.76463,-36.85079],[174.76463,-36.85081],[174.76463,-36.85083],[174.76464,-36.85084],[174.76465,-36.85085],[174.76466,-36.85086],[174.76468,-36.85088],[174.7647,-36.85088],[174.76473,-36.85087],[174.7648,-36.85089],[174.76513,-36.85099],[174.76523,-36.85101],[174.76522,-36.85103],[174.76523,-36.85104],[174.76524,-36.85104],[174.76526,-36.85104],[174.76527,-36.85103],[174.76528,-36.85103],[174.76529,-36.85102],[174.76529,-36.85101],[174.76532,-36.85095],[174.76529,-36.85094],[174.76534,-36.85081],[174.76551,-36.85043],[174.76566,-36.8501],[174.76569,-36.8501],[174.7657,-36.85006],[174.76572,-36.85003],[174.76572,-36.85002],[174.76571,-36.85002],[174.7657,-36.85002],[174.76585,-36.84966],[174.76587,-36.84966],[174.76588,-36.84966],[174.76601,-36.84936],[174.76602,-36.84933],[174.76603,-36.84932],[174.76604,-36.84929],[174.76604,-36.84928],[174.76601,-36.84927],[174.766,-36.84927],[174.76548,-36.84912],[174.76545,-36.84919],[174.76544,-36.84921]]]}},{"type":"Feature","properties":{"kind":"residential"},"geometry":{"type":"Polygon","coordinates":[[[174.78398,-36.8657],[174.78451,-36.86613],[174.78471,-36.86599],[174.7847,-36.86598],[174.78566,-36.86522],[174.78567,-36.86524],[174.78583,-36.86514],[174.78609,-36.86503],[174.78628,-36.86493],[174.78603,-36.86463],[174.78561,-36.86472],[174.78515,-36.86478],[174.78489,-36.86487],[174.78469,-36.86492],[174.78409,-36.86523],[174.78412,-36.86536],[174.78422,-36.8655],[174.78398,-36.8657]]]}},{"type":"Feature","properties":{"name":"Newmarket Park","kind":"park"},"geometry":{"type":"Polygon","coordinates":[[[174.78211,-36.86834],[174.78219,-36.8685],[174.78225,-36.86861],[174.7823,-36.8687],[174.78227,-36.86871],[174.78222,-36.86865],[174.78215,-36.86857],[174.78203,-36.86856],[174.78199,-36.86851],[174.78192,-36.86837],[174.78193,-36.86819],[174.78186,-36.86805],[174.7817,-36.868],[174.78167,-36.86791],[174.78175,-36.86777],[174.78172,-36.86767],[174.78167,-36.86761],[174.78164,-36.86755],[174.78174,-36.86739],[174.78172,-36.86722],[174.78172,-36.86715],[174.78146,-36.86713],[174.78124,-36.86729],[174.78129,-36.86761],[174.78097,-36.86779],[174.78078,-36.8678],[174.78067,-36.86734],[174.78069,-36.86722],[174.78076,-36.8671],[174.78088,-36.86692],[174.78097,-36.86684],[174.78129,-36.86663],[174.78148,-36.86657],[174.78158,-36.86648],[174.78148,-36.86611],[174.78159,-36.86601],[174.78156,-36.86594],[174.78163,-36.86588],[174.78167,-36.86591],[174.78172,-36.86592],[174.78175,-36.86589],[174.78174,-36.86582],[174.78189,-36.86589],[174.78205,-36.86576],[174.78203,-36.86566],[174.78145,-36.86528],[174.78146,-36.86526],[174.78158,-36.86516],[174.78177,-36.86498],[174.7825,-36.86426],[174.78252,-36.8642],[174.78252,-36.86415],[174.78252,-36.86411],[174.78258,-36.86403],[174.78255,-36.86372],[174.78254,-36.86361],[174.78223,-36.86314],[174.78219,-36.86297],[174.78216,-36.86275],[174.78229,-36.86259],[174.78296,-36.86316],[174.7828,-36.86337],[174.78287,-36.86342],[174.78314,-36.86347],[174.78332,-36.86344],[174.7834,-36.86378],[174.78361,-36.8639],[174.78377,-36.86399],[174.78499,-36.8641],[174.78516,-36.86395],[174.78532,-36.86372],[174.78557,-36.86382],[174.78584,-36.86392],[174.78618,-36.86397],[174.78669,-36.86407],[174.78694,-36.86417],[174.78707,-36.86423],[174.78715,-36.86427],[174.78718,-36.8643],[174.7872,-36.86432],[174.7872,-36.86434],[174.78719,-36.86437],[174.78707,-36.86447],[174.78701,-36.86453],[174.7869,-36.86462],[174.78662,-36.86476],[174.7865,-36.86481],[174.78628,-36.86493],[174.78603,-36.86463],[174.78561,-36.86472],[174.78515,-36.86478],[174.78489,-36.86487],[174.78469,-36.86492],[174.78409,-36.86523],[174.78412,-36.86536],[174.78422,-36.8655],[174.78398,-36.8657],[174.78451,-36.86613],[174.78437,-36.86624],[174.78392,-36.86584],[174.78285,-36.86662],[174.78261,-36.86679],[174.78232,-36.867],[174.78216,-36.86727],[174.78232,-36.86729],[174.78206,-36.86785],[174.78183,-36.86782],[174.78182,-36.8679],[174.78184,-36.86795],[174.78187,-36.86797],[174.78192,-36.868],[174.78196,-36.86808],[174.78203,-36.86821],[174.78214,-36.86822],[174.78211,-36.86834]]]}},{"type":"Feature","properties":{"kind":"commercial"},"geometry":{"type":"Polygon","coordinates":[[[174.75993,-36.84998],[174.76004,-36.84973],[174.7594,-36.84955],[174.7588,-36.85094],[174.75871,-36.85117],[174.75875,-36.85122],[174.75984,-36.85153],[174.7602,-36.85101],[174.76055,-36.85021],[174.76009,-36.85008],[174.76011,-36.85004],[174.75993,-36.84998]]]}},{"type":"Feature","properties":{"kind":"residential"},"geometry":{"type":"Polygon","coordinates":[[[174.76004,-36.84973],[174.76064,-36.84991],[174.76066,-36.84994],[174.76057,-36.85018],[174.76011,-36.85004],[174.75993,-36.84998],[174.76004,-36.84973]]]}},{"type":"Feature","properties":{"kind":"retail"},"geometry":{"type":"Polygon","coordinates":[[[174.77138,-36.84671],[174.77151,-36.84698],[174.77163,-36.84699],[174.77181,-36.84724],[174.77202,-36.84715],[174.77171,-36.8466],[174.77138,-36.84671]]]}},{"type":"Feature","properties":{"kind":"residential"},"geometry":{"type":"Polygon","coordinates":[[[174.77121,-36.8473],[174.7711,-36.84714],[174.77087,-36.84654],[174.77087,-36.84642],[174.77101,-36.84617],[174.77119,-36.84622],[174.77147,-36.84614],[174.77155,-36.84629],[174.77161,-36.8464],[174.77129,-36.8465],[174.77128,-36.84652],[174.77138,-36.84671],[174.77151,-36.84698],[174.77163,-36.84699],[174.77181,-36.84724],[174.77159,-36.84734],[174.77147,-36.84718],[174.77121,-36.8473]]]}},{"type":"Feature","properties":{"kind":"grass"},"geometry":{"type":"Polygon","coordinates":[[[174.76596,-36.85547],[174.76615,-36.8558],[174.76588,-36.85605],[174.76586,-36.85598],[174.76593,-36.85575],[174.76595,-36.85549],[174.76596,-36.85547]]]}},{"type":"Feature","properties":{"name":"Wakefield Reserve","kind":"park"},"geometry":{"type":"Polygon","coordinates":[[[174.76538,-36.85576],[174.76561,-36.85568],[174.76571,-36.85564],[174.76572,-36.85563],[174.7656,-36.85607],[174.76557,-36.8561],[174.76538,-36.85576]]]}},{"type":"Feature","properties":{"kind":"commercial"},"geometry":{"type":"Polygon","coordinates":[[[174.74982,-36.84669],[174.74984,-36.84659],[174.74983,-36.84654],[174.74981,-36.84648],[174.74976,-36.84644],[174.74971,-36.84642],[174.74943,-36.84635],[174.74922,-36.84664],[174.74952,-36.84667],[174.74959,-36.84667],[174.74973,-36.84668],[174.74982,-36.84669]]]}},{"type":"Feature","properties":{"kind":"commercial"},"geometry":{"type":"Polygon","coordinates":[[[174.75609,-36.84927],[174.75558,-36.84936],[174.7554,-36.84863],[174.75589,-36.84855],[174.75591,-36.84856],[174.75599,-36.84887],[174.75571,-36.84891],[174.75577,-36.84913],[174.75604,-36.84909],[174.75609,-36.84927]]]}},{"type":"Feature","properties":{"kind":"commercial"},"geometry":{"type":"Polygon","coordinates":[[[174.75532,-36.84864],[174.75487,-36.84872],[174.75505,-36.84944],[174.75551,-36.84936],[174.75532,-36.84864]]]}},{"type":"Feature","properties":{"kind":"commercial"},"geometry":{"type":"Polygon","coordinates":[[[174.75488,-36.84947],[174.75491,-36.84944],[174.75491,-36.84942],[174.75485,-36.84918],[174.75484,-36.84915],[174.75482,-36.84906],[174.7548,-36.84899],[174.75479,-36.84894],[174.75477,-36.84885],[174.75476,-36.84881],[174.75475,-36.84877],[174.75471,-36.84875],[174.7546,-36.84877],[174.75442,-36.8488],[174.75403,-36.84886],[174.75382,-36.8489],[174.75376,-36.84891],[174.75367,-36.84893],[174.75372,-36.84911],[174.75377,-36.84928],[174.75377,-36.84932],[174.75381,-36.84945],[174.75385,-36.84961],[174.75387,-36.84964],[174.7539,-36.84963],[174.75411,-36.8496],[174.75436,-36.84956],[174.75448,-36.84954],[174.75461,-36.84952],[174.75488,-36.84947]]]}},{"type":"Feature","properties":{"kind":"retail"},"geometry":{"type":"Polygon","coordinates":[[[174.76691,-36.84461],[174.76796,-36.84489],[174.76806,-36.84464],[174.76747,-36.84448],[174.76748,-36.84444],[174.76703,-36.84432],[174.76691,-36.84461]]]}},{"type":"Feature","properties":{"kind":"retail"},"geometry":{"type":"Polygon","coordinates":[[[174.76815,-36.84494],[174.7686,-36.84506],[174.76885,-36.84512],[174.76895,-36.84485],[174.76825,-36.84467],[174.76815,-36.84494]]]}},{"type":"Feature","properties":{"kind":"residential"},"geometry":{"type":"Polygon","coordinates":[[[174.76834,-36.86359],[174.76822,-36.86395],[174.76785,-36.86387],[174.76749,-36.86502],[174.76767,-36.86505],[174.76786,-36.86509],[174.76784,-36.86516],[174.76807,-36.86521],[174.76842,-36.86405],[174.7685,-36.86406],[174.76863,-36.86366],[174.76834,-36.86359]]]}},{"type":"Feature","properties":{"kind":"residential"},"geometry":{"type":"Polygon","coordinates":[[[174.76866,-36.86367],[174.76855,-36.86406],[174.76862,-36.86409],[174.76828,-36.86526],[174.76851,-36.86531],[174.76854,-36.86521],[174.76868,-36.86524],[174.76865,-36.86535],[174.76892,-36.8654],[174.76926,-36.86425],[174.76932,-36.86404],[174.76938,-36.86382],[174.76866,-36.86367]]]}},{"type":"Feature","properties":{"kind":"retail"},"geometry":{"type":"Polygon","coordinates":[[[174.76746,-36.86529],[174.768,-36.86541],[174.76807,-36.86521],[174.76784,-36.86516],[174.76786,-36.86509],[174.76767,-36.86505],[174.76749,-36.86502],[174.76743,-36.86523],[174.76746,-36.86529]]]}},{"type":"Feature","properties":{"kind":"commercial"},"geometry":{"type":"Polygon","coordinates":[[[174.75012,-36.84819],[174.75092,-36.84809],[174.75107,-36.84784],[174.75107,-36.84761],[174.75101,-36.8476],[174.75098,-36.8476],[174.75088,-36.84761],[174.75052,-36.84761],[174.75054,-36.84789],[174.75021,-36.8479],[174.75013,-36.84793],[174.75012,-36.84819]]]}},{"type":"Feature","properties":{"kind":"commercial"},"geometry":{"type":"Polygon","coordinates":[[[174.74973,-36.84757],[174.74859,-36.84757],[174.74813,-36.84831],[174.74809,-36.84837],[174.74818,-36.84837],[174.74962,-36.84824],[174.74973,-36.84757]]]}},{"type":"Feature","properties":{"kind":"commercial"},"geometry":{"type":"Polygon","coordinates":[[[174.74988,-36.84748],[174.75089,-36.84747],[174.75089,-36.84716],[174.75044,-36.84717],[174.75043,-36.84699],[174.7499,-36.84697],[174.74988,-36.84748]]]}},{"type":"Feature","properties":{"kind":"retail"},"geometry":{"type":"Polygon","coordinates":[[[174.74694,-36.84813],[174.74655,-36.84796],[174.74641,-36.84818],[174.74666,-36.84828],[174.74684,-36.84826],[174.74694,-36.84813]]]}},{"type":"Feature","properties":{"kind":"residential"},"geometry":{"type":"Polygon","coordinates":[[[174.76297,-36.85557],[174.76262,-36.85634],[174.76244,-36.85629],[174.76233,-36.85654],[174.76302,-36.85674],[174.76394,-36.85596],[174.76363,-36.85587],[174.76368,-36.85577],[174.76297,-36.85557]]]}},{"type":"Feature","properties":{"kind":"commercial"},"geometry":{"type":"Polygon","coordinates":[[[174.76348,-36.85528],[174.76339,-36.85547],[174.76337,-36.85552],[174.76379,-36.85565],[174.76391,-36.8554],[174.76383,-36.85538],[174.76348,-36.85528]]]}},{"type":"Feature","properties":{"kind":"residential"},"geometry":{"type":"Polygon","coordinates":[[[174.76379,-36.85565],[174.76403,-36.85572],[174.76413,-36.85565],[174.76413,-36.8552],[174.76393,-36.85515],[174.76383,-36.85538],[174.76391,-36.8554],[174.76379,-36.85565]]]}},{"type":"Feature","properties":{"kind":"commercial"},"geometry":{"type":"Polygon","coordinates":[[[174.76356,-36.85499],[174.76405,-36.85514],[174.7641,-36.85502],[174.76394,-36.85477],[174.76369,-36.8547],[174.76356,-36.85499]]]}},{"type":"Feature","properties":{"kind":"industrial"},"geometry":{"type":"Polygon","coordinates":[[[174.76496,-36.85532],[174.76478,-36.855],[174.76467,-36.8548],[174.76438,-36.8543],[174.76437,-36.85431],[174.76414,-36.85391],[174.76363,-36.85409],[174.76386,-36.85448],[174.76388,-36.85448],[174.76391,-36.85446],[174.76427,-36.85506],[174.76427,-36.85519],[174.76436,-36.85519],[174.76436,-36.8555],[174.76457,-36.85542],[174.7646,-36.85545],[174.76495,-36.85532],[174.76496,-36.85532]]]}},{"type":"Feature","properties":{"kind":"residential"},"geometry":{"type":"Polygon","coordinates":[[[174.76363,-36.85409],[174.76348,-36.85415],[174.76355,-36.85428],[174.76344,-36.85433],[174.76333,-36.85441],[174.76319,-36.8543],[174.76318,-36.85431],[174.7631,-36.85442],[174.76327,-36.85454],[174.76377,-36.85467],[174.76378,-36.85467],[174.7638,-36.85466],[174.76381,-36.85465],[174.76386,-36.85453],[174.76386,-36.85451],[174.76386,-36.85448],[174.76363,-36.85409]]]}},{"type":"Feature","properties":{"kind":"residential"},"geometry":{"type":"Polygon","coordinates":[[[174.76123,-36.85432],[174.76104,-36.85447],[174.76131,-36.85471],[174.76151,-36.85455],[174.76123,-36.85432]]]}},{"type":"Feature","properties":{"kind":"commercial"},"geometry":{"type":"Polygon","coordinates":[[[174.76014,-36.85516],[174.7598,-36.85543],[174.76016,-36.8557],[174.7602,-36.85569],[174.76042,-36.8555],[174.76049,-36.85543],[174.76014,-36.85516]]]}},{"type":"Feature","properties":{"kind":"residential"},"geometry":{"type":"Polygon","coordinates":[[[174.75566,-36.85441],[174.75494,-36.8542],[174.75483,-36.85434],[174.75436,-36.85441],[174.75441,-36.85469],[174.75446,-36.85496],[174.75479,-36.85512],[174.75544,-36.85543],[174.75531,-36.8556],[174.75458,-36.85526],[174.75455,-36.85526],[174.75453,-36.85528],[174.75486,-36.85723],[174.7553,-36.85709],[174.75534,-36.85691],[174.75537,-36.85677],[174.75522,-36.85667],[174.75527,-36.85624],[174.75534,-36.85592],[174.75558,-36.85572],[174.75568,-36.85557],[174.75568,-36.85543],[174.75575,-36.85524],[174.75596,-36.85476],[174.75603,-36.85457],[174.75592,-36.85453],[174.75566,-36.85441]]]}},{"type":"Feature","properties":{"kind":"residential"},"geometry":{"type":"Polygon","coordinates":[[[174.75052,-36.85072],[174.75044,-36.85065],[174.75044,-36.85061],[174.75033,-36.85052],[174.75013,-36.8507],[174.74992,-36.85087],[174.74976,-36.85099],[174.74959,-36.85113],[174.74962,-36.85123],[174.75011,-36.85136],[174.75016,-36.85139],[174.75018,-36.85141],[174.75024,-36.85135],[174.75029,-36.85118],[174.75051,-36.85102],[174.7505,-36.85097],[174.75052,-36.85092],[174.75037,-36.85083],[174.75052,-36.85072]]]}},{"type":"Feature","properties":{"kind":"residential"},"geometry":{"type":"Polygon","coordinates":[[[174.75008,-36.8515],[174.75003,-36.85166],[174.74931,-36.85147],[174.74939,-36.85129],[174.7494,-36.85127],[174.75003,-36.85143],[174.75007,-36.85146],[174.75008,-36.8515]]]}},{"type":"Feature","properties":{"kind":"residential"},"geometry":{"type":"Polygon","coordinates":[[[174.74986,-36.85189],[174.74954,-36.8518],[174.74936,-36.85219],[174.74952,-36.85224],[174.74965,-36.85227],[174.74971,-36.85229],[174.74975,-36.85217],[174.74981,-36.85204],[174.74986,-36.85189]]]}},{"type":"Feature","properties":{"kind":"residential"},"geometry":{"type":"Polygon","coordinates":[[[174.74749,-36.85349],[174.74898,-36.85272],[174.74908,-36.85262],[174.74924,-36.85245],[174.74926,-36.85244],[174.74956,-36.85253],[174.74935,-36.85282],[174.74949,-36.8529],[174.74946,-36.85298],[174.74955,-36.853],[174.74956,-36.85309],[174.74957,-36.85316],[174.74961,-36.8533],[174.74938,-36.85334],[174.74907,-36.85342],[174.74869,-36.85359],[174.74825,-36.8538],[174.7482,-36.85391],[174.74801,-36.854],[174.74787,-36.85396],[174.74784,-36.85395],[174.74749,-36.85349]]]}},{"type":"Feature","properties":{"kind":"residential"},"geometry":{"type":"Polygon","coordinates":[[[174.74873,-36.85386],[174.74896,-36.85375],[174.74916,-36.85366],[174.7493,-36.8536],[174.74944,-36.85356],[174.7497,-36.85351],[174.74991,-36.85348],[174.74997,-36.85347],[174.75015,-36.85346],[174.75024,-36.85347],[174.75035,-36.85348],[174.75048,-36.8535],[174.75061,-36.85354],[174.75077,-36.85358],[174.7511,-36.85368],[174.75046,-36.85497],[174.74769,-36.85594],[174.74712,-36.85464],[174.74803,-36.8542],[174.7485,-36.85487],[174.74864,-36.85481],[174.74816,-36.85413],[174.7487,-36.85388],[174.74887,-36.85414],[174.74876,-36.85419],[174.74907,-36.85462],[174.74944,-36.85443],[174.74915,-36.85401],[174.74896,-36.8541],[174.74894,-36.8541],[174.74887,-36.85407],[174.74873,-36.85386]]]}},{"type":"Feature","properties":{"kind":"residential"},"geometry":{"type":"Polygon","coordinates":[[[174.74698,-36.85471],[174.74755,-36.85599],[174.74719,-36.85611],[174.74693,-36.8555],[174.74679,-36.8552],[174.74666,-36.85522],[174.74653,-36.85492],[174.74698,-36.85471]]]}},{"type":"Feature","properties":{"kind":"retail"},"geometry":{"type":"Polygon","coordinates":[[[174.74653,-36.85492],[174.74652,-36.85493],[174.74632,-36.85502],[174.7463,-36.85502],[174.74684,-36.85622],[174.74719,-36.85611],[174.74693,-36.8555],[174.74679,-36.8552],[174.74666,-36.85522],[174.74653,-36.85492]]]}},{"type":"Feature","properties":{"kind":"residential"},"geometry":{"type":"Polygon","coordinates":[[[174.74582,-36.85842],[174.74675,-36.85834],[174.74676,-36.8585],[174.74681,-36.85861],[174.74597,-36.85887],[174.74588,-36.85868],[174.74582,-36.85842]]]}},{"type":"Feature","properties":{"kind":"commercial"},"geometry":{"type":"Polygon","coordinates":[[[174.74725,-36.85893],[174.74796,-36.85849],[174.74788,-36.8584],[174.74787,-36.85827],[174.74755,-36.85831],[174.74757,-36.85849],[174.74717,-36.85862],[174.74704,-36.85868],[174.74715,-36.85881],[174.74725,-36.85893]]]}},{"type":"Feature","properties":{"kind":"commercial"},"geometry":{"type":"Polygon","coordinates":[[[174.74693,-36.85807],[174.74687,-36.85749],[174.74695,-36.8574],[174.74714,-36.8575],[174.74722,-36.85741],[174.74768,-36.85765],[174.7478,-36.85768],[174.74784,-36.8581],[174.74726,-36.85815],[174.74725,-36.85804],[174.74693,-36.85807]]]}},{"type":"Feature","properties":{"kind":"retail"},"geometry":{"type":"Polygon","coordinates":[[[174.7478,-36.85768],[174.74768,-36.85765],[174.74722,-36.85741],[174.74714,-36.8575],[174.74695,-36.8574],[174.74734,-36.85692],[174.74809,-36.85733],[174.7478,-36.85768]]]}},{"type":"Feature","properties":{"kind":"commercial"},"geometry":{"type":"Polygon","coordinates":[[[174.74828,-36.85744],[174.74853,-36.85756],[174.74892,-36.85777],[174.7489,-36.85779],[174.74864,-36.85806],[174.74835,-36.85807],[174.74806,-36.8581],[174.74803,-36.85779],[174.74803,-36.85773],[174.74805,-36.85771],[174.74828,-36.85744]]]}},{"type":"Feature","properties":{"kind":"residential"},"geometry":{"type":"Polygon","coordinates":[[[174.74666,-36.85765],[174.74673,-36.85819],[174.74582,-36.85825],[174.74568,-36.857],[174.7457,-36.85698],[174.74587,-36.85697],[174.74621,-36.8568],[174.74644,-36.85668],[174.74661,-36.85692],[174.74616,-36.85727],[174.74621,-36.85769],[174.74666,-36.85765]]]}},{"type":"Feature","properties":{"kind":"retail"},"geometry":{"type":"Polygon","coordinates":[[[174.74929,-36.85798],[174.75064,-36.85871],[174.75064,-36.85874],[174.75033,-36.85893],[174.75016,-36.85905],[174.74977,-36.85877],[174.74969,-36.85877],[174.74895,-36.85923],[174.74833,-36.85858],[174.74904,-36.85813],[174.74919,-36.85804],[174.74928,-36.85798],[174.74929,-36.85798]]]}},{"type":"Feature","properties":{"kind":"commercial"},"geometry":{"type":"Polygon","coordinates":[[[174.7484,-36.85893],[174.74915,-36.85968],[174.74842,-36.86012],[174.74744,-36.85912],[174.74791,-36.85883],[174.74815,-36.85909],[174.7484,-36.85893]]]}},{"type":"Feature","properties":{"kind":"commercial"},"geometry":{"type":"Polygon","coordinates":[[[174.74751,-36.85949],[174.74774,-36.85974],[174.74739,-36.85996],[174.74748,-36.86005],[174.74749,-36.86004],[174.74778,-36.85986],[174.74783,-36.85983],[174.74812,-36.86013],[174.74823,-36.86024],[174.7481,-36.86033],[174.74752,-36.86069],[174.74653,-36.85969],[174.7468,-36.85953],[174.74683,-36.85956],[174.74689,-36.85963],[174.74696,-36.8597],[174.74703,-36.85977],[174.74704,-36.85978],[174.74716,-36.8597],[174.74746,-36.85952],[174.74751,-36.85949]]]}},{"type":"Feature","properties":{"kind":"retail"},"geometry":{"type":"Polygon","coordinates":[[[174.74782,-36.8569],[174.74806,-36.85661],[174.74769,-36.85641],[174.74744,-36.85628],[174.74702,-36.85641],[174.74699,-36.85647],[174.74782,-36.8569]]]}},{"type":"Feature","properties":{"kind":"retail"},"geometry":{"type":"Polygon","coordinates":[[[174.74498,-36.85159],[174.7454,-36.85153],[174.74588,-36.85316],[174.74554,-36.85334],[174.74547,-36.85309],[174.74541,-36.85292],[174.74498,-36.85159]]]}},{"type":"Feature","properties":{"kind":"residential"},"geometry":{"type":"Polygon","coordinates":[[[174.7454,-36.85153],[174.74571,-36.85148],[174.74587,-36.85199],[174.74603,-36.85238],[174.74622,-36.85296],[174.74588,-36.85316],[174.7454,-36.85153]]]}},{"type":"Feature","properties":{"kind":"residential"},"geometry":{"type":"Polygon","coordinates":[[[174.75211,-36.86139],[174.75199,-36.86127],[174.75215,-36.86114],[174.75245,-36.8609],[174.75251,-36.8612],[174.75288,-36.86167],[174.75274,-36.86174],[174.7526,-36.86183],[174.75236,-36.86161],[174.75211,-36.86139]]]}},{"type":"Feature","properties":{"kind":"forest"},"geometry":{"type":"Polygon","coordinates":[[[174.76817,-36.84858],[174.76824,-36.8485],[174.76841,-36.84837],[174.76872,-36.84839],[174.76888,-36.84832],[174.76895,-36.8484],[174.76914,-36.84846],[174.76933,-36.84834],[174.76941,-36.8482],[174.76908,-36.84816],[174.76864,-36.84821],[174.76819,-36.84831],[174.76768,-36.84853],[174.76732,-36.84878],[174.76756,-36.84871],[174.76776,-36.84864],[174.76787,-36.84868],[174.76804,-36.84862],[174.76817,-36.84858]]]}},{"type":"Feature","properties":{"kind":"commercial"},"geometry":{"type":"Polygon","coordinates":[[[174.77616,-36.85003],[174.77618,-36.84997],[174.77584,-36.84973],[174.77562,-36.84958],[174.77563,-36.84968],[174.77561,-36.84982],[174.77562,-36.84997],[174.77566,-36.85023],[174.77588,-36.85018],[174.77616,-36.85003]]]}},{"type":"Feature","properties":{"kind":"residential"},"geometry":{"type":"Polygon","coordinates":[[[174.77706,-36.84963],[174.77712,-36.84968],[174.77707,-36.84973],[174.77703,-36.84973],[174.77649,-36.84992],[174.77596,-36.84954],[174.77605,-36.84946],[174.77654,-36.84981],[174.77685,-36.84965],[174.77698,-36.84954],[174.77706,-36.8496],[174.77706,-36.84963]]]}},{"type":"Feature","properties":{"kind":"residential"},"geometry":{"type":"Polygon","coordinates":[[[174.7761,-36.84942],[174.77646,-36.84905],[174.77654,-36.84905],[174.77682,-36.84933],[174.7769,-36.84953],[174.77682,-36.84961],[174.77656,-36.84973],[174.7761,-36.84942]]]}},{"type":"Feature","properties":{"kind":"residential"},"geometry":{"type":"Polygon","coordinates":[[[174.77578,-36.84943],[174.7762,-36.84904],[174.77637,-36.84888],[174.77648,-36.84897],[174.77643,-36.849],[174.77589,-36.8495],[174.77578,-36.84943]]]}},{"type":"Feature","properties":{"name":"Z","kind":"retail"},"geometry":{"type":"Polygon","coordinates":[[[174.77473,-36.84974],[174.7747,-36.84967],[174.7747,-36.84944],[174.7747,-36.84939],[174.77471,-36.84937],[174.77471,-36.84936],[174.77471,-36.84935],[174.77472,-36.84934],[174.77473,-36.84934],[174.77474,-36.84933],[174.77475,-36.84933],[174.77477,-36.84933],[174.77478,-36.84933],[174.77481,-36.84934],[174.77497,-36.84938],[174.77498,-36.84938],[174.77536,-36.8495],[174.77522,-36.84978],[174.77507,-36.84976],[174.77479,-36.84974],[174.77473,-36.84974]]]}},{"type":"Feature","properties":{"kind":"retail"},"geometry":{"type":"Polygon","coordinates":[[[174.77649,-36.85178],[174.77625,-36.85164],[174.7764,-36.85147],[174.77668,-36.85159],[174.77656,-36.85172],[174.77661,-36.85175],[174.77649,-36.85178]]]}},{"type":"Feature","properties":{"kind":"retail"},"geometry":{"type":"Polygon","coordinates":[[[174.76795,-36.84779],[174.76796,-36.84776],[174.76795,-36.84774],[174.76791,-36.84773],[174.76787,-36.84773],[174.76721,-36.84779],[174.76712,-36.84779],[174.76711,-36.84787],[174.76712,-36.84795],[174.76715,-36.84802],[174.76728,-36.84822],[174.76749,-36.84842],[174.76758,-36.84844],[174.76787,-36.84831],[174.76789,-36.84828],[174.76793,-36.84793],[174.76795,-36.84779]]]}},{"type":"Feature","properties":{"kind":"commercial"},"geometry":{"type":"Polygon","coordinates":[[[174.76803,-36.84697],[174.76763,-36.8469],[174.76733,-36.8468],[174.76713,-36.84765],[174.76716,-36.84768],[174.76719,-36.8477],[174.76792,-36.84764],[174.76799,-36.84732],[174.76803,-36.84697]]]}},{"type":"Feature","properties":{"kind":"commercial"},"geometry":{"type":"Polygon","coordinates":[[[174.76807,-36.84761],[174.76938,-36.84749],[174.76942,-36.84748],[174.76955,-36.84718],[174.76951,-36.84705],[174.76926,-36.84709],[174.76844,-36.84707],[174.7683,-36.84705],[174.76809,-36.84706],[174.76805,-36.84737],[174.76807,-36.84761]]]}},{"type":"Feature","properties":{"kind":"retail"},"geometry":{"type":"Polygon","coordinates":[[[174.7667,-36.84762],[174.76671,-36.84763],[174.76673,-36.84764],[174.7668,-36.84766],[174.767,-36.8477],[174.76713,-36.84731],[174.76682,-36.84724],[174.76679,-36.84724],[174.76677,-36.84725],[174.76673,-36.84743],[174.76669,-36.84761],[174.7667,-36.84762]]]}},{"type":"Feature","properties":{"name":"Augustus Terrace Walkway","kind":"park"},"geometry":{"type":"Polygon","coordinates":[[[174.77995,-36.8493],[174.78013,-36.84939],[174.77957,-36.84954],[174.77951,-36.84943],[174.77995,-36.8493]]]}},{"type":"Feature","properties":{"kind":"commercial"},"geometry":{"type":"Polygon","coordinates":[[[174.74467,-36.8506],[174.74465,-36.85056],[174.74445,-36.84991],[174.74512,-36.84984],[174.74523,-36.85016],[174.74528,-36.85015],[174.74535,-36.85039],[174.74538,-36.85047],[174.74497,-36.85055],[174.74497,-36.85054],[174.74467,-36.8506]]]}},{"type":"Feature","properties":{"kind":"residential"},"geometry":{"type":"Polygon","coordinates":[[[174.74876,-36.85044],[174.74889,-36.85043],[174.74892,-36.85034],[174.74899,-36.85039],[174.74907,-36.85046],[174.75019,-36.84958],[174.75,-36.84942],[174.74956,-36.84978],[174.74935,-36.84963],[174.74871,-36.85012],[174.74876,-36.85044]]]}},{"type":"Feature","properties":{"kind":"commercial"},"geometry":{"type":"Polygon","coordinates":[[[174.75072,-36.84989],[174.75145,-36.84933],[174.75112,-36.84906],[174.75039,-36.84962],[174.75072,-36.84989]]]}},{"type":"Feature","properties":{"kind":"commercial"},"geometry":{"type":"Polygon","coordinates":[[[174.75106,-36.84894],[174.75065,-36.84859],[174.74995,-36.84916],[174.75,-36.84922],[174.75031,-36.84952],[174.75106,-36.84894]]]}},{"type":"Feature","properties":{"kind":"retail"},"geometry":{"type":"Polygon","coordinates":[[[174.74614,-36.85396],[174.74588,-36.8541],[174.74565,-36.85356],[174.74596,-36.85341],[174.74603,-36.85356],[174.74586,-36.85361],[174.74591,-36.85372],[174.74599,-36.8537],[174.74603,-36.85378],[174.74603,-36.85379],[174.74605,-36.85378],[174.74614,-36.85396]]]}},{"type":"Feature","properties":{"kind":"retail"},"geometry":{"type":"Polygon","coordinates":[[[174.74651,-36.85464],[174.7462,-36.8548],[174.74597,-36.85427],[174.74617,-36.85417],[174.74651,-36.85464]]]}},{"type":"Feature","properties":{"kind":"residential"},"geometry":{"type":"Polygon","coordinates":[[[174.75162,-36.84953],[174.75107,-36.84997],[174.75107,-36.85002],[174.75169,-36.85024],[174.75211,-36.84994],[174.75187,-36.84975],[174.75162,-36.84953]]]}},{"type":"Feature","properties":{"kind":"commercial"},"geometry":{"type":"Polygon","coordinates":[[[174.75204,-36.84923],[174.7525,-36.84963],[174.75268,-36.84964],[174.75271,-36.84962],[174.75272,-36.84968],[174.75272,-36.84974],[174.75275,-36.84987],[174.75266,-36.85015],[174.75282,-36.85021],[174.75294,-36.84999],[174.75303,-36.85002],[174.75314,-36.85009],[174.75335,-36.85025],[174.75352,-36.8506],[174.75369,-36.85086],[174.75376,-36.85097],[174.75358,-36.85091],[174.75321,-36.85079],[174.7531,-36.85075],[174.75265,-36.85058],[174.75282,-36.85023],[174.75264,-36.85015],[174.75257,-36.85022],[174.75244,-36.85018],[174.75227,-36.85011],[174.75214,-36.85001],[174.75211,-36.84994],[174.75187,-36.84975],[174.75162,-36.84953],[174.75174,-36.84944],[174.75204,-36.84923]]]}},{"type":"Feature","properties":{"kind":"residential"},"geometry":{"type":"Polygon","coordinates":[[[174.75178,-36.85028],[174.75179,-36.8503],[174.75217,-36.85044],[174.75226,-36.85047],[174.75229,-36.85044],[174.75257,-36.85054],[174.75265,-36.85041],[174.75262,-36.85025],[174.75257,-36.85022],[174.75244,-36.85018],[174.75227,-36.85011],[174.75214,-36.85001],[174.75178,-36.85028]]]}},{"type":"Feature","properties":{"kind":"residential"},"geometry":{"type":"Polygon","coordinates":[[[174.7521,-36.84917],[174.75243,-36.84891],[174.75289,-36.84929],[174.75267,-36.84946],[174.75244,-36.84946],[174.7521,-36.84917]]]}},{"type":"Feature","properties":{"kind":"commercial"},"geometry":{"type":"Polygon","coordinates":[[[174.74962,-36.84847],[174.75034,-36.8484],[174.75052,-36.84853],[174.74984,-36.84908],[174.74971,-36.84896],[174.74962,-36.84847]]]}},{"type":"Feature","properties":{"kind":"residential"},"geometry":{"type":"Polygon","coordinates":[[[174.75321,-36.85079],[174.75358,-36.85091],[174.75379,-36.85122],[174.75374,-36.85125],[174.75363,-36.8512],[174.753,-36.85092],[174.7531,-36.85075],[174.75321,-36.85079]]]}},{"type":"Feature","properties":{"kind":"residential"},"geometry":{"type":"Polygon","coordinates":[[[174.75314,-36.85249],[174.75415,-36.85278],[174.75423,-36.85256],[174.75376,-36.8524],[174.75381,-36.85229],[174.75331,-36.85217],[174.75326,-36.85216],[174.75314,-36.85249]]]}},{"type":"Feature","properties":{"kind":"commercial"},"geometry":{"type":"Polygon","coordinates":[[[174.75415,-36.85278],[174.7544,-36.85284],[174.7549,-36.85287],[174.75497,-36.85267],[174.75494,-36.85249],[174.75454,-36.85218],[174.75408,-36.85162],[174.75396,-36.85192],[174.75381,-36.85229],[174.75376,-36.8524],[174.75423,-36.85256],[174.75415,-36.85278]]]}},{"type":"Feature","properties":{"kind":"residential"},"geometry":{"type":"Polygon","coordinates":[[[174.75883,-36.86506],[174.75873,-36.86534],[174.7591,-36.86542],[174.75919,-36.86514],[174.75916,-36.86513],[174.75883,-36.86506]]]}},{"type":"Feature","properties":{"kind":"commercial"},"geometry":{"type":"Polygon","coordinates":[[[174.7747,-36.8446],[174.77401,-36.84442],[174.77419,-36.84397],[174.77488,-36.84415],[174.7747,-36.8446]]]}},{"type":"Feature","properties":{"kind":"commercial"},"geometry":{"type":"Polygon","coordinates":[[[174.75212,-36.86879],[174.75219,-36.86862],[174.75247,-36.86854],[174.75249,-36.86854],[174.7525,-36.86856],[174.7525,-36.86857],[174.75237,-36.86897],[174.75222,-36.8689],[174.75212,-36.86879]]]}},{"type":"Feature","properties":{"kind":"commercial"},"geometry":{"type":"Polygon","coordinates":[[[174.75262,-36.8687],[174.75316,-36.86882],[174.75305,-36.86912],[174.75271,-36.86912],[174.75251,-36.86907],[174.75262,-36.8687]]]}},{"type":"Feature","properties":{"kind":"residential"},"geometry":{"type":"Polygon","coordinates":[[[174.75019,-36.85744],[174.75047,-36.8567],[174.75086,-36.85607],[174.75124,-36.85563],[174.7511,-36.85553],[174.75098,-36.85545],[174.75071,-36.85531],[174.75065,-36.85528],[174.7497,-36.85719],[174.74969,-36.85721],[174.75014,-36.85742],[174.75019,-36.85744]]]}},{"type":"Feature","properties":{"kind":"commercial"},"geometry":{"type":"Polygon","coordinates":[[[174.75396,-36.86884],[174.75393,-36.86911],[174.75414,-36.86905],[174.75428,-36.86903],[174.7544,-36.86899],[174.75484,-36.86881],[174.75503,-36.86874],[174.75533,-36.86861],[174.75592,-36.86836],[174.75574,-36.86807],[174.75568,-36.86794],[174.75561,-36.86789],[174.75558,-36.86787],[174.75555,-36.86787],[174.75552,-36.86787],[174.75549,-36.86787],[174.75545,-36.86788],[174.75528,-36.86792],[174.7551,-36.86796],[174.75464,-36.86807],[174.75457,-36.86809],[174.75449,-36.86812],[174.75425,-36.86821],[174.75416,-36.86826],[174.75409,-36.86832],[174.75407,-36.86837],[174.75404,-36.86846],[174.75396,-36.86884]]]}},{"type":"Feature","properties":{"kind":"commercial"},"geometry":{"type":"Polygon","coordinates":[[[174.74336,-36.86563],[174.74327,-36.86544],[174.74322,-36.86533],[174.74321,-36.86532],[174.74404,-36.86505],[174.7442,-36.86535],[174.74411,-36.86538],[174.74336,-36.86563]]]}},{"type":"Feature","properties":{"kind":"commercial"},"geometry":{"type":"Polygon","coordinates":[[[174.76333,-36.84678],[174.76304,-36.84742],[174.7637,-36.84761],[174.76376,-36.84759],[174.764,-36.84706],[174.76394,-36.84695],[174.76333,-36.84678]]]}},{"type":"Feature","properties":{"kind":"commercial"},"geometry":{"type":"Polygon","coordinates":[[[174.7622,-36.84718],[174.7629,-36.84737],[174.76318,-36.84674],[174.76248,-36.84654],[174.7622,-36.84718]]]}},{"type":"Feature","properties":{"kind":"residential"},"geometry":{"type":"Polygon","coordinates":[[[174.73908,-36.86679],[174.73942,-36.86658],[174.73988,-36.86644],[174.74003,-36.86674],[174.7395,-36.86692],[174.73939,-36.86692],[174.73931,-36.86692],[174.73926,-36.8669],[174.73908,-36.86679]]]}},{"type":"Feature","properties":{"kind":"commercial"},"geometry":{"type":"Polygon","coordinates":[[[174.77914,-36.84882],[174.77899,-36.84887],[174.77836,-36.84908],[174.77819,-36.84913],[174.77775,-36.84928],[174.77752,-36.8494],[174.77692,-36.84923],[174.77662,-36.84891],[174.77671,-36.84889],[174.77683,-36.84886],[174.7771,-36.84884],[174.7771,-36.84881],[174.77712,-36.8488],[174.77712,-36.84879],[174.77734,-36.84878],[174.77734,-36.84883],[174.77812,-36.84878],[174.77849,-36.84876],[174.77913,-36.84873],[174.77914,-36.84882]]]}},{"type":"Feature","properties":{"kind":"commercial"},"geometry":{"type":"Polygon","coordinates":[[[174.75501,-36.8601],[174.75506,-36.86019],[174.75476,-36.86059],[174.75467,-36.86064],[174.75447,-36.86031],[174.75501,-36.8601]]]}},{"type":"Feature","properties":{"kind":"commercial"},"geometry":{"type":"Polygon","coordinates":[[[174.75425,-36.85941],[174.75397,-36.85953],[174.75392,-36.85944],[174.7542,-36.85933],[174.75403,-36.85899],[174.7547,-36.85877],[174.75525,-36.85991],[174.75489,-36.86002],[174.75441,-36.86022],[174.75409,-36.85974],[174.75462,-36.85952],[174.75456,-36.85939],[174.75431,-36.85949],[174.75425,-36.85941]]]}},{"type":"Feature","properties":{"kind":"commercial"},"geometry":{"type":"Polygon","coordinates":[[[174.74779,-36.87128],[174.74807,-36.87152],[174.74792,-36.87161],[174.74793,-36.87165],[174.74783,-36.87171],[174.74758,-36.8718],[174.74752,-36.87164],[174.74753,-36.87163],[174.74754,-36.87159],[174.7477,-36.87138],[174.74779,-36.87128]]]}},{"type":"Feature","properties":{"kind":"commercial"},"geometry":{"type":"Polygon","coordinates":[[[174.75937,-36.84894],[174.75923,-36.84927],[174.75886,-36.84917],[174.75651,-36.8485],[174.75646,-36.84846],[174.75648,-36.8484],[174.75651,-36.84836],[174.75654,-36.84833],[174.75796,-36.84811],[174.75941,-36.84788],[174.75946,-36.84788],[174.75955,-36.84786],[174.75963,-36.84785],[174.75969,-36.84784],[174.75983,-36.84781],[174.75986,-36.84783],[174.7598,-36.84796],[174.75937,-36.84894]]]}},{"type":"Feature","properties":{"kind":"residential"},"geometry":{"type":"Polygon","coordinates":[[[174.73285,-36.85127],[174.73289,-36.85154],[174.73441,-36.8514],[174.73445,-36.85137],[174.73384,-36.84785],[174.73381,-36.84782],[174.73297,-36.8479],[174.73327,-36.85],[174.73329,-36.85009],[174.73365,-36.85008],[174.73378,-36.85018],[174.73386,-36.85068],[174.73372,-36.85069],[174.73361,-36.8507],[174.7336,-36.85065],[174.73335,-36.85069],[174.73337,-36.85088],[174.73315,-36.85091],[174.7331,-36.85124],[174.73285,-36.85127]]]}},{"type":"Feature","properties":{"kind":"commercial"},"geometry":{"type":"Polygon","coordinates":[[[174.74908,-36.86329],[174.74953,-36.86293],[174.74957,-36.8629],[174.7493,-36.86267],[174.74879,-36.86307],[174.74908,-36.86329]]]}},{"type":"Feature","properties":{"kind":"park"},"geometry":{"type":"Polygon","coordinates":[[[174.75415,-36.85484],[174.7541,-36.85434],[174.75362,-36.8544],[174.75348,-36.85455],[174.75415,-36.85484]]]}},{"type":"Feature","properties":{"kind":"commercial"},"geometry":{"type":"Polygon","coordinates":[[[174.74793,-36.87027],[174.74778,-36.8702],[174.74749,-36.8705],[174.74747,-36.87049],[174.74714,-36.87094],[174.7472,-36.87137],[174.74722,-36.8714],[174.74726,-36.87141],[174.74732,-36.87139],[174.74743,-36.87135],[174.74771,-36.87101],[174.74818,-36.87046],[174.7481,-36.87042],[174.74789,-36.87032],[174.74793,-36.87027]]]}},{"type":"Feature","properties":{"kind":"commercial"},"geometry":{"type":"Polygon","coordinates":[[[174.74869,-36.86315],[174.74925,-36.86358],[174.74861,-36.86409],[174.74807,-36.86366],[174.74829,-36.86348],[174.74869,-36.86315]]]}},{"type":"Feature","properties":{"kind":"residential"},"geometry":{"type":"Polygon","coordinates":[[[174.7725,-36.86448],[174.77184,-36.86433],[174.77178,-36.86454],[174.77162,-36.86505],[174.77181,-36.86504],[174.77207,-36.86503],[174.77233,-36.86505],[174.7725,-36.86448]]]}},{"type":"Feature","properties":{"kind":"residential"},"geometry":{"type":"Polygon","coordinates":[[[174.78868,-36.82565],[174.78871,-36.82546],[174.78869,-36.82517],[174.78858,-36.82505],[174.78797,-36.82456],[174.78762,-36.82432],[174.78746,-36.82396],[174.78732,-36.8239],[174.78715,-36.82388],[174.78699,-36.82382],[174.78679,-36.8238],[174.78675,-36.82371],[174.78617,-36.82379],[174.78513,-36.8239],[174.78482,-36.82394],[174.78429,-36.82388],[174.78394,-36.82388],[174.78381,-36.82385],[174.78352,-36.8239],[174.78324,-36.82401],[174.78283,-36.82427],[174.78278,-36.82452],[174.78273,-36.82471],[174.78292,-36.825],[174.78322,-36.8251],[174.78315,-36.82524],[174.78355,-36.82536],[174.78394,-36.82457],[174.78399,-36.82455],[174.78622,-36.82442],[174.78634,-36.82443],[174.78702,-36.82465],[174.78799,-36.82552],[174.78797,-36.82556],[174.78819,-36.82558],[174.78832,-36.82561],[174.78868,-36.82565]]]}},{"type":"Feature","properties":{"kind":"residential"},"geometry":{"type":"Polygon","coordinates":[[[174.78562,-36.82463],[174.78623,-36.82459],[174.78677,-36.82476],[174.78521,-36.82788],[174.78416,-36.82753],[174.78562,-36.82463]]]}},{"type":"Feature","properties":{"kind":"residential"},"geometry":{"type":"Polygon","coordinates":[[[174.78031,-36.82641],[174.78013,-36.82663],[174.77997,-36.82664],[174.7798,-36.82662],[174.77973,-36.82662],[174.77941,-36.82662],[174.77919,-36.82664],[174.77876,-36.82672],[174.7785,-36.82683],[174.77809,-36.82696],[174.77773,-36.82728],[174.77766,-36.82754],[174.77768,-36.82779],[174.77739,-36.82821],[174.77646,-36.82858],[174.77632,-36.82857],[174.77618,-36.82852],[174.776,-36.82853],[174.77582,-36.8285],[174.77564,-36.82855],[174.77547,-36.82856],[174.77507,-36.82869],[174.77482,-36.82872],[174.7746,-36.82875],[174.77378,-36.82905],[174.77373,-36.82914],[174.77365,-36.82917],[174.77359,-36.82918],[174.77349,-36.82902],[174.77323,-36.82855],[174.77525,-36.82782],[174.77533,-36.82701],[174.77536,-36.82698],[174.7788,-36.82573],[174.77884,-36.82572],[174.77895,-36.82572],[174.77897,-36.82573],[174.78031,-36.82641]]]}},{"type":"Feature","properties":{"kind":"residential"},"geometry":{"type":"Polygon","coordinates":[[[174.78951,-36.82583],[174.79009,-36.82582],[174.79021,-36.8278],[174.78922,-36.82766],[174.78951,-36.82583]]]}},{"type":"Feature","properties":{"kind":"residential"},"geometry":{"type":"Polygon","coordinates":[[[174.79137,-36.8289],[174.79306,-36.82888],[174.79268,-36.82821],[174.79263,-36.82816],[174.79152,-36.82626],[174.79135,-36.82614],[174.79132,-36.8263],[174.79123,-36.8263],[174.79132,-36.82776],[174.79137,-36.8289]]]}},{"type":"Feature","properties":{"kind":"residential"},"geometry":{"type":"Polygon","coordinates":[[[174.78633,-36.82847],[174.78383,-36.82762],[174.78375,-36.82774],[174.78417,-36.82794],[174.78428,-36.82808],[174.78424,-36.82813],[174.78487,-36.8285],[174.78512,-36.82878],[174.78565,-36.82908],[174.78592,-36.82916],[174.78602,-36.82916],[174.78616,-36.82887],[174.78633,-36.82847]]]}},{"type":"Feature","properties":{"kind":"residential"},"geometry":{"type":"Polygon","coordinates":[[[174.78387,-36.8252],[174.78492,-36.82553],[174.78535,-36.82468],[174.78534,-36.82465],[174.78411,-36.82473],[174.78387,-36.8252]]]}},{"type":"Feature","properties":{"kind":"residential"},"geometry":{"type":"Polygon","coordinates":[[[174.78397,-36.82746],[174.78292,-36.82712],[174.78353,-36.82588],[174.78406,-36.82605],[174.78399,-36.82621],[174.78449,-36.82637],[174.78397,-36.82746]]]}},{"type":"Feature","properties":{"kind":"residential"},"geometry":{"type":"Polygon","coordinates":[[[174.7902,-36.8289],[174.79101,-36.8289],[174.79101,-36.82858],[174.79117,-36.82858],[174.79117,-36.82777],[174.79102,-36.82598],[174.79105,-36.82595],[174.79072,-36.82581],[174.79067,-36.8258],[174.79032,-36.82581],[174.79042,-36.82749],[174.79076,-36.82748],[174.79077,-36.82759],[174.79042,-36.82761],[174.79044,-36.8278],[174.7902,-36.8289]]]}},{"type":"Feature","properties":{"kind":"residential"},"geometry":{"type":"Polygon","coordinates":[[[174.79017,-36.82798],[174.78706,-36.82752],[174.78664,-36.82837],[174.78686,-36.82845],[174.79,-36.82888],[174.79017,-36.82798]]]}},{"type":"Feature","properties":{"kind":"residential"},"geometry":{"type":"Polygon","coordinates":[[[174.79025,-36.82908],[174.79149,-36.82908],[174.79149,-36.82946],[174.79018,-36.82946],[174.79025,-36.82908]]]}},{"type":"Feature","properties":{"kind":"residential"},"geometry":{"type":"Polygon","coordinates":[[[174.78644,-36.82831],[174.78773,-36.82557],[174.78696,-36.82488],[174.78544,-36.82797],[174.78644,-36.82831]]]}},{"type":"Feature","properties":{"kind":"residential"},"geometry":{"type":"Polygon","coordinates":[[[174.77912,-36.82558],[174.77894,-36.82549],[174.77893,-36.82545],[174.77914,-36.82516],[174.7793,-36.82501],[174.77933,-36.82498],[174.77939,-36.82498],[174.77986,-36.82516],[174.78009,-36.82526],[174.78023,-36.82549],[174.78034,-36.82567],[174.78046,-36.82586],[174.78052,-36.82615],[174.78044,-36.82625],[174.77912,-36.82558]]]}},{"type":"Feature","properties":{"kind":"residential"},"geometry":{"type":"Polygon","coordinates":[[[174.77314,-36.82839],[174.77289,-36.82796],[174.77293,-36.82795],[174.7729,-36.82793],[174.77271,-36.82755],[174.77266,-36.82757],[174.77264,-36.82758],[174.77236,-36.82773],[174.77241,-36.82781],[174.77239,-36.82782],[174.77237,-36.82784],[174.77234,-36.82786],[174.77229,-36.82792],[174.77225,-36.82795],[174.7724,-36.8282],[174.77298,-36.82925],[174.77339,-36.82922],[174.77338,-36.82909],[174.77339,-36.82905],[174.77334,-36.82904],[174.7733,-36.82901],[174.77328,-36.82897],[174.77329,-36.82893],[174.77302,-36.82843],[174.77314,-36.82839]]]}},{"type":"Feature","properties":{"kind":"residential"},"geometry":{"type":"Polygon","coordinates":[[[174.77644,-36.82475],[174.77539,-36.82511],[174.77494,-36.82512],[174.77477,-36.82517],[174.77473,-36.82512],[174.77465,-36.82512],[174.77448,-36.82519],[174.77397,-36.82604],[174.77394,-36.82633],[174.77405,-36.82639],[174.77406,-36.82649],[174.77413,-36.82666],[174.77413,-36.82684],[174.77416,-36.82687],[174.77511,-36.82685],[174.77515,-36.82685],[174.77523,-36.82682],[174.77466,-36.8258],[174.77487,-36.82572],[174.77545,-36.82674],[174.77706,-36.82617],[174.77706,-36.82613],[174.77654,-36.82518],[174.77661,-36.82515],[174.77648,-36.82488],[174.77642,-36.82481],[174.77644,-36.82475]]]}},{"type":"Feature","properties":{"kind":"residential"},"geometry":{"type":"Polygon","coordinates":[[[174.79221,-36.82491],[174.79326,-36.82449],[174.79372,-36.82523],[174.79245,-36.82574],[174.79241,-36.82572],[174.79236,-36.8254],[174.79234,-36.82533],[174.79224,-36.82517],[174.79216,-36.82502],[174.79214,-36.82498],[174.79216,-36.82495],[174.79221,-36.82491]]]}},{"type":"Feature","properties":{"kind":"residential"},"geometry":{"type":"Polygon","coordinates":[[[174.79333,-36.82716],[174.79611,-36.82673],[174.79652,-36.8267],[174.79645,-36.82611],[174.79592,-36.82615],[174.7959,-36.82598],[174.79247,-36.82627],[174.79254,-36.82669],[174.79321,-36.82664],[174.79333,-36.82716]]]}},{"type":"Feature","properties":{"kind":"residential"},"geometry":{"type":"Polygon","coordinates":[[[174.79381,-36.8254],[174.79248,-36.82593],[174.79249,-36.82607],[174.79252,-36.82609],[174.79388,-36.82598],[174.79381,-36.8254]]]}},{"type":"Feature","properties":{"kind":"residential"},"geometry":{"type":"Polygon","coordinates":[[[174.79223,-36.82703],[174.79244,-36.8274],[174.79282,-36.82725],[174.7926,-36.8269],[174.79223,-36.82703]]]}},{"type":"Feature","properties":{"kind":"commercial"},"geometry":{"type":"Polygon","coordinates":[[[174.76216,-36.84727],[174.76286,-36.84747],[174.76287,-36.84748],[174.76287,-36.8475],[174.76287,-36.84751],[174.76261,-36.8481],[174.76262,-36.8481],[174.7626,-36.84816],[174.76258,-36.84817],[174.76237,-36.8481],[174.76221,-36.84806],[174.76185,-36.84795],[174.76183,-36.84791],[174.7621,-36.84729],[174.76211,-36.84728],[174.76213,-36.84727],[174.76214,-36.84727],[174.76216,-36.84727]]]}},{"type":"Feature","properties":{"kind":"commercial"},"geometry":{"type":"Polygon","coordinates":[[[174.76188,-36.85002],[174.76252,-36.84846],[174.76256,-36.84836],[174.76259,-36.8483],[174.7626,-36.8483],[174.76261,-36.84829],[174.76262,-36.84829],[174.76264,-36.8483],[174.76278,-36.84834],[174.76284,-36.84835],[174.76335,-36.8485],[174.76336,-36.8485],[174.76338,-36.84852],[174.76338,-36.84853],[174.76337,-36.84854],[174.76337,-36.84857],[174.76336,-36.84858],[174.7633,-36.84872],[174.76283,-36.84981],[174.76266,-36.85019],[174.76265,-36.85021],[174.76263,-36.85023],[174.76262,-36.85023],[174.7626,-36.85024],[174.76258,-36.85025],[174.76255,-36.85024],[174.76191,-36.85007],[174.76189,-36.85006],[174.76188,-36.85005],[174.76188,-36.85003],[174.76187,-36.85003],[174.76188,-36.85002]]]}},{"type":"Feature","properties":{"kind":"residential"},"geometry":{"type":"Polygon","coordinates":[[[174.78188,-36.86391],[174.78178,-36.86388],[174.78174,-36.86387],[174.78164,-36.86386],[174.7816,-36.86386],[174.78082,-36.86332],[174.78078,-36.86332],[174.78008,-36.86396],[174.78134,-36.86485],[174.78137,-36.86494],[174.78142,-36.86496],[174.78155,-36.86486],[174.78159,-36.86481],[174.78177,-36.86456],[174.78188,-36.86391]]]}},{"type":"Feature","properties":{"kind":"commercial"},"geometry":{"type":"Polygon","coordinates":[[[174.76803,-36.86136],[174.76787,-36.86183],[174.76825,-36.86191],[174.76832,-36.8619],[174.76842,-36.86192],[174.76836,-36.86212],[174.76781,-36.862],[174.7678,-36.86202],[174.76752,-36.86196],[174.76775,-36.8613],[174.76803,-36.86136]]]}},{"type":"Feature","properties":{"kind":"retail"},"geometry":{"type":"Polygon","coordinates":[[[174.73988,-36.8449],[174.74014,-36.84488],[174.74011,-36.84461],[174.73984,-36.84463],[174.73988,-36.8449]]]}},{"type":"Feature","properties":{"kind":"residential"},"geometry":{"type":"Polygon","coordinates":[[[174.74649,-36.84611],[174.74608,-36.84593],[174.74637,-36.8457],[174.7464,-36.84564],[174.74655,-36.84532],[174.74655,-36.84522],[174.74651,-36.84509],[174.74683,-36.84504],[174.74668,-36.84518],[174.74672,-36.84543],[174.74679,-36.84556],[174.74675,-36.84564],[174.74678,-36.84565],[174.74649,-36.84611]]]}},{"type":"Feature","properties":{"kind":"commercial"},"geometry":{"type":"Polygon","coordinates":[[[174.75751,-36.86292],[174.75774,-36.86298],[174.75798,-36.86303],[174.75807,-36.86305],[174.75832,-36.8631],[174.75837,-36.86295],[174.75839,-36.86287],[174.75846,-36.86292],[174.75848,-36.86294],[174.7586,-36.86296],[174.75861,-36.86297],[174.75872,-36.86264],[174.75826,-36.86255],[174.75784,-36.86246],[174.75769,-36.86242],[174.75751,-36.86292]]]}},{"type":"Feature","properties":{"kind":"commercial"},"geometry":{"type":"Polygon","coordinates":[[[174.756,-36.86274],[174.75657,-36.86272],[174.75675,-36.86221],[174.75663,-36.86219],[174.75616,-36.86221],[174.75612,-36.86221],[174.75598,-36.86246],[174.756,-36.86274]]]}},{"type":"Feature","properties":{"kind":"residential"},"geometry":{"type":"Polygon","coordinates":[[[174.76051,-36.86358],[174.7607,-36.86302],[174.76042,-36.86295],[174.76043,-36.86292],[174.76013,-36.86286],[174.75994,-36.86346],[174.76051,-36.86358]]]}},{"type":"Feature","properties":{"kind":"residential"},"geometry":{"type":"Polygon","coordinates":[[[174.75887,-36.86322],[174.75908,-36.86327],[174.75974,-36.86342],[174.75987,-36.86294],[174.75966,-36.8629],[174.75935,-36.86284],[174.75938,-36.86279],[174.75903,-36.86272],[174.75887,-36.86322]]]}},{"type":"Feature","properties":{"kind":"commercial"},"geometry":{"type":"Polygon","coordinates":[[[174.75686,-36.86224],[174.75751,-36.86238],[174.75733,-36.86289],[174.75667,-36.86275],[174.75686,-36.86224]]]}},{"type":"Feature","properties":{"kind":"commercial"},"geometry":{"type":"Polygon","coordinates":[[[174.75709,-36.86158],[174.75772,-36.86176],[174.75755,-36.86229],[174.75723,-36.86222],[174.75733,-36.86191],[174.75701,-36.86181],[174.7569,-36.86214],[174.75688,-36.86215],[174.75664,-36.8621],[174.75666,-36.862],[174.75675,-36.86175],[174.75701,-36.8618],[174.75709,-36.86158]]]}},{"type":"Feature","properties":{"kind":"residential"},"geometry":{"type":"Polygon","coordinates":[[[174.74786,-36.82635],[174.74803,-36.82467],[174.74891,-36.82473],[174.74888,-36.8252],[174.74865,-36.82565],[174.74864,-36.82568],[174.74867,-36.82572],[174.74824,-36.82638],[174.74786,-36.82635]]]}},{"type":"Feature","properties":{"kind":"forest"},"geometry":{"type":"Polygon","coordinates":[[[174.75453,-36.86631],[174.75454,-36.86635],[174.75454,-36.86639],[174.75453,-36.86647],[174.75448,-36.86646],[174.75444,-36.86662],[174.75444,-36.86669],[174.75441,-36.86678],[174.75438,-36.86687],[174.75435,-36.86691],[174.75433,-36.86693],[174.75431,-36.86692],[174.7543,-36.86689],[174.7543,-36.86686],[174.75432,-36.86672],[174.75438,-36.86644],[174.75441,-36.86632],[174.75444,-36.86629],[174.75448,-36.86628],[174.75451,-36.86629],[174.75453,-36.86631]]]}},{"type":"Feature","properties":{"kind":"forest"},"geometry":{"type":"Polygon","coordinates":[[[174.77439,-36.86033],[174.77434,-36.86035],[174.77432,-36.86037],[174.77431,-36.8604],[174.77432,-36.86043],[174.77433,-36.86045],[174.77434,-36.86048],[174.77435,-36.86049],[174.77436,-36.86053],[174.77432,-36.86055],[174.77431,-36.86057],[174.77429,-36.86059],[174.77427,-36.86061],[174.7742,-36.86065],[174.77416,-36.86068],[174.77413,-36.86069],[174.77411,-36.86071],[174.77406,-36.86071],[174.774,-36.8607],[174.77399,-36.86069],[174.77397,-36.86067],[174.77397,-36.86064],[174.77395,-36.86061],[174.77393,-36.86057],[174.7739,-36.86054],[174.77389,-36.86053],[174.77382,-36.86054],[174.77379,-36.86054],[174.77376,-36.86054],[174.77374,-36.86053],[174.77369,-36.8605],[174.77364,-36.86046],[174.77362,-36.86044],[174.77358,-36.86044],[174.77355,-36.86043],[174.77351,-36.86043],[174.77348,-36.86042],[174.77347,-36.86039],[174.77347,-36.86038],[174.77349,-36.86036],[174.77349,-36.86033],[174.77348,-36.86029],[174.77349,-36.86027],[174.77348,-36.86024],[174.77346,-36.86021],[174.77344,-36.86019],[174.77342,-36.86017],[174.77337,-36.86016],[174.77328,-36.86021],[174.77323,-36.86026],[174.77316,-36.86032],[174.77312,-36.86036],[174.77307,-36.86042],[174.77304,-36.86046],[174.77299,-36.86057],[174.77305,-36.86059],[174.77309,-36.8606],[174.77312,-36.8606],[174.77316,-36.86059],[174.77322,-36.86058],[174.77326,-36.86059],[174.77329,-36.8606],[174.77334,-36.8606],[174.77336,-36.8606],[174.7734,-36.86058],[174.77344,-36.86057],[174.77347,-36.86057],[174.77349,-36.86057],[174.77351,-36.86058],[174.77352,-36.8606],[174.77352,-36.86062],[174.7735,-36.86065],[174.77347,-36.86067],[174.77344,-36.86069],[174.77341,-36.86071],[174.77339,-36.86073],[174.77334,-36.86074],[174.77332,-36.86075],[174.77331,-36.86077],[174.77332,-36.86079],[174.77334,-36.86082],[174.77335,-36.86084],[174.77337,-36.86088],[174.77339,-36.86091],[174.77342,-36.86093],[174.77345,-36.86093],[174.77347,-36.86092],[174.77349,-36.86091],[174.77353,-36.86088],[174.77357,-36.86087],[174.77361,-36.86086],[174.77365,-36.86086],[174.77371,-36.86087],[174.77378,-36.86088],[174.77382,-36.86089],[174.77389,-36.86089],[174.77394,-36.8609],[174.77397,-36.86091],[174.77401,-36.86092],[174.77403,-36.86093],[174.77404,-36.86094],[174.77407,-36.86092],[174.77408,-36.8609],[174.77411,-36.86088],[174.77414,-36.86087],[174.77417,-36.86086],[174.77422,-36.86085],[174.77427,-36.86085],[174.77431,-36.86084],[174.77436,-36.86084],[174.7744,-36.86085],[174.77442,-36.86086],[174.77445,-36.86088],[174.77447,-36.8609],[174.77449,-36.86093],[174.77452,-36.86096],[174.77457,-36.86105],[174.77458,-36.86108],[174.77459,-36.86114],[174.77463,-36.8612],[174.77465,-36.86123],[174.77467,-36.86127],[174.77468,-36.8613],[174.7747,-36.86135],[174.77475,-36.86136],[174.77478,-36.86137],[174.77483,-36.86136],[174.77485,-36.86135],[174.77488,-36.86133],[174.7749,-36.86131],[174.77491,-36.86129],[174.77493,-36.86127],[174.77493,-36.86125],[174.77493,-36.86122],[174.77491,-36.86118],[174.77486,-36.8612],[174.77481,-36.86109],[174.77477,-36.86109],[174.77475,-36.86107],[174.77474,-36.86106],[174.77473,-36.86104],[174.77473,-36.86102],[174.77476,-36.861],[174.77479,-36.86097],[174.77481,-36.86095],[174.77483,-36.86092],[174.77484,-36.8609],[174.77483,-36.86084],[174.77481,-36.86082],[174.7748,-36.8608],[174.77479,-36.86077],[174.77478,-36.86072],[174.77478,-36.8607],[174.77477,-36.86068],[174.77476,-36.86064],[174.77474,-36.86062],[174.77471,-36.8606],[174.7747,-36.8606],[174.77468,-36.86059],[174.77467,-36.86057],[174.77466,-36.86055],[174.77466,-36.86053],[174.77466,-36.86051],[174.77464,-36.86049],[174.77462,-36.86047],[174.7746,-36.86046],[174.77456,-36.86045],[174.77454,-36.86045],[174.77453,-36.86044],[174.77451,-36.86043],[174.77449,-36.86042],[174.77448,-36.8604],[174.77447,-36.86038],[174.77447,-36.86037],[174.77447,-36.86034],[174.77447,-36.86033],[174.77446,-36.86033],[174.77444,-36.86033],[174.77439,-36.86033]]]}},{"type":"Feature","properties":{"kind":"commercial"},"geometry":{"type":"Polygon","coordinates":[[[174.76572,-36.85563],[174.76571,-36.85564],[174.76568,-36.85557],[174.76567,-36.85545],[174.76557,-36.85529],[174.7652,-36.85543],[174.76515,-36.85534],[174.76506,-36.85518],[174.7653,-36.85509],[174.76531,-36.85508],[174.76553,-36.85499],[174.76573,-36.85533],[174.76577,-36.85544],[174.76576,-36.85555],[174.76573,-36.85563],[174.76572,-36.85563]]]}},{"type":"Feature","properties":{"kind":"retail"},"geometry":{"type":"Polygon","coordinates":[[[174.77219,-36.84646],[174.77262,-36.84696],[174.77225,-36.8471],[174.77169,-36.84602],[174.77172,-36.84597],[174.77177,-36.84594],[174.77183,-36.84593],[174.77186,-36.84594],[174.77216,-36.84606],[174.77229,-36.84616],[174.77252,-36.84633],[174.7725,-36.84634],[174.77219,-36.84646]]]}},{"type":"Feature","properties":{"kind":"residential"},"geometry":{"type":"Polygon","coordinates":[[[174.73927,-36.84549],[174.73984,-36.84544],[174.73991,-36.84587],[174.73999,-36.84639],[174.74001,-36.84649],[174.73971,-36.84659],[174.73946,-36.84661],[174.73927,-36.84549]]]}},{"type":"Feature","properties":{"kind":"residential"},"geometry":{"type":"Polygon","coordinates":[[[174.76102,-36.85907],[174.76077,-36.85961],[174.76117,-36.85966],[174.76146,-36.85921],[174.76102,-36.85907]]]}},{"type":"Feature","properties":{"kind":"forest"},"geometry":{"type":"Polygon","coordinates":[[[174.75401,-36.86136],[174.75411,-36.86132],[174.75427,-36.86117],[174.75425,-36.86114],[174.75441,-36.86107],[174.75457,-36.86098],[174.75454,-36.86094],[174.75464,-36.8609],[174.7546,-36.86085],[174.75477,-36.86078],[174.75477,-36.86075],[174.75488,-36.8607],[174.75492,-36.86081],[174.75413,-36.86152],[174.75385,-36.86177],[174.75305,-36.86261],[174.75259,-36.86309],[174.7522,-36.86345],[174.75175,-36.86386],[174.75155,-36.86404],[174.75137,-36.8642],[174.75123,-36.86433],[174.75121,-36.86429],[174.7514,-36.8641],[174.75144,-36.86408],[174.75146,-36.86403],[174.75152,-36.86401],[174.75152,-36.86397],[174.75167,-36.86379],[174.75348,-36.86191],[174.75383,-36.86158],[174.75405,-36.86142],[174.75401,-36.86136]]]}},{"type":"Feature","properties":{"kind":"forest"},"geometry":{"type":"Polygon","coordinates":[[[174.75608,-36.85993],[174.75618,-36.8599],[174.75626,-36.8599],[174.75637,-36.85992],[174.75648,-36.85997],[174.75651,-36.86],[174.75639,-36.86005],[174.75636,-36.86009],[174.75629,-36.86012],[174.75621,-36.86015],[174.75614,-36.86015],[174.75605,-36.86014],[174.75597,-36.86012],[174.75607,-36.86001],[174.75608,-36.85993]]]}},{"type":"Feature","properties":{"kind":"forest"},"geometry":{"type":"Polygon","coordinates":[[[174.7566,-36.86072],[174.75669,-36.86065],[174.75685,-36.86054],[174.75702,-36.86046],[174.75717,-36.86041],[174.75737,-36.86035],[174.75754,-36.86033],[174.75771,-36.8603],[174.75788,-36.86031],[174.75804,-36.86031],[174.75818,-36.86031],[174.75825,-36.8603],[174.75828,-36.86036],[174.75787,-36.86046],[174.75772,-36.86049],[174.75725,-36.86059],[174.7571,-36.86066],[174.75686,-36.86078],[174.7567,-36.86086],[174.75657,-36.86097],[174.75641,-36.86109],[174.7562,-36.86123],[174.75607,-36.86133],[174.75579,-36.8615],[174.7557,-36.86156],[174.75567,-36.86151],[174.75597,-36.86132],[174.75613,-36.8612],[174.75629,-36.86105],[174.75644,-36.86089],[174.7566,-36.86072]]]}},{"type":"Feature","properties":{"kind":"forest"},"geometry":{"type":"Polygon","coordinates":[[[174.75711,-36.86031],[174.75719,-36.86027],[174.7573,-36.86024],[174.75738,-36.8602],[174.75725,-36.86013],[174.75709,-36.86006],[174.75692,-36.86012],[174.75687,-36.86014],[174.75689,-36.86021],[174.75683,-36.86021],[174.75676,-36.86024],[174.75673,-36.86032],[174.75671,-36.8604],[174.75673,-36.86047],[174.75681,-36.86045],[174.75691,-36.86037],[174.75702,-36.86033],[174.75711,-36.86031]]]}},{"type":"Feature","properties":{"kind":"water"},"geometry":{"type":"Polygon","coordinates":[[[174.75476,-36.8616],[174.75521,-36.8612],[174.75522,-36.86121],[174.75524,-36.86123],[174.75527,-36.86121],[174.75531,-36.86125],[174.75537,-36.8613],[174.75491,-36.86161],[174.75484,-36.86165],[174.75479,-36.86164],[174.75478,-36.86163],[174.75476,-36.8616]]]}},{"type":"Feature","properties":{"kind":"commercial"},"geometry":{"type":"Polygon","coordinates":[[[174.75828,-36.85899],[174.75742,-36.85926],[174.75722,-36.85915],[174.75703,-36.85903],[174.7568,-36.85884],[174.75803,-36.85847],[174.75821,-36.85884],[174.75828,-36.85899]]]}},{"type":"Feature","properties":{"kind":"commercial"},"geometry":{"type":"Polygon","coordinates":[[[174.75791,-36.85927],[174.75787,-36.85923],[174.75813,-36.85915],[174.75832,-36.85909],[174.75847,-36.8594],[174.75842,-36.85941],[174.75823,-36.85936],[174.75804,-36.85939],[174.75791,-36.85927]]]}},{"type":"Feature","properties":{"kind":"forest"},"geometry":{"type":"Polygon","coordinates":[[[174.7607,-36.8599],[174.76126,-36.86006],[174.76153,-36.86017],[174.76164,-36.86021],[174.76167,-36.86021],[174.76171,-36.86019],[174.76178,-36.86026],[174.76188,-36.86033],[174.76204,-36.86041],[174.76212,-36.86042],[174.76215,-36.86044],[174.76222,-36.86047],[174.76253,-36.86058],[174.76255,-36.86057],[174.76255,-36.86056],[174.76255,-36.86055],[174.76253,-36.86053],[174.76227,-36.86037],[174.76194,-36.86023],[174.76186,-36.86019],[174.7617,-36.86013],[174.76144,-36.86005],[174.76112,-36.85996],[174.76069,-36.85986],[174.7607,-36.8599]]]}},{"type":"Feature","properties":{"kind":"forest"},"geometry":{"type":"Polygon","coordinates":[[[174.76557,-36.86375],[174.76555,-36.86377],[174.76496,-36.86345],[174.7648,-36.86337],[174.76469,-36.86331],[174.76449,-36.86316],[174.76442,-36.86309],[174.76435,-36.86302],[174.76425,-36.86288],[174.76422,-36.86279],[174.76427,-36.86278],[174.76447,-36.86298],[174.76456,-36.86306],[174.76477,-36.86324],[174.76492,-36.86333],[174.76505,-36.86341],[174.76526,-36.86354],[174.76547,-36.86368],[174.76557,-36.86375]]]}},{"type":"Feature","properties":{"kind":"forest"},"geometry":{"type":"Polygon","coordinates":[[[174.76449,-36.86142],[174.76444,-36.86153],[174.76439,-36.86164],[174.76435,-36.86176],[174.76433,-36.86191],[174.76433,-36.862],[174.76434,-36.8621],[174.76429,-36.86208],[174.76424,-36.86205],[174.7642,-36.86206],[174.76411,-36.86194],[174.76413,-36.86179],[174.76415,-36.86168],[174.76422,-36.86143],[174.76431,-36.86117],[174.76438,-36.86107],[174.76444,-36.86099],[174.76446,-36.86095],[174.76469,-36.8609],[174.76478,-36.86088],[174.7649,-36.86083],[174.76497,-36.8608],[174.76502,-36.86083],[174.76516,-36.86075],[174.76524,-36.86072],[174.76525,-36.86074],[174.76513,-36.86082],[174.76503,-36.86089],[174.765,-36.86088],[174.76482,-36.86103],[174.76467,-36.86118],[174.76459,-36.86127],[174.76449,-36.86142]]]}},{"type":"Feature","properties":{"kind":"forest"},"geometry":{"type":"Polygon","coordinates":[[[174.76489,-36.86235],[174.76484,-36.86242],[174.76481,-36.86245],[174.76474,-36.86261],[174.7647,-36.86258],[174.76466,-36.86251],[174.76457,-36.86235],[174.76455,-36.86226],[174.76454,-36.86217],[174.76454,-36.86187],[174.76459,-36.8616],[174.76467,-36.86146],[174.76479,-36.86128],[174.76493,-36.86116],[174.76505,-36.86106],[174.76514,-36.861],[174.76541,-36.86083],[174.76565,-36.86067],[174.76579,-36.86055],[174.76601,-36.86038],[174.76607,-36.86042],[174.76606,-36.86043],[174.7654,-36.86113],[174.7653,-36.86108],[174.76527,-36.86107],[174.76522,-36.86107],[174.76517,-36.86107],[174.76512,-36.8611],[174.7651,-36.86112],[174.76466,-36.86158],[174.76495,-36.86176],[174.76495,-36.86184],[174.7646,-36.86217],[174.76489,-36.86235]]]}},{"type":"Feature","properties":{"kind":"forest"},"geometry":{"type":"Polygon","coordinates":[[[174.76558,-36.863],[174.76517,-36.86291],[174.76514,-36.86288],[174.76492,-36.86283],[174.7649,-36.86284],[174.7649,-36.86286],[174.76506,-36.86299],[174.76543,-36.86324],[174.76568,-36.8634],[174.76569,-36.86339],[174.76548,-36.86319],[174.76558,-36.863]]]}},{"type":"Feature","properties":{"kind":"commercial"},"geometry":{"type":"Polygon","coordinates":[[[174.75603,-36.84076],[174.75812,-36.84132],[174.75814,-36.84136],[174.75779,-36.84221],[174.7573,-36.84207],[174.75731,-36.84206],[174.75748,-36.84164],[174.75682,-36.84147],[174.75664,-36.84142],[174.75622,-36.84131],[174.75604,-36.84175],[174.75567,-36.84165],[174.75603,-36.84076]]]}},{"type":"Feature","properties":{"kind":"retail"},"geometry":{"type":"Polygon","coordinates":[[[174.75639,-36.84041],[174.75639,-36.84043],[174.75629,-36.84065],[174.75629,-36.84066],[174.75651,-36.84072],[174.75681,-36.84079],[174.75716,-36.84089],[174.75766,-36.84102],[174.75825,-36.84118],[174.75826,-36.84117],[174.75836,-36.8411],[174.75843,-36.84094],[174.75779,-36.84077],[174.75776,-36.84076],[174.75773,-36.84076],[174.75729,-36.84064],[174.75726,-36.84063],[174.75724,-36.84063],[174.75691,-36.84054],[174.75661,-36.84046],[174.75639,-36.84041]]]}},{"type":"Feature","properties":{"kind":"commercial"},"geometry":{"type":"Polygon","coordinates":[[[174.76771,-36.84624],[174.76832,-36.84637],[174.76989,-36.84619],[174.77002,-36.84587],[174.77051,-36.846],[174.77048,-36.84608],[174.77074,-36.84615],[174.77069,-36.84625],[174.77039,-36.84618],[174.77037,-36.84628],[174.77065,-36.84634],[174.7706,-36.84641],[174.76969,-36.84683],[174.76945,-36.84651],[174.76939,-36.84653],[174.76905,-36.84661],[174.76921,-36.84694],[174.76883,-36.84692],[174.76847,-36.8469],[174.76803,-36.84682],[174.7676,-36.84674],[174.76756,-36.8467],[174.7676,-36.84658],[174.76762,-36.84652],[174.76769,-36.84632],[174.76771,-36.84625],[174.76771,-36.84624]]]}},{"type":"Feature","properties":{"kind":"commercial"},"geometry":{"type":"Polygon","coordinates":[[[174.76377,-36.85298],[174.76387,-36.85275],[174.76389,-36.85274],[174.76391,-36.85273],[174.76414,-36.85264],[174.76415,-36.85264],[174.76451,-36.85324],[174.76402,-36.85343],[174.76386,-36.85315],[174.76385,-36.85314],[174.76377,-36.85298]]]}},{"type":"Feature","properties":{"kind":"retail"},"geometry":{"type":"Polygon","coordinates":[[[174.76476,-36.8521],[174.76477,-36.85205],[174.7648,-36.85199],[174.76484,-36.8519],[174.76429,-36.85174],[174.76415,-36.85207],[174.76416,-36.85211],[174.76418,-36.85214],[174.76423,-36.85216],[174.76476,-36.8521]]]}},{"type":"Feature","properties":{"kind":"commercial"},"geometry":{"type":"Polygon","coordinates":[[[174.76366,-36.85322],[174.76372,-36.85322],[174.76373,-36.85323],[174.764,-36.85372],[174.76362,-36.85384],[174.76348,-36.8539],[174.76342,-36.8539],[174.76338,-36.85386],[174.76366,-36.85322]]]}},{"type":"Feature","properties":{"kind":"residential"},"geometry":{"type":"Polygon","coordinates":[[[174.7424,-36.84868],[174.74249,-36.84924],[174.74299,-36.8492],[174.74297,-36.849],[174.74296,-36.84891],[174.74298,-36.84891],[174.74294,-36.84864],[174.7424,-36.84868]]]}},{"type":"Feature","properties":{"kind":"commercial"},"geometry":{"type":"Polygon","coordinates":[[[174.76253,-36.85502],[174.76214,-36.85491],[174.76243,-36.85426],[174.76258,-36.8543],[174.7626,-36.85431],[174.76262,-36.85431],[174.76282,-36.85437],[174.76276,-36.85449],[174.76253,-36.85502]]]}},{"type":"Feature","properties":{"kind":"commercial"},"geometry":{"type":"Polygon","coordinates":[[[174.76482,-36.85479],[174.76499,-36.85509],[174.76547,-36.8549],[174.76539,-36.85478],[174.76516,-36.85487],[174.76507,-36.85472],[174.76531,-36.85464],[174.7653,-36.85461],[174.76482,-36.85479]]]}},{"type":"Feature","properties":{"kind":"retail"},"geometry":{"type":"Polygon","coordinates":[[[174.76278,-36.85358],[174.76274,-36.85366],[174.76276,-36.85367],[174.7627,-36.8538],[174.7628,-36.85383],[174.76293,-36.85387],[174.76284,-36.85394],[174.76287,-36.85397],[174.76286,-36.854],[174.76286,-36.85401],[174.76285,-36.85403],[174.76289,-36.85403],[174.76296,-36.85402],[174.76298,-36.85402],[174.76301,-36.85401],[174.76304,-36.85399],[174.76306,-36.85398],[174.76308,-36.85396],[174.76311,-36.85392],[174.76315,-36.85391],[174.76319,-36.85381],[174.76316,-36.8538],[174.76323,-36.85365],[174.76325,-36.85366],[174.76326,-36.85366],[174.76334,-36.85348],[174.76332,-36.85348],[174.76327,-36.85346],[174.76323,-36.85345],[174.76292,-36.85336],[174.76291,-36.85336],[174.7629,-36.85336],[174.76283,-36.85345],[174.76286,-36.85347],[174.76288,-36.85344],[174.76301,-36.85348],[174.76294,-36.85363],[174.76278,-36.85358]]]}},{"type":"Feature","properties":{"kind":"residential"},"geometry":{"type":"Polygon","coordinates":[[[174.76054,-36.85656],[174.76081,-36.85595],[174.7611,-36.85603],[174.76083,-36.85664],[174.76054,-36.85656]]]}},{"type":"Feature","properties":{"kind":"commercial"},"geometry":{"type":"Polygon","coordinates":[[[174.75437,-36.86697],[174.75445,-36.86702],[174.75463,-36.8672],[174.7544,-36.86737],[174.7542,-36.86732],[174.75431,-36.86701],[174.75437,-36.86697]]]}},{"type":"Feature","properties":{"kind":"commercial"},"geometry":{"type":"Polygon","coordinates":[[[174.76289,-36.8503],[174.76358,-36.8505],[174.76405,-36.84946],[174.764,-36.84944],[174.76407,-36.84929],[174.76413,-36.84917],[174.76415,-36.8491],[174.76424,-36.84889],[174.76431,-36.84891],[174.76433,-36.84887],[174.76436,-36.8488],[174.76434,-36.8488],[174.76427,-36.84878],[174.76412,-36.84871],[174.76397,-36.84868],[174.7637,-36.84859],[174.76368,-36.84859],[174.76361,-36.84857],[174.76359,-36.84856],[174.76357,-36.84856],[174.76355,-36.84855],[174.76354,-36.84856],[174.76352,-36.84857],[174.7635,-36.8486],[174.7635,-36.84861],[174.7635,-36.84862],[174.76345,-36.84876],[174.76324,-36.84925],[174.76289,-36.8503]]]}},{"type":"Feature","properties":{"kind":"retail"},"geometry":{"type":"Polygon","coordinates":[[[174.77777,-36.86695],[174.77791,-36.86697],[174.77831,-36.86706],[174.77877,-36.86568],[174.77822,-36.86557],[174.77777,-36.86695]]]}},{"type":"Feature","properties":{"kind":"retail"},"geometry":{"type":"Polygon","coordinates":[[[174.77899,-36.86562],[174.77922,-36.86483],[174.77928,-36.86483],[174.7799,-36.86527],[174.77971,-36.86581],[174.77987,-36.86585],[174.7799,-36.86578],[174.78027,-36.86586],[174.78047,-36.86566],[174.78056,-36.86573],[174.77999,-36.86641],[174.77996,-36.86644],[174.77984,-36.86657],[174.77969,-36.86666],[174.77953,-36.86673],[174.77944,-36.86675],[174.77928,-36.86677],[174.77918,-36.86677],[174.7787,-36.86668],[174.77866,-36.86667],[174.77899,-36.86562]]]}},{"type":"Feature","properties":{"kind":"commercial"},"geometry":{"type":"Polygon","coordinates":[[[174.78116,-36.86269],[174.7816,-36.86227],[174.78158,-36.86222],[174.78137,-36.86207],[174.78121,-36.86221],[174.78118,-36.86223],[174.78114,-36.86221],[174.78109,-36.86226],[174.78104,-36.8623],[174.78099,-36.86235],[174.78086,-36.86247],[174.78116,-36.86269]]]}},{"type":"Feature","properties":{"kind":"commercial"},"geometry":{"type":"Polygon","coordinates":[[[174.77025,-36.8472],[174.77027,-36.84718],[174.77025,-36.84716],[174.7697,-36.84701],[174.76956,-36.84733],[174.7692,-36.84809],[174.7698,-36.84818],[174.77006,-36.84759],[174.77025,-36.8472]]]}},{"type":"Feature","properties":{"name":"The Leys Institute","kind":"commercial"},"geometry":{"type":"Polygon","coordinates":[[[174.74454,-36.84648],[174.74431,-36.84666],[174.74419,-36.84676],[174.74445,-36.84695],[174.74488,-36.8466],[174.74464,-36.8464],[174.74454,-36.84648]]]}},{"type":"Feature","properties":{"kind":"residential"},"geometry":{"type":"Polygon","coordinates":[[[174.75071,-36.86366],[174.75029,-36.86335],[174.7505,-36.86318],[174.75053,-36.8632],[174.75062,-36.86327],[174.75091,-36.86351],[174.75071,-36.86366]]]}},{"type":"Feature","properties":{"kind":"residential"},"geometry":{"type":"Polygon","coordinates":[[[174.78263,-36.84954],[174.78281,-36.84965],[174.78269,-36.84978],[174.78285,-36.84988],[174.7829,-36.84991],[174.78334,-36.8498],[174.78335,-36.84972],[174.78358,-36.84973],[174.7844,-36.84972],[174.78439,-36.84921],[174.78413,-36.84929],[174.78362,-36.84929],[174.78363,-36.84918],[174.78391,-36.84885],[174.7834,-36.84887],[174.78336,-36.84888],[174.78322,-36.84894],[174.78309,-36.84904],[174.78263,-36.84954]]]}},{"type":"Feature","properties":{"kind":"forest"},"geometry":{"type":"Polygon","coordinates":[[[174.7701,-36.84686],[174.77012,-36.84683],[174.77031,-36.8468],[174.77063,-36.84687],[174.77081,-36.84681],[174.77091,-36.84715],[174.77009,-36.8469],[174.7701,-36.84686]]]}},{"type":"Feature","properties":{"name":"Old Government House Lawn","kind":"grass"},"geometry":{"type":"Polygon","coordinates":[[[174.77054,-36.84934],[174.77068,-36.84913],[174.77084,-36.84924],[174.77098,-36.84943],[174.77118,-36.84969],[174.77079,-36.8499],[174.77041,-36.84951],[174.77045,-36.84942],[174.77047,-36.84932],[174.77054,-36.84934]]]}},{"type":"Feature","properties":{"kind":"grass"},"geometry":{"type":"Polygon","coordinates":[[[174.76986,-36.84983],[174.76994,-36.84981],[174.77005,-36.84974],[174.7701,-36.84974],[174.77015,-36.84974],[174.77005,-36.84982],[174.7701,-36.84988],[174.77014,-36.84993],[174.77018,-36.84998],[174.77022,-36.85003],[174.77023,-36.85005],[174.77023,-36.85008],[174.77022,-36.85011],[174.77017,-36.85015],[174.77005,-36.85026],[174.77004,-36.85026],[174.77013,-36.85017],[174.77015,-36.85007],[174.77013,-36.85003],[174.76989,-36.85003],[174.76987,-36.84999],[174.7699,-36.84989],[174.76986,-36.84983]]]}},{"type":"Feature","properties":{"kind":"forest"},"geometry":{"type":"Polygon","coordinates":[[[174.76767,-36.85663],[174.76776,-36.85652],[174.76784,-36.85643],[174.76802,-36.8562],[174.76819,-36.85601],[174.76835,-36.85581],[174.76858,-36.85551],[174.76872,-36.85527],[174.76878,-36.85518],[174.76883,-36.855],[174.7689,-36.85491],[174.76895,-36.85488],[174.76882,-36.85474],[174.76877,-36.85468],[174.76872,-36.85461],[174.76869,-36.85464],[174.76854,-36.85495],[174.76851,-36.85504],[174.76841,-36.85529],[174.76831,-36.85545],[174.76827,-36.85553],[174.76818,-36.85561],[174.76811,-36.85571],[174.76802,-36.85583],[174.76806,-36.85586],[174.76811,-36.85588],[174.76811,-36.85592],[174.76808,-36.85596],[174.76808,-36.85601],[174.76775,-36.85624],[174.7678,-36.85632],[174.76779,-36.85637],[174.76778,-36.85643],[174.76774,-36.85647],[174.76768,-36.85647],[174.76766,-36.8565],[174.76762,-36.85655],[174.7676,-36.85657],[174.76763,-36.85658],[174.76767,-36.85663]]]}},{"type":"Feature","properties":{"name":"Lighter Quay","kind":"residential"},"geometry":{"type":"Polygon","coordinates":[[[174.75755,-36.84328],[174.75759,-36.84329],[174.75841,-36.84351],[174.75799,-36.84452],[174.75778,-36.84447],[174.75779,-36.84446],[174.75779,-36.84445],[174.7578,-36.84443],[174.75782,-36.84438],[174.75782,-36.84437],[174.75785,-36.8443],[174.75785,-36.84429],[174.75788,-36.84423],[174.75788,-36.84422],[174.75791,-36.84415],[174.75791,-36.84414],[174.75794,-36.84407],[174.75795,-36.84406],[174.75797,-36.84399],[174.75798,-36.84399],[174.75801,-36.84391],[174.75777,-36.84384],[174.75775,-36.84389],[174.75754,-36.84442],[174.75741,-36.84439],[174.75716,-36.84432],[174.75755,-36.84328]]]}},{"type":"Feature","properties":{"kind":"water"},"geometry":{"type":"Polygon","coordinates":[[[174.75777,-36.84451],[174.75778,-36.84447],[174.75779,-36.84446],[174.75779,-36.84445],[174.7578,-36.84443],[174.75782,-36.84438],[174.75782,-36.84437],[174.75785,-36.8443],[174.75785,-36.84429],[174.75788,-36.84423],[174.75788,-36.84422],[174.75791,-36.84415],[174.75791,-36.84414],[174.75794,-36.84407],[174.75795,-36.84406],[174.75797,-36.84399],[174.75798,-36.84399],[174.75801,-36.84391],[174.75777,-36.84384],[174.75775,-36.84389],[174.75754,-36.84442],[174.7575,-36.84452],[174.75752,-36.84452],[174.75747,-36.84462],[174.75755,-36.84465],[174.75758,-36.84465],[174.75765,-36.84467],[174.75769,-36.84459],[174.75772,-36.8446],[174.75774,-36.84458],[174.75774,-36.84456],[174.75777,-36.84457],[174.75778,-36.84457],[174.75779,-36.84457],[174.75781,-36.84458],[174.75783,-36.84453],[174.75782,-36.84452],[174.7578,-36.84452],[174.75779,-36.84452],[174.75777,-36.84451]]]}},{"type":"Feature","properties":{"name":"Westhaven Beach","kind":"park"},"geometry":{"type":"Polygon","coordinates":[[[174.74525,-36.84037],[174.74536,-36.84038],[174.74544,-36.8404],[174.74597,-36.84047],[174.74596,-36.84047],[174.74593,-36.84061],[174.74597,-36.84061],[174.74596,-36.84066],[174.74603,-36.84067],[174.74603,-36.84069],[174.74607,-36.84069],[174.74608,-36.84069],[174.74616,-36.8407],[174.74615,-36.84072],[174.7461,-36.84077],[174.74601,-36.84083],[174.74595,-36.84096],[174.74592,-36.84116],[174.74587,-36.84118],[174.7459,-36.84123],[174.74588,-36.84125],[174.74586,-36.84126],[174.74571,-36.84103],[174.74565,-36.84094],[174.74544,-36.84067],[174.74519,-36.84042],[174.7452,-36.84041],[174.74522,-36.84039],[174.74525,-36.84037]]]}},{"type":"Feature","properties":{"kind":"park"},"geometry":{"type":"Polygon","coordinates":[[[174.74635,-36.84178],[174.74711,-36.84221],[174.74705,-36.84221],[174.74705,-36.84224],[174.74705,-36.84226],[174.74705,-36.84228],[174.74696,-36.84225],[174.7468,-36.84218],[174.74664,-36.84209],[174.74647,-36.84198],[174.74632,-36.84186],[174.74619,-36.84172],[174.74627,-36.84171],[174.7463,-36.84179],[174.74633,-36.84178],[174.74635,-36.84178]]]}},{"type":"Feature","properties":{"name":"Westhaven Marine Village","kind":"retail"},"geometry":{"type":"Polygon","coordinates":[[[174.74274,-36.83607],[174.74282,-36.83604],[174.74306,-36.83608],[174.74275,-36.83723],[174.74267,-36.83722],[174.74252,-36.8372],[174.7425,-36.83719],[174.7424,-36.83707],[174.74246,-36.83662],[174.74266,-36.83623],[174.74268,-36.83619],[174.74274,-36.83607]]]}},{"type":"Feature","properties":{"kind":"grass"},"geometry":{"type":"Polygon","coordinates":[[[174.76247,-36.85263],[174.76276,-36.85286],[174.76291,-36.85273],[174.76263,-36.8525],[174.76262,-36.85254],[174.7626,-36.85256],[174.76257,-36.85257],[174.76257,-36.85256],[174.76257,-36.85255],[174.76247,-36.85263]]]}},{"type":"Feature","properties":{"kind":"forest"},"geometry":{"type":"Polygon","coordinates":[[[174.77331,-36.85087],[174.77324,-36.8507],[174.77338,-36.8507],[174.7735,-36.85071],[174.77363,-36.85054],[174.77324,-36.85038],[174.77331,-36.85021],[174.77347,-36.85025],[174.77354,-36.85039],[174.77366,-36.8504],[174.77369,-36.85029],[174.77376,-36.85027],[174.77376,-36.85035],[174.77398,-36.85037],[174.77409,-36.85049],[174.774,-36.85045],[174.77394,-36.85046],[174.77389,-36.85052],[174.77389,-36.85059],[174.77381,-36.85073],[174.77383,-36.85084],[174.77375,-36.85128],[174.77356,-36.85149],[174.77363,-36.85158],[174.7737,-36.85157],[174.77366,-36.8518],[174.77363,-36.85195],[174.77355,-36.852],[174.77346,-36.85197],[174.7734,-36.8519],[174.77342,-36.85169],[174.77348,-36.85149],[174.77349,-36.85129],[174.77341,-36.85104],[174.77331,-36.85087]]]}},{"type":"Feature","properties":{"kind":"forest"},"geometry":{"type":"Polygon","coordinates":[[[174.77293,-36.84996],[174.7731,-36.85006],[174.77305,-36.85025],[174.77318,-36.85044],[174.77307,-36.85057],[174.77306,-36.85064],[174.77261,-36.85024],[174.77293,-36.84996]]]}},{"type":"Feature","properties":{"kind":"forest"},"geometry":{"type":"Polygon","coordinates":[[[174.77548,-36.84678],[174.77545,-36.84691],[174.77562,-36.84702],[174.77562,-36.84708],[174.77569,-36.84711],[174.77579,-36.84705],[174.77579,-36.84695],[174.77574,-36.8468],[174.77562,-36.84679],[174.77548,-36.84678]]]}},{"type":"Feature","properties":{"kind":"forest"},"geometry":{"type":"Polygon","coordinates":[[[174.77002,-36.84856],[174.77003,-36.84854],[174.77,-36.84862],[174.77,-36.84864],[174.77,-36.84875],[174.77001,-36.84876],[174.77005,-36.84876],[174.77009,-36.84876],[174.77014,-36.84876],[174.77023,-36.84889],[174.77012,-36.84895],[174.77008,-36.8489],[174.76998,-36.84888],[174.76991,-36.84891],[174.76978,-36.84886],[174.76989,-36.84863],[174.76986,-36.84859],[174.77002,-36.84856]]]}},{"type":"Feature","properties":{"kind":"forest"},"geometry":{"type":"Polygon","coordinates":[[[174.77144,-36.84958],[174.77029,-36.8486],[174.77017,-36.84863],[174.77039,-36.84895],[174.77047,-36.84932],[174.77054,-36.84934],[174.77068,-36.84913],[174.77084,-36.84924],[174.77098,-36.84943],[174.77118,-36.84969],[174.77079,-36.8499],[174.77106,-36.8502],[174.77097,-36.85025],[174.7709,-36.85029],[174.77086,-36.85034],[174.77087,-36.85054],[174.77115,-36.85036],[174.77135,-36.85027],[174.7714,-36.85024],[174.77177,-36.85025],[174.77185,-36.85033],[174.77187,-36.85026],[174.77189,-36.85023],[174.77191,-36.85017],[174.77199,-36.85012],[174.77201,-36.85008],[174.77199,-36.85005],[174.77204,-36.85006],[174.77204,-36.85011],[174.77209,-36.85013],[174.77214,-36.8501],[174.77212,-36.85005],[174.77204,-36.84997],[174.77198,-36.8499],[174.77193,-36.84988],[174.7719,-36.84988],[174.77183,-36.84993],[174.77177,-36.84992],[174.77177,-36.84993],[174.77144,-36.84958]]]}},{"type":"Feature","properties":{"kind":"residential"},"geometry":{"type":"Polygon","coordinates":[[[174.76606,-36.86043],[174.76648,-36.86067],[174.76581,-36.86139],[174.7654,-36.86113],[174.76606,-36.86043]]]}},{"type":"Feature","properties":{"kind":"residential"},"geometry":{"type":"Polygon","coordinates":[[[174.74464,-36.8464],[174.74488,-36.8466],[174.74522,-36.84635],[174.74469,-36.846],[174.7443,-36.84629],[174.74436,-36.84634],[174.74442,-36.84638],[174.74454,-36.84648],[174.74464,-36.8464]]]}},{"type":"Feature","properties":{"kind":"residential"},"geometry":{"type":"Polygon","coordinates":[[[174.77244,-36.86664],[174.77221,-36.86737],[174.77189,-36.86841],[174.77131,-36.86828],[174.77154,-36.86759],[174.77158,-36.8675],[174.77163,-36.86736],[174.77184,-36.86666],[174.7715,-36.86659],[174.77157,-36.86635],[174.77236,-36.86653],[174.77244,-36.86664]]]}},{"type":"Feature","properties":{"kind":"commercial"},"geometry":{"type":"Polygon","coordinates":[[[174.77329,-36.86787],[174.77321,-36.86811],[174.77282,-36.86803],[174.77301,-36.86738],[174.77308,-36.86716],[174.77295,-36.86713],[174.77308,-36.86668],[174.77356,-36.86677],[174.77323,-36.86786],[174.77329,-36.86787]]]}},{"type":"Feature","properties":{"kind":"commercial"},"geometry":{"type":"Polygon","coordinates":[[[174.77463,-36.86868],[174.77405,-36.86855],[174.7741,-36.86838],[174.7742,-36.8684],[174.77464,-36.86701],[174.77524,-36.86714],[174.77526,-36.8672],[174.77494,-36.86825],[174.77481,-36.86862],[174.77479,-36.86871],[174.77463,-36.86868]]]}},{"type":"Feature","properties":{"kind":"commercial"},"geometry":{"type":"Polygon","coordinates":[[[174.7727,-36.86716],[174.77263,-36.86714],[174.77262,-36.86718],[174.77277,-36.86721],[174.77274,-36.86732],[174.77249,-36.86727],[174.77253,-36.86708],[174.77268,-36.8666],[174.77287,-36.86664],[174.7727,-36.86716]]]}},{"type":"Feature","properties":{"kind":"residential"},"geometry":{"type":"Polygon","coordinates":[[[174.78129,-36.86761],[174.78134,-36.86758],[174.78134,-36.8677],[174.78135,-36.86778],[174.78135,-36.86789],[174.78137,-36.86792],[174.78142,-36.86798],[174.78146,-36.86808],[174.78139,-36.86823],[174.78142,-36.86839],[174.7814,-36.8685],[174.7814,-36.86861],[174.78135,-36.8688],[174.78133,-36.86888],[174.78133,-36.86893],[174.78136,-36.86898],[174.78142,-36.86902],[174.78165,-36.86911],[174.78208,-36.86881],[174.78217,-36.86874],[174.78227,-36.86871],[174.78222,-36.86865],[174.78215,-36.86857],[174.78203,-36.86856],[174.78199,-36.86851],[174.78192,-36.86837],[174.78193,-36.86819],[174.78186,-36.86805],[174.7817,-36.868],[174.78167,-36.86791],[174.78175,-36.86777],[174.78172,-36.86767],[174.78167,-36.86761],[174.78164,-36.86755],[174.78174,-36.86739],[174.78172,-36.86722],[174.78172,-36.86715],[174.78146,-36.86713],[174.78124,-36.86729],[174.78129,-36.86761]]]}},{"type":"Feature","properties":{"kind":"residential"},"geometry":{"type":"Polygon","coordinates":[[[174.78159,-36.86601],[174.78156,-36.86594],[174.78153,-36.86586],[174.78116,-36.8656],[174.78101,-36.86584],[174.78089,-36.8661],[174.78109,-36.86624],[174.78111,-36.86629],[174.78111,-36.86632],[174.78111,-36.86636],[174.78092,-36.86651],[174.78089,-36.86655],[174.78086,-36.86662],[174.78081,-36.86667],[174.78076,-36.86669],[174.78073,-36.8667],[174.78069,-36.86671],[174.78065,-36.8667],[174.78052,-36.86684],[174.78051,-36.86688],[174.78041,-36.86705],[174.78038,-36.86718],[174.78039,-36.86734],[174.78067,-36.86734],[174.78069,-36.86722],[174.78076,-36.8671],[174.78088,-36.86692],[174.78097,-36.86684],[174.78129,-36.86663],[174.78148,-36.86657],[174.78158,-36.86648],[174.78148,-36.86611],[174.78159,-36.86601]]]}},{"type":"Feature","properties":{"kind":"residential"},"geometry":{"type":"Polygon","coordinates":[[[174.774,-36.86903],[174.77385,-36.86951],[174.7738,-36.8695],[174.7737,-36.86993],[174.77361,-36.87029],[174.77348,-36.87048],[174.7731,-36.87042],[174.77232,-36.87027],[174.77272,-36.86877],[174.774,-36.86903]]]}},{"type":"Feature","properties":{"kind":"commercial"},"geometry":{"type":"Polygon","coordinates":[[[174.74664,-36.85745],[174.74616,-36.85727],[174.74661,-36.85692],[174.74644,-36.85668],[174.74667,-36.85656],[174.74715,-36.85682],[174.74664,-36.85745]]]}},{"type":"Feature","properties":{"name":"Saint Mary's Reserve","kind":"park"},"geometry":{"type":"Polygon","coordinates":[[[174.74505,-36.84673],[174.7449,-36.84685],[174.74514,-36.84705],[174.74525,-36.84706],[174.74533,-36.84695],[174.74505,-36.84673]]]}},{"type":"Feature","properties":{"name":"Firth Concrete","kind":"industrial"},"geometry":{"type":"Polygon","coordinates":[[[174.75644,-36.83808],[174.7566,-36.8382],[174.75636,-36.83841],[174.75619,-36.83829],[174.75624,-36.83825],[174.75607,-36.83813],[174.75609,-36.83812],[174.7561,-36.8381],[174.75611,-36.83811],[174.75612,-36.83812],[174.75627,-36.83823],[174.75644,-36.83808]]]}},{"type":"Feature","properties":{"kind":"residential"},"geometry":{"type":"Polygon","coordinates":[[[174.74735,-36.86674],[174.74744,-36.86721],[174.74779,-36.86708],[174.74771,-36.86691],[174.74807,-36.86677],[174.74794,-36.86653],[174.74788,-36.86656],[174.74735,-36.86674]]]}},{"type":"Feature","properties":{"name":"Tahaki Reserve","kind":"park"},"geometry":{"type":"Polygon","coordinates":[[[174.7623,-36.87439],[174.76229,-36.87429],[174.76229,-36.87416],[174.76229,-36.87405],[174.76227,-36.87335],[174.76215,-36.87285],[174.76215,-36.87267],[174.76221,-36.87247],[174.76232,-36.87218],[174.76233,-36.87215],[174.7625,-36.87207],[174.76282,-36.87192],[174.76297,-36.87186],[174.76332,-36.8717],[174.76338,-36.87166],[174.76342,-36.87164],[174.76348,-36.87164],[174.76361,-36.8717],[174.76383,-36.87179],[174.76419,-36.87193],[174.76473,-36.8721],[174.76482,-36.87214],[174.76488,-36.87219],[174.76498,-36.87228],[174.7652,-36.87262],[174.76526,-36.8727],[174.76533,-36.87276],[174.7654,-36.87281],[174.76551,-36.87287],[174.76547,-36.87288],[174.76521,-36.87285],[174.7649,-36.87297],[174.76451,-36.87304],[174.76447,-36.87305],[174.76444,-36.87305],[174.76442,-36.87306],[174.76434,-36.8731],[174.76428,-36.87314],[174.76423,-36.8732],[174.76414,-36.87336],[174.76404,-36.87349],[174.76397,-36.87353],[174.7638,-36.87362],[174.76354,-36.87371],[174.76313,-36.8739],[174.76305,-36.87393],[174.763,-36.87396],[174.76262,-36.87418],[174.76244,-36.87436],[174.76241,-36.87441],[174.76235,-36.87444],[174.7623,-36.87443],[174.7623,-36.87439]]]}},{"type":"Feature","properties":{"name":"Edenvale Park","kind":"park"},"geometry":{"type":"Polygon","coordinates":[[[174.75649,-36.87031],[174.75689,-36.87053],[174.75687,-36.87055],[174.75647,-36.87033],[174.75624,-36.8706],[174.7561,-36.87053],[174.756,-36.87066],[174.75614,-36.87073],[174.75597,-36.87095],[174.75557,-36.87078],[174.7558,-36.8705],[174.75544,-36.8703],[174.756,-36.86997],[174.75587,-36.86984],[174.75607,-36.86976],[174.75615,-36.86995],[174.7562,-36.86999],[174.75637,-36.86992],[174.75642,-36.86993],[174.75658,-36.86996],[174.75663,-36.87008],[174.75658,-36.87021],[174.75649,-36.87031]]]}},{"type":"Feature","properties":{"kind":"commercial"},"geometry":{"type":"Polygon","coordinates":[[[174.76336,-36.86857],[174.76352,-36.86827],[174.76358,-36.86814],[174.76363,-36.86803],[174.76354,-36.86776],[174.76272,-36.86815],[174.76245,-36.86828],[174.76231,-36.86833],[174.76229,-36.86837],[174.76253,-36.86834],[174.76336,-36.86857]]]}},{"type":"Feature","properties":{"kind":"commercial"},"geometry":{"type":"Polygon","coordinates":[[[174.76329,-36.867],[174.76332,-36.86692],[174.76338,-36.86674],[174.76335,-36.86672],[174.76371,-36.86562],[174.76295,-36.86546],[174.76302,-36.86523],[174.76379,-36.86538],[174.76398,-36.86479],[174.76395,-36.86474],[174.76333,-36.86462],[174.7632,-36.86502],[174.76309,-36.86499],[174.76293,-36.8655],[174.76242,-36.8654],[174.76201,-36.86666],[174.76192,-36.86701],[174.76195,-36.86707],[174.76198,-36.86709],[174.76201,-36.8671],[174.76314,-36.86712],[174.76322,-36.86708],[174.76327,-36.86705],[174.76329,-36.867]]]}},{"type":"Feature","properties":{"kind":"commercial"},"geometry":{"type":"Polygon","coordinates":[[[174.75854,-36.86587],[174.75873,-36.86534],[174.7591,-36.86542],[174.75919,-36.86514],[174.75944,-36.86519],[174.76007,-36.86533],[174.76009,-36.86535],[174.75981,-36.86557],[174.75962,-36.86541],[174.75949,-36.86542],[174.75967,-36.86565],[174.75953,-36.86571],[174.75938,-36.86544],[174.75912,-36.86549],[174.75923,-36.86583],[174.75909,-36.86584],[174.75854,-36.86587]]]}},{"type":"Feature","properties":{"kind":"residential"},"geometry":{"type":"Polygon","coordinates":[[[174.75512,-36.86955],[174.75514,-36.86952],[174.75504,-36.86938],[174.75486,-36.86946],[174.75496,-36.86959],[174.7548,-36.86968],[174.75422,-36.86923],[174.75335,-36.86939],[174.75334,-36.8694],[174.75361,-36.86946],[174.75351,-36.86972],[174.7545,-36.86968],[174.75493,-36.87004],[174.75515,-36.86988],[174.75535,-36.86981],[174.75513,-36.86961],[174.75512,-36.86958],[174.75512,-36.86955]]]}},{"type":"Feature","properties":{"kind":"residential"},"geometry":{"type":"Polygon","coordinates":[[[174.75596,-36.86498],[174.75681,-36.86583],[174.75731,-36.86565],[174.75715,-36.86536],[174.75695,-36.86543],[174.75629,-36.86478],[174.75596,-36.86498]]]}},{"type":"Feature","properties":{"kind":"commercial"},"geometry":{"type":"Polygon","coordinates":[[[174.7586,-36.86808],[174.75856,-36.86856],[174.75777,-36.86852],[174.75778,-36.86831],[174.75736,-36.8685],[174.75654,-36.86887],[174.75647,-36.86876],[174.7565,-36.86874],[174.75634,-36.8685],[174.7567,-36.86836],[174.75672,-36.86838],[174.75695,-36.86829],[174.75707,-36.86827],[174.75726,-36.86823],[174.75738,-36.8682],[174.75759,-36.86811],[174.75758,-36.86808],[174.75765,-36.86807],[174.7577,-36.86806],[174.75801,-36.86808],[174.75802,-36.86807],[174.75855,-36.86809],[174.7586,-36.86808]]]}},{"type":"Feature","properties":{"kind":"residential"},"geometry":{"type":"Polygon","coordinates":[[[174.7555,-36.87269],[174.7555,-36.87267],[174.75601,-36.87201],[174.75704,-36.87223],[174.75706,-36.87216],[174.75607,-36.87194],[174.75652,-36.87134],[174.75816,-36.87165],[174.75894,-36.87181],[174.75902,-36.87183],[174.75955,-36.87021],[174.75957,-36.87019],[174.7596,-36.87018],[174.76037,-36.87032],[174.76042,-36.87035],[174.76052,-36.87047],[174.76082,-36.87078],[174.76005,-36.87258],[174.75944,-36.87244],[174.75933,-36.87276],[174.75877,-36.87262],[174.75871,-36.87279],[174.75854,-36.8733],[174.75707,-36.87301],[174.7555,-36.87269]]]}},{"type":"Feature","properties":{"kind":"residential"},"geometry":{"type":"Polygon","coordinates":[[[174.75649,-36.87031],[174.75689,-36.87053],[174.75701,-36.87037],[174.75706,-36.87031],[174.75708,-36.87024],[174.75704,-36.87001],[174.75702,-36.86988],[174.75698,-36.8698],[174.75676,-36.86952],[174.75607,-36.86976],[174.75615,-36.86995],[174.7562,-36.86999],[174.75637,-36.86992],[174.75642,-36.86993],[174.75658,-36.86996],[174.75663,-36.87008],[174.75658,-36.87021],[174.75649,-36.87031]]]}},{"type":"Feature","properties":{"kind":"residential"},"geometry":{"type":"Polygon","coordinates":[[[174.75328,-36.87021],[174.75345,-36.87024],[174.75357,-36.86991],[174.75443,-36.86986],[174.75449,-36.86987],[174.75498,-36.87026],[174.75534,-36.87001],[174.75587,-36.86984],[174.756,-36.86997],[174.75544,-36.8703],[174.7558,-36.8705],[174.75557,-36.87078],[174.75532,-36.87067],[174.75526,-36.87075],[174.75633,-36.87126],[174.75528,-36.87264],[174.75408,-36.8724],[174.75442,-36.8714],[174.7542,-36.87136],[174.75387,-36.87235],[174.75273,-36.87212],[174.75273,-36.87211],[174.75282,-36.87184],[174.75296,-36.87187],[174.75302,-36.87173],[174.75316,-36.87175],[174.75316,-36.87173],[174.75364,-36.87183],[174.7538,-36.87135],[174.75382,-36.87129],[174.75378,-36.87127],[174.75388,-36.871],[174.75391,-36.87089],[174.75448,-36.87101],[174.75454,-36.87083],[174.75316,-36.87053],[174.75328,-36.87021]]]}},{"type":"Feature","properties":{"kind":"commercial"},"geometry":{"type":"Polygon","coordinates":[[[174.76003,-36.86635],[174.75991,-36.86619],[174.75965,-36.86587],[174.75984,-36.86576],[174.76003,-36.86562],[174.76049,-36.86607],[174.76003,-36.86635]]]}},{"type":"Feature","properties":{"kind":"residential"},"geometry":{"type":"Polygon","coordinates":[[[174.76887,-36.87254],[174.76868,-36.87214],[174.76864,-36.87195],[174.7686,-36.8715],[174.76944,-36.87139],[174.76963,-36.87129],[174.76983,-36.87111],[174.76997,-36.87081],[174.77001,-36.87078],[174.77005,-36.87075],[174.77007,-36.87072],[174.77006,-36.87067],[174.77001,-36.87064],[174.76996,-36.87063],[174.7699,-36.87062],[174.76985,-36.87064],[174.76982,-36.87068],[174.76983,-36.87072],[174.76985,-36.87079],[174.76975,-36.87103],[174.76959,-36.87119],[174.76947,-36.87125],[174.76932,-36.87129],[174.76858,-36.87137],[174.76855,-36.87101],[174.76852,-36.87073],[174.76852,-36.87064],[174.76857,-36.87047],[174.76879,-36.87019],[174.76931,-36.86963],[174.76961,-36.8693],[174.7697,-36.86913],[174.76977,-36.86886],[174.77121,-36.87001],[174.77088,-36.8703],[174.77075,-36.87085],[174.77096,-36.87089],[174.77109,-36.87039],[174.77116,-36.87032],[174.77152,-36.87038],[174.77195,-36.87079],[174.77185,-36.87123],[174.77182,-36.87166],[174.7718,-36.87189],[174.77177,-36.87204],[174.77161,-36.87232],[174.77156,-36.87235],[174.77016,-36.87213],[174.76887,-36.87254]]]}},{"type":"Feature","properties":{"kind":"residential"},"geometry":{"type":"Polygon","coordinates":[[[174.76298,-36.87085],[174.76264,-36.8705],[174.76198,-36.86983],[174.76229,-36.86921],[174.76262,-36.86931],[174.76279,-36.86895],[174.7634,-36.86915],[174.76322,-36.86951],[174.76328,-36.86952],[174.76311,-36.86985],[174.76333,-36.86993],[174.76328,-36.87002],[174.76318,-36.87022],[174.76327,-36.87025],[174.76298,-36.87085]]]}},{"type":"Feature","properties":{"kind":"commercial"},"geometry":{"type":"Polygon","coordinates":[[[174.75625,-36.86574],[174.75544,-36.86491],[174.75538,-36.86491],[174.75516,-36.86504],[174.75499,-36.86532],[174.7557,-36.86607],[174.75625,-36.86574]]]}},{"type":"Feature","properties":{"kind":"commercial"},"geometry":{"type":"Polygon","coordinates":[[[174.75854,-36.867],[174.75798,-36.86621],[174.75828,-36.8661],[174.75838,-36.86607],[174.75863,-36.86606],[174.7587,-36.86615],[174.75911,-36.86675],[174.75854,-36.867]]]}},{"type":"Feature","properties":{"name":"Mountview Village","kind":"residential"},"geometry":{"type":"Polygon","coordinates":[[[174.76151,-36.86963],[174.76186,-36.86975],[174.76234,-36.8688],[174.7619,-36.86867],[174.76133,-36.86874],[174.76151,-36.86963]]]}},{"type":"Feature","properties":{"kind":"commercial"},"geometry":{"type":"Polygon","coordinates":[[[174.75422,-36.86923],[174.75462,-36.8691],[174.75464,-36.86913],[174.7547,-36.86919],[174.75609,-36.86862],[174.75613,-36.86863],[174.75633,-36.86895],[174.75634,-36.86897],[174.75514,-36.86952],[174.75504,-36.86938],[174.75486,-36.86946],[174.75496,-36.86959],[174.7548,-36.86968],[174.75422,-36.86923]]]}},{"type":"Feature","properties":{"kind":"residential"},"geometry":{"type":"Polygon","coordinates":[[[174.75923,-36.86583],[174.75912,-36.86549],[174.75938,-36.86544],[174.75953,-36.86571],[174.75949,-36.86574],[174.75933,-36.86579],[174.75923,-36.86583]]]}},{"type":"Feature","properties":{"kind":"commercial"},"geometry":{"type":"Polygon","coordinates":[[[174.75926,-36.8667],[174.75908,-36.86643],[174.759,-36.86633],[174.75887,-36.86612],[174.75884,-36.86608],[174.75881,-36.86604],[174.75917,-36.86601],[174.75941,-36.86596],[174.75952,-36.86593],[174.75988,-36.86642],[174.75926,-36.8667]]]}},{"type":"Feature","properties":{"kind":"commercial"},"geometry":{"type":"Polygon","coordinates":[[[174.76039,-36.86971],[174.76037,-36.86957],[174.76039,-36.86951],[174.76055,-36.8692],[174.76057,-36.86921],[174.76076,-36.86883],[174.76082,-36.86881],[174.76112,-36.86877],[174.76118,-36.86879],[174.7612,-36.86892],[174.76134,-36.86961],[174.76107,-36.86965],[174.761,-36.86965],[174.76064,-36.86969],[174.76041,-36.86971],[174.76039,-36.86971]]]}},{"type":"Feature","properties":{"kind":"commercial"},"geometry":{"type":"Polygon","coordinates":[[[174.76079,-36.86677],[174.76062,-36.86653],[174.76059,-36.86649],[174.76031,-36.86662],[174.76033,-36.86655],[174.76031,-36.86652],[174.76021,-36.86641],[174.76103,-36.86586],[174.76105,-36.86585],[174.76107,-36.86584],[174.76109,-36.86584],[174.76112,-36.86585],[174.76115,-36.86586],[174.76118,-36.86589],[174.7613,-36.86604],[174.76145,-36.86634],[174.76151,-36.86649],[174.76122,-36.86663],[174.76119,-36.8666],[174.76096,-36.8667],[174.76079,-36.86677]]]}},{"type":"Feature","properties":{"kind":"residential"},"geometry":{"type":"Polygon","coordinates":[[[174.75702,-36.86633],[174.75733,-36.86613],[174.75755,-36.86605],[174.75731,-36.86565],[174.75681,-36.86583],[174.75596,-36.86498],[174.7558,-36.86509],[174.75702,-36.86633]]]}},{"type":"Feature","properties":{"kind":"commercial"},"geometry":{"type":"Polygon","coordinates":[[[174.76137,-36.87056],[174.76105,-36.87027],[174.76114,-36.8702],[174.7609,-36.86995],[174.76089,-36.86987],[174.76088,-36.86976],[174.76136,-36.86971],[174.76179,-36.86985],[174.76206,-36.87013],[174.76137,-36.87056]]]}},{"type":"Feature","properties":{"kind":"commercial"},"geometry":{"type":"Polygon","coordinates":[[[174.76115,-36.87081],[174.76132,-36.8707],[174.76143,-36.87063],[174.76154,-36.87057],[174.76168,-36.8707],[174.76174,-36.87076],[174.76183,-36.87085],[174.76197,-36.87076],[174.76198,-36.87076],[174.76244,-36.87125],[174.76264,-36.87145],[174.76265,-36.87147],[174.76281,-36.87138],[174.76291,-36.87146],[174.76312,-36.87167],[174.76233,-36.87198],[174.76227,-36.87197],[174.76214,-36.87183],[174.76204,-36.87172],[174.76162,-36.87129],[174.76147,-36.87114],[174.76129,-36.87096],[174.76123,-36.87089],[174.76122,-36.87088],[174.76115,-36.87081]]]}},{"type":"Feature","properties":{"kind":"commercial"},"geometry":{"type":"Polygon","coordinates":[[[174.76162,-36.86613],[174.76198,-36.86621],[174.7621,-36.86581],[174.76157,-36.86568],[174.76163,-36.86545],[174.76126,-36.86536],[174.76108,-36.86548],[174.76148,-36.86586],[174.76155,-36.86596],[174.76162,-36.86613]]]}},{"type":"Feature","properties":{"kind":"commercial"},"geometry":{"type":"Polygon","coordinates":[[[174.76509,-36.86598],[174.76493,-36.8665],[174.76415,-36.86635],[174.76423,-36.8661],[174.76379,-36.86601],[174.76352,-36.86686],[174.76353,-36.86694],[174.76356,-36.86702],[174.7636,-36.86707],[174.76365,-36.8671],[174.76374,-36.86715],[174.76381,-36.86715],[174.76386,-36.86714],[174.76423,-36.86702],[174.76444,-36.86695],[174.76596,-36.86648],[174.76587,-36.86622],[174.76589,-36.86616],[174.76509,-36.86598]]]}},{"type":"Feature","properties":{"kind":"commercial"},"geometry":{"type":"Polygon","coordinates":[[[174.75513,-36.86752],[174.75545,-36.86742],[174.75555,-36.86749],[174.75596,-36.86732],[174.75553,-36.8669],[174.75605,-36.86655],[174.75563,-36.86614],[174.75533,-36.86585],[174.75479,-36.86618],[174.75475,-36.86621],[174.75474,-36.86623],[174.75453,-36.8669],[174.75454,-36.86695],[174.75457,-36.86699],[174.755,-36.86736],[174.75513,-36.86752]]]}},{"type":"Feature","properties":{"kind":"commercial"},"geometry":{"type":"Polygon","coordinates":[[[174.76612,-36.86644],[174.76604,-36.8662],[174.76642,-36.86527],[174.76703,-36.86541],[174.76684,-36.86598],[174.76693,-36.86625],[174.76612,-36.86644]]]}},{"type":"Feature","properties":{"kind":"commercial"},"geometry":{"type":"Polygon","coordinates":[[[174.77128,-36.86729],[174.77159,-36.86735],[174.77163,-36.86736],[174.77184,-36.86666],[174.7715,-36.86659],[174.77157,-36.86635],[174.77059,-36.86615],[174.77044,-36.86662],[174.77073,-36.86668],[174.77098,-36.86677],[174.77091,-36.867],[174.77035,-36.86689],[174.77026,-36.86718],[174.77029,-36.86722],[174.77087,-36.86735],[174.77105,-36.8668],[174.77115,-36.86683],[174.77113,-36.8669],[174.77139,-36.86695],[174.77128,-36.86729]]]}},{"type":"Feature","properties":{"kind":"commercial"},"geometry":{"type":"Polygon","coordinates":[[[174.75229,-36.8697],[174.75196,-36.87059],[174.75224,-36.87065],[174.75236,-36.87033],[174.75253,-36.87037],[174.75254,-36.87041],[174.75268,-36.87044],[174.75273,-36.87017],[174.75272,-36.87004],[174.75271,-36.86991],[174.75266,-36.86977],[174.75252,-36.86975],[174.75229,-36.8697]]]}},{"type":"Feature","properties":{"kind":"commercial"},"geometry":{"type":"Polygon","coordinates":[[[174.75182,-36.87056],[174.75082,-36.87035],[174.7508,-36.87028],[174.75071,-36.86982],[174.75218,-36.86958],[174.75182,-36.87056]]]}},{"type":"Feature","properties":{"kind":"commercial"},"geometry":{"type":"Polygon","coordinates":[[[174.75859,-36.85141],[174.75901,-36.85153],[174.75887,-36.85183],[174.75877,-36.85181],[174.75872,-36.85193],[174.75911,-36.85204],[174.75929,-36.85161],[174.75963,-36.8517],[174.75967,-36.85175],[174.75968,-36.85179],[174.75937,-36.85226],[174.75889,-36.85206],[174.75883,-36.85204],[174.7588,-36.85207],[174.75834,-36.85193],[174.75842,-36.85176],[174.75845,-36.85177],[174.75859,-36.85141]]]}},{"type":"Feature","properties":{"kind":"grass"},"geometry":{"type":"Polygon","coordinates":[[[174.75849,-36.85096],[174.75841,-36.85094],[174.7587,-36.85028],[174.75871,-36.85027],[174.75887,-36.8499],[174.7589,-36.84991],[174.75905,-36.84957],[174.75909,-36.84949],[174.75899,-36.84947],[174.759,-36.84945],[174.7591,-36.84948],[174.75912,-36.84948],[174.75912,-36.84949],[174.75912,-36.8495],[174.75849,-36.85096]]]}},{"type":"Feature","properties":{"kind":"grass"},"geometry":{"type":"Polygon","coordinates":[[[174.75396,-36.84975],[174.75402,-36.84975],[174.7541,-36.84974],[174.75411,-36.84977],[174.75422,-36.84975],[174.75428,-36.84996],[174.75433,-36.84995],[174.75434,-36.84999],[174.75442,-36.84998],[174.75442,-36.84997],[174.75447,-36.84996],[174.75441,-36.84974],[174.75434,-36.84975],[174.75433,-36.8497],[174.75434,-36.8497],[174.75435,-36.84973],[174.75448,-36.84971],[174.75447,-36.84967],[174.75453,-36.84966],[174.75448,-36.84973],[174.75446,-36.84978],[174.75445,-36.84984],[174.75447,-36.84992],[174.75451,-36.84999],[174.75458,-36.85007],[174.75459,-36.85009],[174.75441,-36.85003],[174.75427,-36.84998],[174.75416,-36.84991],[174.75401,-36.84981],[174.75396,-36.84975]]]}},{"type":"Feature","properties":{"kind":"grass"},"geometry":{"type":"Polygon","coordinates":[[[174.75446,-36.85045],[174.75441,-36.85039],[174.75441,-36.85036],[174.75451,-36.85023],[174.7543,-36.85015],[174.75427,-36.85018],[174.75423,-36.85018],[174.75417,-36.8501],[174.75411,-36.85013],[174.75405,-36.85007],[174.75398,-36.85005],[174.7539,-36.85004],[174.75383,-36.85004],[174.75378,-36.85005],[174.75377,-36.85005],[174.75364,-36.8497],[174.75365,-36.8497],[174.75369,-36.84975],[174.75378,-36.84983],[174.75392,-36.84993],[174.75408,-36.85001],[174.75429,-36.8501],[174.75461,-36.8502],[174.75457,-36.85022],[174.75454,-36.85026],[174.7545,-36.85032],[174.75448,-36.85043],[174.75446,-36.85045]]]}},{"type":"Feature","properties":{"kind":"grass"},"geometry":{"type":"Polygon","coordinates":[[[174.7567,-36.85011],[174.75669,-36.85013],[174.75667,-36.85015],[174.75652,-36.85058],[174.75681,-36.85065],[174.75679,-36.85058],[174.75678,-36.85056],[174.75677,-36.85054],[174.75677,-36.85052],[174.75676,-36.85049],[174.75675,-36.85047],[174.75674,-36.85039],[174.75674,-36.85038],[174.75673,-36.85033],[174.75672,-36.85025],[174.7567,-36.85011]]]}},{"type":"Feature","properties":{"kind":"grass"},"geometry":{"type":"Polygon","coordinates":[[[174.75511,-36.85042],[174.75492,-36.85038],[174.75478,-36.85038],[174.75468,-36.85041],[174.75461,-36.85047],[174.75456,-36.85053],[174.75456,-36.85059],[174.75456,-36.85063],[174.75459,-36.85067],[174.75472,-36.85084],[174.7547,-36.85088],[174.75472,-36.85089],[174.75475,-36.85088],[174.7548,-36.85086],[174.75485,-36.85085],[174.75461,-36.85056],[174.75497,-36.85041],[174.75505,-36.85042],[174.75535,-36.8505],[174.75535,-36.85049],[174.75531,-36.85048],[174.75511,-36.85042]]]}},{"type":"Feature","properties":{"kind":"commercial"},"geometry":{"type":"Polygon","coordinates":[[[174.75471,-36.85037],[174.75481,-36.85035],[174.75493,-36.85034],[174.75533,-36.85043],[174.75544,-36.85048],[174.75558,-36.85056],[174.75574,-36.85061],[174.75583,-36.8506],[174.75588,-36.85063],[174.75591,-36.85068],[174.75589,-36.85074],[174.75586,-36.85081],[174.75578,-36.85092],[174.75568,-36.85099],[174.75555,-36.85108],[174.75537,-36.85118],[174.75523,-36.85127],[174.75511,-36.8513],[174.75502,-36.85129],[174.75456,-36.85071],[174.75452,-36.85062],[174.75453,-36.85056],[174.75454,-36.85049],[174.75458,-36.85044],[174.75463,-36.85039],[174.75471,-36.85037]]]}},{"type":"Feature","properties":{"kind":"residential"},"geometry":{"type":"Polygon","coordinates":[[[174.74844,-36.87165],[174.7491,-36.87229],[174.74931,-36.87215],[174.74965,-36.872],[174.74977,-36.87197],[174.74976,-36.87195],[174.74976,-36.87194],[174.74971,-36.87191],[174.74969,-36.8719],[174.74972,-36.87188],[174.7498,-36.87183],[174.74984,-36.87183],[174.75001,-36.87186],[174.75028,-36.87108],[174.74931,-36.87086],[174.74933,-36.87079],[174.74937,-36.87078],[174.74941,-36.87078],[174.74949,-36.87081],[174.74963,-36.87083],[174.74965,-36.87079],[174.74994,-36.87085],[174.75,-36.8707],[174.75002,-36.87064],[174.74975,-36.87057],[174.74977,-36.87051],[174.75008,-36.87003],[174.74999,-36.87008],[174.74989,-36.87015],[174.74964,-36.87033],[174.74941,-36.87054],[174.74896,-36.87096],[174.74836,-36.87152],[174.74844,-36.87165]]]}},{"type":"Feature","properties":{"kind":"residential"},"geometry":{"type":"Polygon","coordinates":[[[174.7507,-36.86852],[174.75057,-36.86855],[174.75048,-36.86832],[174.75084,-36.86822],[174.75087,-36.86822],[174.75096,-36.86845],[174.75083,-36.86848],[174.7508,-36.86842],[174.75067,-36.86845],[174.7507,-36.86852]]]}},{"type":"Feature","properties":{"kind":"residential"},"geometry":{"type":"Polygon","coordinates":[[[174.74303,-36.86641],[174.74389,-36.86802],[174.744,-36.86798],[174.74411,-36.86819],[174.74399,-36.86827],[174.74381,-36.86831],[174.74371,-36.86822],[174.74354,-36.86825],[174.74284,-36.86685],[174.74267,-36.86653],[174.74303,-36.86641]]]}},{"type":"Feature","properties":{"kind":"retail"},"geometry":{"type":"Polygon","coordinates":[[[174.76192,-36.85842],[174.76198,-36.85832],[174.76214,-36.85803],[174.76152,-36.85804],[174.76149,-36.85805],[174.76148,-36.85807],[174.76141,-36.85826],[174.76192,-36.85842]]]}},{"type":"Feature","properties":{"kind":"residential"},"geometry":{"type":"Polygon","coordinates":[[[174.7618,-36.85867],[174.76128,-36.85853],[174.76102,-36.85907],[174.76146,-36.85921],[174.76161,-36.85899],[174.76169,-36.85887],[174.7618,-36.85867]]]}},{"type":"Feature","properties":{"kind":"commercial"},"geometry":{"type":"Polygon","coordinates":[[[174.75742,-36.86537],[174.7578,-36.86601],[174.75839,-36.8658],[174.75859,-36.86522],[174.75856,-36.86521],[174.75852,-36.8652],[174.75842,-36.86517],[174.75832,-36.86515],[174.7583,-36.86514],[174.75826,-36.86513],[174.75817,-36.86511],[174.75813,-36.8652],[174.75788,-36.86515],[174.7579,-36.86519],[174.75742,-36.86537]]]}},{"type":"Feature","properties":{"kind":"residential"},"geometry":{"type":"Polygon","coordinates":[[[174.76188,-36.87246],[174.76196,-36.87216],[174.7616,-36.87208],[174.76172,-36.87195],[174.76188,-36.87185],[174.76121,-36.87117],[174.76107,-36.87142],[174.76083,-36.87132],[174.76039,-36.87234],[174.76092,-36.87246],[174.76093,-36.87246],[174.76188,-36.87246]]]}},{"type":"Feature","properties":{"kind":"commercial"},"geometry":{"type":"Polygon","coordinates":[[[174.76263,-36.86756],[174.76234,-36.86747],[174.76231,-36.86755],[174.76223,-36.86753],[174.7622,-36.8676],[174.7617,-36.86745],[174.76178,-36.86736],[174.76176,-36.86735],[174.7618,-36.86731],[174.76184,-36.86727],[174.76191,-36.86727],[174.76203,-36.86728],[174.76276,-36.86729],[174.76263,-36.86756]]]}},{"type":"Feature","properties":{"kind":"residential"},"geometry":{"type":"Polygon","coordinates":[[[174.75733,-36.8703],[174.75928,-36.87071],[174.75896,-36.87167],[174.75661,-36.87123],[174.75698,-36.87074],[174.75727,-36.87035],[174.75733,-36.8703]]]}},{"type":"Feature","properties":{"kind":"commercial"},"geometry":{"type":"Polygon","coordinates":[[[174.76443,-36.86963],[174.7645,-36.86938],[174.76452,-36.8692],[174.76454,-36.86909],[174.76458,-36.86901],[174.76453,-36.86884],[174.76442,-36.86867],[174.76445,-36.86866],[174.7639,-36.86797],[174.76387,-36.86786],[174.76467,-36.86765],[174.76472,-36.86772],[174.76473,-36.86771],[174.76529,-36.86843],[174.76583,-36.86837],[174.76586,-36.86852],[174.76607,-36.86945],[174.7656,-36.8695],[174.76562,-36.8696],[174.76495,-36.86967],[174.76493,-36.86957],[174.76443,-36.86963]]]}},{"type":"Feature","properties":{"kind":"retail"},"geometry":{"type":"Polygon","coordinates":[[[174.76122,-36.86797],[174.76164,-36.86752],[174.76173,-36.86754],[174.76148,-36.86806],[174.76122,-36.86797]]]}},{"type":"Feature","properties":{"kind":"commercial"},"geometry":{"type":"Polygon","coordinates":[[[174.76173,-36.86754],[174.76226,-36.8677],[174.76213,-36.86795],[174.76181,-36.86786],[174.76167,-36.86812],[174.76148,-36.86806],[174.76173,-36.86754]]]}},{"type":"Feature","properties":{"kind":"retail"},"geometry":{"type":"Polygon","coordinates":[[[174.76083,-36.87132],[174.76099,-36.87096],[174.76101,-36.87095],[174.76121,-36.87117],[174.76107,-36.87142],[174.76083,-36.87132]]]}},{"type":"Feature","properties":{"kind":"residential"},"geometry":{"type":"Polygon","coordinates":[[[174.7657,-36.87278],[174.76757,-36.87208],[174.76705,-36.87166],[174.76682,-36.87152],[174.76665,-36.87145],[174.76611,-36.87201],[174.7661,-36.87211],[174.76549,-36.8727],[174.76566,-36.87279],[174.7657,-36.87278]]]}},{"type":"Feature","properties":{"kind":"retail"},"geometry":{"type":"Polygon","coordinates":[[[174.76828,-36.86526],[174.76821,-36.86548],[174.76886,-36.86561],[174.76892,-36.8654],[174.76865,-36.86535],[174.76868,-36.86524],[174.76854,-36.86521],[174.76851,-36.86531],[174.76828,-36.86526]]]}},{"type":"Feature","properties":{"kind":"residential"},"geometry":{"type":"Polygon","coordinates":[[[174.76009,-36.87016],[174.75951,-36.87004],[174.75943,-36.87003],[174.75942,-36.87005],[174.75837,-36.86987],[174.75835,-36.86993],[174.75946,-36.87013],[174.7593,-36.87063],[174.75728,-36.8702],[174.75722,-36.8697],[174.75837,-36.86956],[174.75848,-36.86948],[174.75853,-36.86933],[174.75855,-36.8693],[174.7586,-36.86924],[174.75863,-36.86922],[174.75978,-36.86927],[174.75976,-36.86944],[174.75979,-36.86949],[174.76014,-36.86951],[174.76016,-36.86975],[174.76023,-36.87008],[174.76012,-36.87005],[174.76009,-36.87016]]]}},{"type":"Feature","properties":{"kind":"residential"},"geometry":{"type":"Polygon","coordinates":[[[174.7571,-36.86961],[174.75654,-36.86887],[174.75736,-36.8685],[174.75742,-36.86907],[174.75774,-36.86909],[174.75776,-36.8687],[174.75985,-36.86881],[174.76032,-36.86877],[174.7605,-36.86883],[174.76048,-36.86885],[174.76029,-36.86922],[174.75858,-36.86914],[174.75848,-36.8692],[174.75845,-36.86924],[174.75843,-36.86929],[174.75835,-36.86942],[174.75832,-36.86946],[174.75827,-36.86948],[174.75822,-36.86949],[174.75818,-36.86949],[174.75716,-36.86961],[174.7571,-36.86961]]]}},{"type":"Feature","properties":{"kind":"residential"},"geometry":{"type":"Polygon","coordinates":[[[174.75605,-36.86815],[174.75611,-36.86826],[174.75613,-36.86828],[174.75689,-36.86795],[174.75734,-36.86776],[174.7573,-36.8677],[174.75728,-36.86772],[174.75722,-36.86763],[174.75664,-36.86791],[174.75662,-36.86786],[174.75642,-36.86796],[174.75605,-36.86815]]]}},{"type":"Feature","properties":{"kind":"commercial"},"geometry":{"type":"Polygon","coordinates":[[[174.75588,-36.86786],[174.75607,-36.86778],[174.75619,-36.8677],[174.75632,-36.86781],[174.75639,-36.86776],[174.75612,-36.8675],[174.7568,-36.86705],[174.75687,-36.86713],[174.75706,-36.86739],[174.75722,-36.86763],[174.75664,-36.86791],[174.75662,-36.86786],[174.75642,-36.86796],[174.75605,-36.86815],[174.75599,-36.86803],[174.75588,-36.86786]]]}},{"type":"Feature","properties":{"kind":"residential"},"geometry":{"type":"Polygon","coordinates":[[[174.75559,-36.86973],[174.75664,-36.86936],[174.75634,-36.86897],[174.75589,-36.86917],[174.75524,-36.86947],[174.75559,-36.86973]]]}},{"type":"Feature","properties":{"kind":"residential"},"geometry":{"type":"Polygon","coordinates":[[[174.77985,-36.86907],[174.77985,-36.86905],[174.7798,-36.86897],[174.77976,-36.86887],[174.77974,-36.86872],[174.77989,-36.86809],[174.78021,-36.86754],[174.78027,-36.8675],[174.78029,-36.86746],[174.78028,-36.86713],[174.78033,-36.86701],[174.78046,-36.86682],[174.78062,-36.86668],[174.78061,-36.86666],[174.78059,-36.86664],[174.78059,-36.8666],[174.7806,-36.86656],[174.78062,-36.86653],[174.78065,-36.86651],[174.78069,-36.8665],[174.78074,-36.86648],[174.78077,-36.86648],[174.7808,-36.86647],[174.78101,-36.86628],[174.78066,-36.86603],[174.78004,-36.86682],[174.77954,-36.86774],[174.77916,-36.8691],[174.77923,-36.86911],[174.77921,-36.8692],[174.77923,-36.8692],[174.77927,-36.8692],[174.77928,-36.86924],[174.77943,-36.86928],[174.77948,-36.86929],[174.77954,-36.86928],[174.77959,-36.86927],[174.77965,-36.86923],[174.77972,-36.86919],[174.77985,-36.86907]]]}},{"type":"Feature","properties":{"kind":"residential"},"geometry":{"type":"Polygon","coordinates":[[[174.77907,-36.86942],[174.77883,-36.87043],[174.77898,-36.87051],[174.77916,-36.87039],[174.7795,-36.87068],[174.77994,-36.87038],[174.78004,-36.8703],[174.78002,-36.87019],[174.77996,-36.87011],[174.7796,-36.86975],[174.77927,-36.86944],[174.77919,-36.86942],[174.7791,-36.86942],[174.77907,-36.86942]]]}},{"type":"Feature","properties":{"kind":"residential"},"geometry":{"type":"Polygon","coordinates":[[[174.77965,-36.86927],[174.77954,-36.86932],[174.77946,-36.86934],[174.77935,-36.86939],[174.77971,-36.86971],[174.78016,-36.87016],[174.78023,-36.87017],[174.78074,-36.86977],[174.78014,-36.86933],[174.77986,-36.86911],[174.77974,-36.8692],[174.77965,-36.86927]]]}},{"type":"Feature","properties":{"kind":"residential"},"geometry":{"type":"Polygon","coordinates":[[[174.7661,-36.85694],[174.76612,-36.85685],[174.76635,-36.85664],[174.76661,-36.85683],[174.76675,-36.85693],[174.76677,-36.85695],[174.76678,-36.85696],[174.76678,-36.85698],[174.76677,-36.85701],[174.76669,-36.85717],[174.76664,-36.85726],[174.76661,-36.8573],[174.76657,-36.85731],[174.76643,-36.85731],[174.76656,-36.8574],[174.76651,-36.85749],[174.76633,-36.85759],[174.76615,-36.85768],[174.76608,-36.85768],[174.76593,-36.85776],[174.76592,-36.85781],[174.76588,-36.85784],[174.76583,-36.8579],[174.7656,-36.85773],[174.76523,-36.85801],[174.7652,-36.85798],[174.76499,-36.85817],[174.76478,-36.858],[174.76506,-36.85777],[174.76526,-36.85792],[174.76553,-36.85772],[174.76572,-36.85756],[174.76583,-36.85752],[174.76599,-36.85736],[174.76604,-36.85733],[174.76611,-36.85725],[174.76617,-36.85721],[174.76622,-36.85724],[174.76635,-36.85711],[174.7661,-36.85694]]]}},{"type":"Feature","properties":{"kind":"residential"},"geometry":{"type":"Polygon","coordinates":[[[174.78184,-36.84907],[174.78179,-36.84901],[174.78176,-36.84894],[174.78175,-36.84869],[174.78192,-36.84869],[174.78191,-36.84865],[174.78136,-36.84868],[174.78136,-36.84855],[174.78192,-36.84853],[174.7831,-36.84848],[174.78293,-36.84865],[174.78289,-36.84867],[174.78281,-36.84874],[174.78249,-36.84905],[174.78247,-36.84908],[174.78234,-36.84918],[174.78207,-36.84934],[174.78198,-36.84934],[174.78193,-36.8493],[174.78189,-36.84923],[174.78184,-36.84907]]]}},{"type":"Feature","properties":{"kind":"commercial"},"geometry":{"type":"Polygon","coordinates":[[[174.75939,-36.86276],[174.75943,-36.86271],[174.75901,-36.86262],[174.75899,-36.86259],[174.75901,-36.86257],[174.75932,-36.86227],[174.75968,-36.86236],[174.7597,-36.86228],[174.75935,-36.86217],[174.76023,-36.86068],[174.76026,-36.86065],[174.7603,-36.86063],[174.76033,-36.86063],[174.76039,-36.86064],[174.76055,-36.86069],[174.76034,-36.86106],[174.76025,-36.86102],[174.76012,-36.86123],[174.76026,-36.86128],[174.7602,-36.86138],[174.76054,-36.86151],[174.76019,-36.86208],[174.75985,-36.86196],[174.75981,-36.86205],[174.75976,-36.86223],[174.76006,-36.86229],[174.76005,-36.8623],[174.75991,-36.86283],[174.75978,-36.86281],[174.75978,-36.86283],[174.75939,-36.86276]]]}},{"type":"Feature","properties":{"kind":"residential"},"geometry":{"type":"Polygon","coordinates":[[[174.76019,-36.86208],[174.76011,-36.86221],[174.76006,-36.86229],[174.75976,-36.86223],[174.75981,-36.86205],[174.75985,-36.86196],[174.76019,-36.86208]]]}},{"type":"Feature","properties":{"kind":"forest"},"geometry":{"type":"Polygon","coordinates":[[[174.76464,-36.86348],[174.7649,-36.8636],[174.76522,-36.86374],[174.76535,-36.86379],[174.76553,-36.86387],[174.76582,-36.864],[174.76602,-36.86412],[174.76601,-36.86415],[174.76577,-36.86404],[174.76564,-36.86397],[174.76544,-36.86387],[174.76541,-36.86386],[174.76455,-36.86368],[174.76457,-36.86361],[174.76458,-36.86356],[174.7646,-36.8635],[174.76464,-36.86348]]]}},{"type":"Feature","properties":{"kind":"forest"},"geometry":{"type":"Polygon","coordinates":[[[174.76782,-36.86614],[174.76812,-36.86604],[174.76835,-36.86596],[174.7686,-36.86587],[174.7688,-36.86582],[174.76889,-36.86579],[174.76876,-36.86577],[174.76863,-36.86576],[174.76847,-36.86573],[174.76836,-36.86571],[174.76828,-36.86569],[174.76823,-36.86569],[174.76814,-36.86572],[174.76805,-36.86578],[174.76797,-36.86589],[174.7678,-36.86606],[174.76782,-36.86614]]]}},{"type":"Feature","properties":{"kind":"residential"},"geometry":{"type":"Polygon","coordinates":[[[174.76975,-36.86555],[174.76976,-36.86556],[174.76957,-36.86562],[174.76929,-36.8657],[174.76911,-36.86566],[174.76907,-36.86564],[174.76906,-36.86559],[174.7696,-36.86386],[174.77009,-36.86397],[174.76977,-36.86498],[174.76991,-36.865],[174.77067,-36.8651],[174.77061,-36.8653],[174.77057,-36.8653],[174.77036,-36.86537],[174.77024,-36.8654],[174.76993,-36.8655],[174.76975,-36.86555]]]}},{"type":"Feature","properties":{"kind":"retail"},"geometry":{"type":"Polygon","coordinates":[[[174.77654,-36.86976],[174.77522,-36.86947],[174.7752,-36.86947],[174.77518,-36.86947],[174.77518,-36.86948],[174.77509,-36.86972],[174.77502,-36.86997],[174.77664,-36.87031],[174.7768,-36.86982],[174.77654,-36.86976]]]}},{"type":"Feature","properties":{"kind":"residential"},"geometry":{"type":"Polygon","coordinates":[[[174.78112,-36.86902],[174.78067,-36.86906],[174.78053,-36.86906],[174.7804,-36.86906],[174.78038,-36.86906],[174.78027,-36.8692],[174.78026,-36.86923],[174.78026,-36.86925],[174.78028,-36.86928],[174.78033,-36.86931],[174.78089,-36.86968],[174.78136,-36.86932],[174.7814,-36.8693],[174.78151,-36.86921],[174.78129,-36.86909],[174.7812,-36.86901],[174.78112,-36.86902]]]}},{"type":"Feature","properties":{"kind":"residential"},"geometry":{"type":"Polygon","coordinates":[[[174.74734,-36.86997],[174.74765,-36.86967],[174.74802,-36.86991],[174.74774,-36.87018],[174.74758,-36.87009],[174.74734,-36.86997]]]}},{"type":"Feature","properties":{"kind":"forest"},"geometry":{"type":"Polygon","coordinates":[[[174.755,-36.86436],[174.75494,-36.86446],[174.75486,-36.86464],[174.75475,-36.86493],[174.75471,-36.86513],[174.75465,-36.86543],[174.75465,-36.8655],[174.75458,-36.8657],[174.75456,-36.86583],[174.75454,-36.86589],[174.75451,-36.86599],[174.75458,-36.86588],[174.75462,-36.86581],[174.75471,-36.8656],[174.75477,-36.86548],[174.75483,-36.86535],[174.75495,-36.86516],[174.75502,-36.86503],[174.75516,-36.86492],[174.75507,-36.86489],[174.75492,-36.86489],[174.75482,-36.86486],[174.75489,-36.86469],[174.75493,-36.86458],[174.75506,-36.86446],[174.755,-36.86436]]]}},{"type":"Feature","properties":{"kind":"forest"},"geometry":{"type":"Polygon","coordinates":[[[174.75174,-36.8647],[174.75177,-36.86472],[174.75157,-36.86487],[174.75132,-36.86508],[174.75117,-36.86522],[174.75077,-36.86554],[174.75046,-36.8658],[174.75043,-36.86577],[174.75077,-36.86547],[174.75108,-36.86523],[174.7514,-36.86496],[174.75174,-36.8647]]]}},{"type":"Feature","properties":{"kind":"forest"},"geometry":{"type":"Polygon","coordinates":[[[174.74728,-36.86814],[174.74732,-36.86819],[174.74742,-36.86815],[174.74776,-36.86795],[174.74783,-36.86789],[174.7479,-36.86783],[174.74812,-36.86769],[174.74873,-36.86727],[174.74888,-36.86714],[174.74885,-36.86709],[174.74871,-36.86721],[174.74846,-36.8674],[174.74803,-36.8677],[174.74773,-36.86789],[174.74728,-36.86814]]]}},{"type":"Feature","properties":{"kind":"forest"},"geometry":{"type":"Polygon","coordinates":[[[174.7535,-36.8634],[174.75353,-36.86343],[174.7533,-36.86364],[174.75316,-36.86377],[174.75291,-36.86393],[174.7526,-36.86413],[174.75239,-36.86428],[174.75206,-36.86452],[174.75202,-36.86449],[174.75248,-36.86412],[174.75303,-36.86374],[174.7535,-36.8634]]]}},{"type":"Feature","properties":{"kind":"forest"},"geometry":{"type":"Polygon","coordinates":[[[174.7554,-36.86349],[174.75529,-36.86355],[174.75524,-36.86362],[174.75516,-36.86383],[174.75511,-36.86404],[174.75507,-36.86418],[174.75507,-36.86425],[174.75505,-36.86429],[174.755,-36.86436],[174.75506,-36.86446],[174.75511,-36.86452],[174.75516,-36.86449],[174.75517,-36.86427],[174.75568,-36.8639],[174.75554,-36.86385],[174.75556,-36.86381],[174.75547,-36.86378],[174.75551,-36.86361],[174.75543,-36.86357],[174.7555,-36.86344],[174.7554,-36.86349]]]}},{"type":"Feature","properties":{"kind":"forest"},"geometry":{"type":"Polygon","coordinates":[[[174.75671,-36.857],[174.7565,-36.85752],[174.75647,-36.85755],[174.75633,-36.85759],[174.75633,-36.85743],[174.75649,-36.85699],[174.75661,-36.85679],[174.75698,-36.85621],[174.7572,-36.85585],[174.75724,-36.85579],[174.7574,-36.85548],[174.75757,-36.85513],[174.75761,-36.85514],[174.75758,-36.85516],[174.75757,-36.85519],[174.75757,-36.85522],[174.75759,-36.85526],[174.75759,-36.85532],[174.75754,-36.85533],[174.75753,-36.8554],[174.75758,-36.8554],[174.75755,-36.85557],[174.75754,-36.85582],[174.75754,-36.85597],[174.75753,-36.85602],[174.75707,-36.85642],[174.75701,-36.85649],[174.75685,-36.85663],[174.75682,-36.85683],[174.75677,-36.85697],[174.75671,-36.857]]]}},{"type":"Feature","properties":{"kind":"forest"},"geometry":{"type":"Polygon","coordinates":[[[174.75622,-36.85445],[174.7562,-36.8547],[174.75616,-36.85496],[174.7561,-36.85514],[174.75599,-36.85534],[174.75587,-36.85555],[174.75582,-36.85568],[174.75571,-36.85587],[174.7556,-36.85609],[174.75549,-36.85637],[174.75546,-36.85651],[174.75543,-36.85664],[174.75538,-36.85692],[174.75536,-36.85703],[174.75541,-36.85708],[174.7553,-36.85709],[174.75534,-36.85691],[174.75537,-36.85677],[174.75522,-36.85667],[174.75527,-36.85624],[174.75534,-36.85592],[174.75558,-36.85572],[174.75568,-36.85557],[174.75568,-36.85543],[174.75575,-36.85524],[174.75596,-36.85476],[174.75603,-36.85457],[174.75606,-36.8545],[174.75622,-36.85445]]]}},{"type":"Feature","properties":{"kind":"forest"},"geometry":{"type":"Polygon","coordinates":[[[174.7575,-36.85442],[174.75743,-36.85455],[174.75734,-36.85468],[174.75727,-36.85474],[174.75722,-36.8548],[174.75714,-36.85487],[174.7571,-36.85476],[174.75716,-36.85466],[174.75726,-36.85448],[174.75734,-36.85431],[174.75745,-36.85404],[174.75747,-36.85402],[174.7575,-36.85401],[174.75753,-36.85402],[174.75755,-36.85413],[174.75754,-36.85428],[174.7575,-36.85442]]]}},{"type":"Feature","properties":{"kind":"commercial"},"geometry":{"type":"Polygon","coordinates":[[[174.73863,-36.85483],[174.73832,-36.85508],[174.73838,-36.85513],[174.73847,-36.85533],[174.73893,-36.85529],[174.73878,-36.85498],[174.73872,-36.85489],[174.73863,-36.85483]]]}},{"type":"Feature","properties":{"kind":"residential"},"geometry":{"type":"Polygon","coordinates":[[[174.73863,-36.85483],[174.73832,-36.85508],[174.73838,-36.85513],[174.73847,-36.85533],[174.73757,-36.85539],[174.73751,-36.85482],[174.73834,-36.85468],[174.73863,-36.85483]]]}},{"type":"Feature","properties":{"kind":"commercial"},"geometry":{"type":"Polygon","coordinates":[[[174.75662,-36.84716],[174.75665,-36.84646],[174.75675,-36.84637],[174.75693,-36.84634],[174.75694,-36.84638],[174.75714,-36.84714],[174.75741,-36.8471],[174.7574,-36.84707],[174.75732,-36.84672],[174.75722,-36.84632],[174.75721,-36.84629],[174.75786,-36.84619],[174.75792,-36.84652],[174.75797,-36.8467],[174.75806,-36.84696],[174.75827,-36.84784],[174.75729,-36.84799],[174.75709,-36.84713],[174.75697,-36.84715],[174.75683,-36.84718],[174.75662,-36.84716]]]}},{"type":"Feature","properties":{"kind":"commercial"},"geometry":{"type":"Polygon","coordinates":[[[174.76078,-36.8458],[174.76076,-36.84583],[174.76074,-36.84587],[174.76057,-36.84627],[174.76055,-36.8463],[174.76052,-36.84638],[174.7605,-36.84641],[174.76042,-36.84658],[174.75999,-36.84754],[174.75949,-36.84762],[174.75935,-36.84764],[174.75941,-36.84701],[174.75942,-36.84692],[174.75939,-36.84685],[174.75935,-36.84678],[174.75937,-36.84658],[174.75933,-36.84658],[174.75891,-36.84665],[174.75886,-36.84666],[174.75827,-36.84675],[174.75816,-36.84634],[174.75821,-36.84629],[174.75854,-36.84624],[174.75855,-36.84627],[174.75895,-36.84621],[174.75916,-36.84618],[174.75915,-36.84615],[174.75861,-36.84624],[174.75854,-36.8462],[174.75817,-36.84627],[174.75815,-36.84627],[174.75806,-36.8462],[174.75805,-36.84616],[174.76049,-36.84576],[174.76056,-36.84575],[174.76066,-36.84574],[174.76071,-36.84573],[174.76074,-36.84573],[174.76077,-36.84575],[174.76078,-36.84577],[174.76078,-36.8458]]]}},{"type":"Feature","properties":{"kind":"commercial"},"geometry":{"type":"Polygon","coordinates":[[[174.75854,-36.84777],[174.75835,-36.84703],[174.75831,-36.84689],[174.75859,-36.84685],[174.75868,-36.84684],[174.75878,-36.84682],[174.75916,-36.84677],[174.75925,-36.84693],[174.75924,-36.84706],[174.75924,-36.84711],[174.75921,-36.84735],[174.75917,-36.84767],[174.75907,-36.84768],[174.75892,-36.8477],[174.75889,-36.84771],[174.75863,-36.84775],[174.75854,-36.84777]]]}},{"type":"Feature","properties":{"kind":"commercial"},"geometry":{"type":"Polygon","coordinates":[[[174.76154,-36.85729],[174.76171,-36.85689],[174.76101,-36.85668],[174.76091,-36.85665],[174.76073,-36.85704],[174.76072,-36.85708],[174.76154,-36.85729]]]}},{"type":"Feature","properties":{"kind":"forest"},"geometry":{"type":"Polygon","coordinates":[[[174.78376,-36.84738],[174.78438,-36.84744],[174.78458,-36.84745],[174.78459,-36.84754],[174.78455,-36.84754],[174.78436,-36.84754],[174.78422,-36.84753],[174.78417,-36.84753],[174.78408,-36.84753],[174.78394,-36.84753],[174.78366,-36.84754],[174.78365,-36.8475],[174.78365,-36.84747],[174.78365,-36.84743],[174.78376,-36.84738]]]}},{"type":"Feature","properties":{"kind":"retail"},"geometry":{"type":"Polygon","coordinates":[[[174.77327,-36.84475],[174.77359,-36.84483],[174.77361,-36.84483],[174.77372,-36.84457],[174.77356,-36.84453],[174.77337,-36.84448],[174.77329,-36.84469],[174.77327,-36.84475]]]}},{"type":"Feature","properties":{"kind":"retail"},"geometry":{"type":"Polygon","coordinates":[[[174.77895,-36.8684],[174.77905,-36.86842],[174.77875,-36.86957],[174.77873,-36.86957],[174.77829,-36.86948],[174.77828,-36.8695],[174.77818,-36.86982],[174.77833,-36.86985],[174.77836,-36.86985],[174.77839,-36.86986],[174.77865,-36.86991],[174.77867,-36.86991],[174.77866,-36.86993],[174.77861,-36.87028],[174.77857,-36.87051],[174.77857,-36.87056],[174.77851,-36.87051],[174.7784,-36.87041],[174.77813,-36.87018],[174.77811,-36.87016],[174.77809,-36.87014],[174.77797,-36.87004],[174.77796,-36.87003],[174.77772,-36.86982],[174.77826,-36.86812],[174.77821,-36.86812],[174.77866,-36.86681],[174.7787,-36.86682],[174.77883,-36.86689],[174.77883,-36.86694],[174.77883,-36.86699],[174.77875,-36.86726],[174.77865,-36.86734],[174.77859,-36.86752],[174.7787,-36.86754],[174.77874,-36.86755],[174.77869,-36.86775],[174.77863,-36.86795],[174.7788,-36.86798],[174.77871,-36.8683],[174.77896,-36.86835],[174.77895,-36.8684]]]}},{"type":"Feature","properties":{"kind":"residential"},"geometry":{"type":"Polygon","coordinates":[[[174.73488,-36.85293],[174.735,-36.85271],[174.7349,-36.85245],[174.7354,-36.85235],[174.73584,-36.85245],[174.7357,-36.85285],[174.73553,-36.85316],[174.73488,-36.85293]]]}},{"type":"Feature","properties":{"kind":"residential"},"geometry":{"type":"Polygon","coordinates":[[[174.7357,-36.85291],[174.73609,-36.85304],[174.73678,-36.85329],[174.73672,-36.8536],[174.73555,-36.85317],[174.7357,-36.85291]]]}},{"type":"Feature","properties":{"kind":"residential"},"geometry":{"type":"Polygon","coordinates":[[[174.73578,-36.85275],[174.73587,-36.85245],[174.73679,-36.85266],[174.73682,-36.85298],[174.73578,-36.85275]]]}},{"type":"Feature","properties":{"name":"Victoria Park Market","kind":"retail"},"geometry":{"type":"Polygon","coordinates":[[[174.75591,-36.84843],[174.75582,-36.84844],[174.75539,-36.84851],[174.75519,-36.84854],[174.75516,-36.84855],[174.75514,-36.84855],[174.75512,-36.84855],[174.755,-36.84857],[174.75492,-36.84859],[174.7548,-36.84861],[174.75477,-36.84861],[174.75458,-36.84864],[174.75455,-36.84865],[174.75446,-36.84867],[174.7542,-36.84872],[174.75406,-36.84872],[174.75385,-36.84871],[174.75367,-36.84871],[174.75362,-36.84865],[174.7536,-36.84861],[174.75356,-36.84846],[174.75351,-36.84826],[174.75353,-36.84823],[174.75589,-36.84826],[174.75591,-36.84826],[174.75592,-36.84828],[174.75591,-36.84842],[174.75591,-36.84843]]]}},{"type":"Feature","properties":{"kind":"residential"},"geometry":{"type":"Polygon","coordinates":[[[174.75201,-36.84823],[174.75161,-36.84828],[174.75219,-36.84876],[174.75259,-36.84846],[174.75248,-36.84838],[174.75239,-36.84836],[174.75201,-36.84823]]]}},{"type":"Feature","properties":{"kind":"residential"},"geometry":{"type":"Polygon","coordinates":[[[174.78445,-36.85322],[174.78635,-36.85288],[174.78645,-36.85323],[174.78614,-36.85329],[174.78619,-36.85347],[174.78455,-36.85379],[174.78445,-36.85322]]]}},{"type":"Feature","properties":{"kind":"residential"},"geometry":{"type":"Polygon","coordinates":[[[174.78443,-36.85312],[174.78431,-36.8524],[174.78428,-36.85218],[174.78428,-36.85217],[174.78465,-36.85213],[174.78471,-36.85249],[174.78583,-36.85233],[174.78597,-36.85281],[174.78598,-36.85284],[174.78443,-36.85312]]]}},{"type":"Feature","properties":{"kind":"commercial"},"geometry":{"type":"Polygon","coordinates":[[[174.75682,-36.86325],[174.7569,-36.86297],[174.75664,-36.86291],[174.75654,-36.8632],[174.75682,-36.86325]]]}},{"type":"Feature","properties":{"kind":"residential"},"geometry":{"type":"Polygon","coordinates":[[[174.75654,-36.8632],[174.75647,-36.86345],[174.75704,-36.86357],[174.75707,-36.86343],[174.75685,-36.86338],[174.75688,-36.86327],[174.75682,-36.86325],[174.75654,-36.8632]]]}},{"type":"Feature","properties":{"kind":"residential"},"geometry":{"type":"Polygon","coordinates":[[[174.75731,-36.865],[174.75729,-36.86516],[174.75742,-36.86537],[174.7579,-36.86519],[174.75788,-36.86515],[174.7578,-36.86502],[174.75772,-36.86487],[174.75765,-36.86475],[174.75754,-36.86479],[174.75742,-36.86477],[174.75734,-36.86477],[174.75731,-36.865]]]}},{"type":"Feature","properties":{"kind":"commercial"},"geometry":{"type":"Polygon","coordinates":[[[174.74215,-36.85751],[174.74212,-36.85724],[174.74118,-36.85731],[174.74125,-36.85787],[174.74172,-36.85782],[174.74168,-36.85754],[174.74215,-36.85751]]]}},{"type":"Feature","properties":{"kind":"residential"},"geometry":{"type":"Polygon","coordinates":[[[174.74369,-36.85919],[174.74388,-36.85956],[174.74472,-36.8593],[174.74457,-36.859],[174.74402,-36.85917],[174.74399,-36.8591],[174.74369,-36.85919]]]}},{"type":"Feature","properties":{"kind":"residential"},"geometry":{"type":"Polygon","coordinates":[[[174.73958,-36.85554],[174.74327,-36.85522],[174.74331,-36.8555],[174.73962,-36.8558],[174.7396,-36.85562],[174.73958,-36.85554]]]}},{"type":"Feature","properties":{"kind":"residential"},"geometry":{"type":"Polygon","coordinates":[[[174.73843,-36.85372],[174.73854,-36.85454],[174.73896,-36.85474],[174.73903,-36.85474],[174.73887,-36.85367],[174.73843,-36.85372]]]}},{"type":"Feature","properties":{"kind":"residential"},"geometry":{"type":"Polygon","coordinates":[[[174.74981,-36.85328],[174.75015,-36.85331],[174.75023,-36.85331],[174.75051,-36.85336],[174.75062,-36.85289],[174.7505,-36.85294],[174.75042,-36.85296],[174.75028,-36.85296],[174.75026,-36.85296],[174.75,-36.85294],[174.74997,-36.85298],[174.74997,-36.85305],[174.74981,-36.85328]]]}},{"type":"Feature","properties":{"kind":"residential"},"geometry":{"type":"Polygon","coordinates":[[[174.74003,-36.85706],[174.74012,-36.85705],[174.74022,-36.85714],[174.74028,-36.85724],[174.74044,-36.85709],[174.74058,-36.85719],[174.74035,-36.85737],[174.74007,-36.85739],[174.74003,-36.85706]]]}},{"type":"Feature","properties":{"kind":"forest"},"geometry":{"type":"Polygon","coordinates":[[[174.76381,-36.86249],[174.76376,-36.86239],[174.76364,-36.86219],[174.76354,-36.86204],[174.76361,-36.86203],[174.76373,-36.86217],[174.76382,-36.86227],[174.76388,-36.86214],[174.76382,-36.86207],[174.76385,-36.86199],[174.76392,-36.86211],[174.76392,-36.86237],[174.76393,-36.86248],[174.76395,-36.86258],[174.76387,-36.86259],[174.76381,-36.86249]]]}},{"type":"Feature","properties":{"kind":"residential"},"geometry":{"type":"Polygon","coordinates":[[[174.7453,-36.84196],[174.74549,-36.84227],[174.74554,-36.84238],[174.74549,-36.84252],[174.74568,-36.84286],[174.74564,-36.84296],[174.74571,-36.84322],[174.74581,-36.84363],[174.74553,-36.84366],[174.74494,-36.84346],[174.74468,-36.84317],[174.7454,-36.84289],[174.74493,-36.84209],[174.7453,-36.84196]]]}},{"type":"Feature","properties":{"kind":"forest"},"geometry":{"type":"Polygon","coordinates":[[[174.7452,-36.84166],[174.74526,-36.84165],[174.74527,-36.84163],[174.74526,-36.84162],[174.74525,-36.84153],[174.7452,-36.84145],[174.74518,-36.84139],[174.74517,-36.84135],[174.74514,-36.84129],[174.74511,-36.84126],[174.7451,-36.84123],[174.74508,-36.84119],[174.74504,-36.84116],[174.74502,-36.84114],[174.74499,-36.84111],[174.74498,-36.84116],[174.74495,-36.84116],[174.74493,-36.84112],[174.74492,-36.84107],[174.74491,-36.84104],[174.74488,-36.84101],[174.74484,-36.841],[174.74483,-36.84095],[174.7448,-36.84094],[174.74474,-36.841],[174.7447,-36.84104],[174.74467,-36.84106],[174.74471,-36.8411],[174.74478,-36.84114],[174.74479,-36.84121],[174.74479,-36.84124],[174.74484,-36.84123],[174.7449,-36.84126],[174.74495,-36.8413],[174.74497,-36.84135],[174.74502,-36.84142],[174.74504,-36.84149],[174.74502,-36.84153],[174.745,-36.84156],[174.74505,-36.84159],[174.74507,-36.84163],[174.7451,-36.84166],[174.74512,-36.8417],[174.74515,-36.84173],[174.74515,-36.84178],[174.74516,-36.84192],[174.74491,-36.842],[174.74495,-36.84207],[174.74519,-36.84198],[174.74522,-36.84204],[174.74527,-36.84209],[174.74533,-36.84211],[174.74535,-36.84216],[174.74538,-36.84219],[174.74548,-36.84218],[174.7455,-36.84223],[174.74547,-36.8423],[174.74538,-36.84235],[174.74543,-36.84244],[174.74542,-36.84248],[174.74546,-36.84253],[174.74553,-36.84256],[174.74556,-36.84259],[174.74558,-36.84257],[174.74559,-36.84253],[174.74557,-36.84251],[174.74559,-36.84248],[174.74562,-36.84242],[174.7456,-36.8424],[174.7456,-36.84237],[174.74561,-36.84233],[174.74562,-36.8423],[174.74564,-36.84228],[174.74566,-36.84224],[174.74565,-36.8422],[174.74565,-36.84217],[174.7456,-36.84211],[174.74556,-36.84212],[174.74552,-36.84211],[174.74549,-36.8421],[174.74547,-36.84213],[174.74546,-36.84212],[174.74543,-36.8421],[174.74544,-36.84208],[174.74542,-36.84206],[174.7454,-36.84204],[174.74541,-36.84201],[174.7454,-36.84199],[174.74537,-36.84197],[174.74533,-36.84195],[174.74529,-36.84193],[174.74527,-36.84189],[174.74526,-36.84186],[174.74524,-36.84185],[174.74522,-36.8418],[174.74523,-36.84172],[174.7452,-36.84166]]]}},{"type":"Feature","properties":{"kind":"forest"},"geometry":{"type":"Polygon","coordinates":[[[174.74413,-36.84046],[174.74413,-36.84049],[174.74399,-36.84057],[174.74387,-36.84042],[174.74373,-36.8404],[174.74368,-36.84034],[174.74365,-36.84031],[174.74363,-36.84027],[174.74358,-36.84022],[174.74351,-36.84023],[174.74345,-36.84022],[174.74343,-36.84018],[174.74345,-36.84012],[174.74343,-36.84008],[174.7433,-36.83997],[174.7432,-36.83992],[174.74315,-36.83991],[174.74302,-36.83989],[174.74297,-36.83985],[174.74291,-36.83982],[174.74284,-36.83986],[174.74279,-36.83986],[174.74283,-36.83978],[174.74286,-36.83976],[174.74287,-36.83971],[174.74282,-36.83968],[174.74277,-36.83974],[174.74268,-36.83977],[174.74252,-36.83984],[174.74246,-36.83985],[174.74239,-36.8398],[174.74236,-36.83974],[174.74232,-36.83971],[174.74223,-36.83964],[174.74213,-36.83964],[174.74213,-36.83957],[174.74217,-36.8395],[174.74227,-36.83947],[174.74233,-36.83943],[174.7424,-36.83945],[174.74244,-36.83945],[174.74248,-36.83944],[174.74251,-36.83945],[174.74257,-36.83945],[174.74263,-36.83947],[174.7427,-36.83952],[174.74276,-36.83954],[174.74281,-36.83958],[174.74288,-36.83963],[174.74291,-36.83964],[174.74301,-36.83971],[174.74306,-36.83975],[174.74313,-36.8398],[174.74316,-36.8398],[174.74328,-36.83982],[174.74332,-36.83984],[174.74337,-36.83987],[174.74343,-36.8399],[174.74346,-36.83993],[174.74346,-36.83997],[174.74349,-36.84001],[174.74355,-36.84005],[174.74361,-36.84008],[174.74359,-36.84005],[174.74363,-36.84002],[174.7437,-36.84007],[174.74371,-36.84009],[174.74371,-36.84011],[174.74374,-36.84013],[174.74374,-36.84015],[174.74372,-36.84017],[174.74375,-36.84018],[174.74377,-36.84018],[174.7438,-36.8402],[174.74377,-36.8402],[174.74373,-36.8402],[174.74373,-36.84022],[174.74373,-36.84023],[174.74372,-36.84027],[174.74374,-36.84028],[174.74377,-36.84027],[174.74379,-36.84025],[174.74383,-36.84027],[174.74384,-36.84028],[174.74383,-36.84031],[174.7439,-36.84035],[174.74391,-36.84031],[174.74394,-36.84031],[174.74397,-36.84032],[174.74396,-36.84035],[174.74395,-36.84038],[174.74403,-36.8404],[174.74411,-36.84043],[174.74413,-36.84046]]]}},{"type":"Feature","properties":{"kind":"retail"},"geometry":{"type":"Polygon","coordinates":[[[174.75057,-36.86163],[174.75058,-36.86165],[174.75107,-36.86205],[174.75148,-36.86173],[174.75149,-36.86174],[174.75167,-36.86162],[174.75171,-36.86159],[174.75175,-36.86162],[174.75199,-36.86145],[174.75141,-36.86097],[174.75057,-36.86163]]]}},{"type":"Feature","properties":{"name":"Shore Road Reserve","kind":"park"},"geometry":{"type":"Polygon","coordinates":[[[174.79115,-36.86505],[174.79402,-36.86499],[174.79425,-36.86497],[174.79449,-36.86489],[174.79521,-36.86463],[174.79602,-36.86431],[174.79615,-36.86424],[174.79606,-36.86422],[174.7961,-36.86395],[174.796,-36.86386],[174.79594,-36.86375],[174.79591,-36.86364],[174.79593,-36.86336],[174.79586,-36.86327],[174.79542,-36.86315],[174.79512,-36.86321],[174.79477,-36.86326],[174.79446,-36.86322],[174.79409,-36.86312],[174.7938,-36.86321],[174.79295,-36.86355],[174.79272,-36.86355],[174.79264,-36.86353],[174.79239,-36.86333],[174.79235,-36.86329],[174.7923,-36.86325],[174.79225,-36.86327],[174.7922,-36.86335],[174.79204,-36.86337],[174.79169,-36.86338],[174.79124,-36.86353],[174.79109,-36.86358],[174.7909,-36.86376],[174.7907,-36.86394],[174.79061,-36.86404],[174.79058,-36.86439],[174.79036,-36.86475],[174.79021,-36.86492],[174.78985,-36.86534],[174.78978,-36.86544],[174.78993,-36.86544],[174.79001,-36.86543],[174.79037,-36.86534],[174.7907,-36.8652],[174.79088,-36.86513],[174.79115,-36.86505]]]}},{"type":"Feature","properties":{"name":"Atrium on Elliott","kind":"retail"},"geometry":{"type":"Polygon","coordinates":[[[174.76371,-36.8502],[174.76339,-36.85011],[174.76321,-36.85006],[174.7634,-36.84963],[174.76344,-36.84955],[174.76378,-36.84964],[174.76387,-36.84942],[174.76403,-36.84946],[174.76378,-36.85005],[174.76371,-36.8502]]]}},{"type":"Feature","properties":{"kind":"residential"},"geometry":{"type":"Polygon","coordinates":[[[174.78183,-36.85157],[174.78156,-36.85091],[174.78107,-36.85104],[174.78076,-36.85073],[174.78074,-36.85053],[174.78068,-36.85044],[174.78054,-36.85042],[174.78027,-36.85008],[174.77978,-36.84952],[174.77957,-36.84954],[174.77939,-36.84959],[174.77972,-36.85031],[174.77969,-36.85032],[174.77964,-36.85033],[174.77945,-36.84988],[174.77922,-36.84995],[174.77936,-36.85026],[174.77966,-36.85072],[174.77987,-36.85064],[174.77994,-36.8507],[174.77955,-36.85086],[174.7796,-36.85095],[174.77979,-36.85123],[174.77984,-36.85125],[174.78026,-36.85107],[174.7805,-36.8513],[174.7808,-36.85163],[174.78088,-36.85168],[174.78097,-36.8517],[174.78104,-36.85171],[174.78183,-36.85157]]]}},{"type":"Feature","properties":{"kind":"residential"},"geometry":{"type":"Polygon","coordinates":[[[174.7806,-36.84918],[174.78047,-36.84911],[174.78045,-36.84874],[174.78087,-36.84873],[174.78091,-36.84874],[174.78092,-36.84875],[174.78093,-36.84877],[174.78094,-36.84879],[174.78093,-36.84882],[174.78076,-36.84898],[174.78071,-36.84901],[174.78071,-36.84905],[174.7806,-36.84918]]]}},{"type":"Feature","properties":{"kind":"residential"},"geometry":{"type":"Polygon","coordinates":[[[174.78127,-36.8492],[174.78096,-36.84919],[174.78094,-36.84918],[174.78092,-36.84915],[174.78094,-36.84912],[174.78097,-36.84909],[174.78113,-36.84893],[174.78116,-36.84892],[174.78118,-36.84892],[174.7812,-36.84893],[174.78123,-36.84894],[174.78126,-36.84897],[174.7813,-36.84914],[174.7813,-36.84917],[174.78129,-36.84918],[174.78127,-36.8492]]]}},{"type":"Feature","properties":{"kind":"commercial"},"geometry":{"type":"Polygon","coordinates":[[[174.78251,-36.85104],[174.78228,-36.85052],[174.78326,-36.85026],[174.78328,-36.85087],[174.78251,-36.85104]]]}},{"type":"Feature","properties":{"kind":"residential"},"geometry":{"type":"Polygon","coordinates":[[[174.78179,-36.84919],[174.78155,-36.84919],[174.78136,-36.84924],[174.78134,-36.84932],[174.78123,-36.8494],[174.78081,-36.84932],[174.7807,-36.84929],[174.78065,-36.84923],[174.78075,-36.84909],[174.78082,-36.84908],[174.7809,-36.84912],[174.78089,-36.84915],[174.7809,-36.84918],[174.78091,-36.84921],[174.78094,-36.84922],[174.7813,-36.84922],[174.78133,-36.84921],[174.78134,-36.84919],[174.78135,-36.84915],[174.78126,-36.84891],[174.78124,-36.84889],[174.78122,-36.84889],[174.7812,-36.84888],[174.78113,-36.84888],[174.7811,-36.8489],[174.78092,-36.84909],[174.78085,-36.84903],[174.78082,-36.84899],[174.78098,-36.84883],[174.781,-36.84879],[174.781,-36.84877],[174.78099,-36.84873],[174.78098,-36.84872],[174.78095,-36.84869],[174.78023,-36.84873],[174.78022,-36.84858],[174.78081,-36.84856],[174.78102,-36.84856],[174.78104,-36.84857],[174.78105,-36.84861],[174.78106,-36.84874],[174.78137,-36.84872],[174.78152,-36.84906],[174.78175,-36.84905],[174.78177,-36.84907],[174.78179,-36.84919]]]}},{"type":"Feature","properties":{"kind":"residential"},"geometry":{"type":"Polygon","coordinates":[[[174.7817,-36.84901],[174.78173,-36.84899],[174.78173,-36.84895],[174.78171,-36.8487],[174.78147,-36.84871],[174.78142,-36.84873],[174.78154,-36.84902],[174.7817,-36.84901]]]}},{"type":"Feature","properties":{"kind":"retail"},"geometry":{"type":"Polygon","coordinates":[[[174.78095,-36.84804],[174.78182,-36.84812],[174.7821,-36.84812],[174.78246,-36.84805],[174.78252,-36.84812],[174.78257,-36.84811],[174.78272,-36.84808],[174.78334,-36.84804],[174.78334,-36.84793],[174.78329,-36.84791],[174.78323,-36.8479],[174.78319,-36.8479],[174.7827,-36.84792],[174.78248,-36.84791],[174.78224,-36.8479],[174.78202,-36.84787],[174.78196,-36.84786],[174.78195,-36.84795],[174.78188,-36.84795],[174.78188,-36.84797],[174.78152,-36.84794],[174.78153,-36.84789],[174.78141,-36.84788],[174.7814,-36.84791],[174.78023,-36.8476],[174.78024,-36.84757],[174.78,-36.84751],[174.77987,-36.8478],[174.78015,-36.84787],[174.78018,-36.84785],[174.78083,-36.84801],[174.78095,-36.84804]]]}},{"type":"Feature","properties":{"kind":"commercial"},"geometry":{"type":"Polygon","coordinates":[[[174.77955,-36.8556],[174.77915,-36.85494],[174.7795,-36.8548],[174.77958,-36.85488],[174.77974,-36.85513],[174.77976,-36.8552],[174.77978,-36.85534],[174.77972,-36.85538],[174.77963,-36.85553],[174.77961,-36.85556],[174.7796,-36.85559],[174.77958,-36.8556],[174.77955,-36.8556]]]}},{"type":"Feature","properties":{"kind":"residential"},"geometry":{"type":"Polygon","coordinates":[[[174.7784,-36.8545],[174.77821,-36.85418],[174.77851,-36.85406],[174.77871,-36.85439],[174.7784,-36.8545]]]}},{"type":"Feature","properties":{"kind":"residential"},"geometry":{"type":"Polygon","coordinates":[[[174.77875,-36.86726],[174.77912,-36.86733],[174.77918,-36.86744],[174.77919,-36.86751],[174.77916,-36.86793],[174.77905,-36.86842],[174.77895,-36.8684],[174.77896,-36.86835],[174.77871,-36.8683],[174.7788,-36.86798],[174.77863,-36.86795],[174.77869,-36.86775],[174.77874,-36.86755],[174.7787,-36.86754],[174.77859,-36.86752],[174.77865,-36.86734],[174.77875,-36.86726]]]}},{"type":"Feature","properties":{"kind":"retail"},"geometry":{"type":"Polygon","coordinates":[[[174.7674,-36.86117],[174.76737,-36.86117],[174.76718,-36.86112],[174.76671,-36.86085],[174.76695,-36.86059],[174.76757,-36.86073],[174.7674,-36.86117]]]}},{"type":"Feature","properties":{"kind":"residential"},"geometry":{"type":"Polygon","coordinates":[[[174.75899,-36.86402],[174.75867,-36.86395],[174.75882,-36.86368],[174.75908,-36.86374],[174.75899,-36.86402]]]}},{"type":"Feature","properties":{"kind":"forest"},"geometry":{"type":"Polygon","coordinates":[[[174.77453,-36.85901],[174.77456,-36.85899],[174.77465,-36.85898],[174.77474,-36.85897],[174.7748,-36.85898],[174.77486,-36.859],[174.77484,-36.85902],[174.77481,-36.85904],[174.7748,-36.85906],[174.77483,-36.85909],[174.7748,-36.85912],[174.77478,-36.85915],[174.77481,-36.85916],[174.77485,-36.85919],[174.7749,-36.85921],[174.7749,-36.85924],[174.77487,-36.85925],[174.77485,-36.85927],[174.77483,-36.85931],[174.77485,-36.85933],[174.77486,-36.8593],[174.7749,-36.85929],[174.77493,-36.85927],[174.77494,-36.85925],[174.77498,-36.85924],[174.775,-36.85925],[174.77498,-36.85928],[174.77501,-36.8593],[174.77502,-36.85935],[174.77503,-36.85938],[174.77507,-36.85938],[174.7751,-36.85939],[174.77509,-36.85942],[174.77507,-36.85943],[174.77505,-36.85947],[174.77506,-36.85949],[174.77509,-36.8595],[174.77509,-36.85952],[174.77511,-36.85952],[174.77515,-36.85952],[174.77515,-36.8595],[174.77515,-36.85947],[174.77517,-36.85943],[174.77518,-36.85941],[174.77521,-36.85941],[174.77524,-36.85942],[174.77526,-36.85943],[174.77528,-36.85945],[174.77529,-36.85947],[174.7753,-36.85951],[174.7753,-36.85957],[174.77532,-36.85966],[174.77532,-36.85972],[174.77519,-36.85971],[174.77514,-36.85968],[174.77511,-36.85964],[174.77506,-36.8596],[174.77503,-36.85959],[174.775,-36.85958],[174.77494,-36.85957],[174.77488,-36.8596],[174.77484,-36.85961],[174.77476,-36.8596],[174.77471,-36.85958],[174.7747,-36.85956],[174.77469,-36.85948],[174.77461,-36.8594],[174.77458,-36.85939],[174.77447,-36.85934],[174.7744,-36.8593],[174.77437,-36.85925],[174.7744,-36.85919],[174.77435,-36.85915],[174.77431,-36.85909],[174.77432,-36.85905],[174.77435,-36.85901],[174.77439,-36.859],[174.77443,-36.85902],[174.77446,-36.85903],[174.77448,-36.85906],[174.77449,-36.85904],[174.77451,-36.85902],[174.77453,-36.85901]]]}},{"type":"Feature","properties":{"kind":"residential"},"geometry":{"type":"Polygon","coordinates":[[[174.7371,-36.86561],[174.73707,-36.86552],[174.73671,-36.86547],[174.73676,-36.86585],[174.73682,-36.8659],[174.73721,-36.86618],[174.73717,-36.86597],[174.7371,-36.86561]]]}},{"type":"Feature","properties":{"name":"Saint Claire Terraces","kind":"residential"},"geometry":{"type":"Polygon","coordinates":[[[174.74751,-36.85949],[174.74741,-36.85939],[174.74738,-36.85937],[174.74737,-36.85936],[174.74737,-36.85935],[174.74726,-36.85924],[174.7468,-36.85953],[174.74683,-36.85956],[174.74689,-36.85963],[174.74696,-36.8597],[174.74703,-36.85977],[174.74704,-36.85978],[174.74716,-36.8597],[174.74746,-36.85952],[174.74751,-36.85949]]]}},{"type":"Feature","properties":{"kind":"residential"},"geometry":{"type":"Polygon","coordinates":[[[174.74704,-36.85868],[174.74717,-36.85862],[174.74757,-36.85849],[174.74755,-36.85831],[174.74697,-36.85835],[174.74698,-36.85846],[174.74704,-36.85868]]]}},{"type":"Feature","properties":{"kind":"commercial"},"geometry":{"type":"Polygon","coordinates":[[[174.75212,-36.84586],[174.75231,-36.84593],[174.75164,-36.84698],[174.75147,-36.8469],[174.752,-36.84604],[174.75203,-36.846],[174.75212,-36.84586]]]}},{"type":"Feature","properties":{"kind":"forest"},"geometry":{"type":"Polygon","coordinates":[[[174.76729,-36.85898],[174.76734,-36.859],[174.76734,-36.85901],[174.76734,-36.85904],[174.7673,-36.85908],[174.76727,-36.85911],[174.76725,-36.85915],[174.76725,-36.85917],[174.7672,-36.8592],[174.76711,-36.85935],[174.76704,-36.85944],[174.76696,-36.85951],[174.76691,-36.85955],[174.76689,-36.85957],[174.76684,-36.85968],[174.7668,-36.85972],[174.76677,-36.85975],[174.76675,-36.85977],[174.76672,-36.85979],[174.76667,-36.85986],[174.76666,-36.85988],[174.76662,-36.85989],[174.7666,-36.8599],[174.76655,-36.85993],[174.76654,-36.85997],[174.76655,-36.85998],[174.76657,-36.86001],[174.76664,-36.86006],[174.76667,-36.86008],[174.7669,-36.86021],[174.7669,-36.86025],[174.76688,-36.86027],[174.76683,-36.86024],[174.76676,-36.86021],[174.7667,-36.86017],[174.76664,-36.86014],[174.7665,-36.86005],[174.76647,-36.86002],[174.76645,-36.85999],[174.76643,-36.85996],[174.76652,-36.85987],[174.76655,-36.85988],[174.76661,-36.85982],[174.76665,-36.85975],[174.76675,-36.85965],[174.76677,-36.8596],[174.7668,-36.85958],[174.76683,-36.85958],[174.76686,-36.85951],[174.76693,-36.85946],[174.76697,-36.85941],[174.767,-36.85936],[174.76702,-36.85933],[174.76711,-36.85923],[174.76715,-36.8592],[174.76717,-36.8592],[174.76717,-36.85919],[174.76716,-36.85917],[174.76717,-36.85914],[174.76726,-36.85905],[174.76726,-36.85903],[174.76726,-36.859],[174.76727,-36.85899],[174.76729,-36.85898]]]}},{"type":"Feature","properties":{"kind":"commercial"},"geometry":{"type":"Polygon","coordinates":[[[174.76701,-36.85948],[174.76699,-36.85948],[174.76728,-36.85912],[174.76774,-36.85939],[174.76741,-36.85972],[174.76701,-36.85948]]]}},{"type":"Feature","properties":{"kind":"retail"},"geometry":{"type":"Polygon","coordinates":[[[174.76955,-36.84499],[174.76913,-36.84488],[174.76901,-36.84519],[174.76943,-36.8453],[174.76955,-36.84499]]]}},{"type":"Feature","properties":{"kind":"retail"},"geometry":{"type":"Polygon","coordinates":[[[174.76958,-36.845],[174.76946,-36.84532],[174.7696,-36.84536],[174.76996,-36.8454],[174.77018,-36.84543],[174.77038,-36.84522],[174.76958,-36.845]]]}},{"type":"Feature","properties":{"kind":"forest"},"geometry":{"type":"Polygon","coordinates":[[[174.78722,-36.84783],[174.78724,-36.84785],[174.78723,-36.84787],[174.78721,-36.84788],[174.78708,-36.84788],[174.787,-36.84788],[174.78695,-36.84787],[174.7869,-36.84787],[174.78681,-36.84786],[174.78675,-36.84785],[174.78671,-36.84785],[174.78666,-36.84785],[174.7866,-36.84784],[174.78655,-36.84785],[174.7865,-36.84784],[174.78645,-36.84784],[174.7864,-36.84783],[174.78636,-36.84783],[174.78632,-36.84782],[174.78627,-36.84781],[174.78624,-36.84781],[174.78617,-36.84782],[174.78612,-36.84781],[174.78607,-36.84781],[174.78606,-36.84779],[174.78606,-36.84776],[174.78609,-36.84775],[174.78615,-36.84775],[174.78619,-36.84775],[174.78628,-36.84776],[174.78631,-36.84776],[174.78638,-36.84777],[174.78642,-36.84777],[174.78652,-36.84777],[174.78656,-36.84778],[174.78666,-36.84779],[174.78668,-36.8478],[174.78671,-36.8478],[174.78677,-36.84779],[174.78681,-36.8478],[174.78685,-36.8478],[174.78687,-36.8478],[174.78689,-36.84781],[174.78693,-36.84781],[174.78696,-36.84781],[174.78698,-36.84781],[174.78707,-36.84782],[174.7871,-36.84782],[174.78715,-36.84782],[174.78717,-36.84782],[174.78722,-36.84783]]]}},{"type":"Feature","properties":{"kind":"residential"},"geometry":{"type":"Polygon","coordinates":[[[174.74653,-36.86454],[174.74674,-36.86436],[174.74646,-36.86415],[174.74628,-36.86429],[174.74653,-36.86454]]]}},{"type":"Feature","properties":{"kind":"commercial"},"geometry":{"type":"Polygon","coordinates":[[[174.74143,-36.86594],[174.74171,-36.86584],[174.74172,-36.86592],[174.74178,-36.86602],[174.74179,-36.86602],[174.74186,-36.86613],[174.74158,-36.86623],[174.74143,-36.86594]]]}},{"type":"Feature","properties":{"kind":"retail"},"geometry":{"type":"Polygon","coordinates":[[[174.76764,-36.86584],[174.76768,-36.86593],[174.76799,-36.86563],[174.76797,-36.8656],[174.76772,-36.86555],[174.76765,-36.86556],[174.76762,-36.86568],[174.76763,-36.8657],[174.76771,-36.86571],[174.76769,-36.86576],[174.76764,-36.86584]]]}},{"type":"Feature","properties":{"kind":"commercial"},"geometry":{"type":"Polygon","coordinates":[[[174.74803,-36.86336],[174.74834,-36.86309],[174.74805,-36.86286],[174.74775,-36.86311],[174.74803,-36.86336]]]}},{"type":"Feature","properties":{"kind":"retail"},"geometry":{"type":"Polygon","coordinates":[[[174.76175,-36.86332],[174.76171,-36.86334],[174.76153,-36.8633],[174.76153,-36.86329],[174.76137,-36.86326],[174.76179,-36.86193],[174.76187,-36.86189],[174.76224,-36.86197],[174.76225,-36.86198],[174.76206,-36.86256],[174.76203,-36.86266],[174.76201,-36.86273],[174.76198,-36.86272],[174.76175,-36.86332]]]}},{"type":"Feature","properties":{"kind":"retail"},"geometry":{"type":"Polygon","coordinates":[[[174.76082,-36.86472],[174.761,-36.8642],[174.76102,-36.86418],[174.76106,-36.86416],[174.7611,-36.86416],[174.7613,-36.8642],[174.76156,-36.86426],[174.7617,-36.86429],[174.76168,-36.86435],[174.76166,-36.8644],[174.76166,-36.86441],[174.76165,-36.86444],[174.76164,-36.86447],[174.76159,-36.86464],[174.76159,-36.86465],[174.7612,-36.86456],[174.76114,-36.86474],[174.76115,-36.86476],[174.76114,-36.86478],[174.76082,-36.86472]]]}},{"type":"Feature","properties":{"kind":"commercial"},"geometry":{"type":"Polygon","coordinates":[[[174.75355,-36.86057],[174.75349,-36.86056],[174.75322,-36.86016],[174.75322,-36.8601],[174.75389,-36.85982],[174.75421,-36.8603],[174.75355,-36.86057]]]}},{"type":"Feature","properties":{"kind":"commercial"},"geometry":{"type":"Polygon","coordinates":[[[174.75945,-36.86158],[174.75962,-36.86126],[174.75885,-36.86097],[174.75854,-36.86086],[174.75837,-36.86093],[174.75829,-36.86098],[174.75825,-36.86106],[174.7582,-36.86106],[174.75814,-36.86118],[174.75945,-36.86158]]]}},{"type":"Feature","properties":{"kind":"commercial"},"geometry":{"type":"Polygon","coordinates":[[[174.75411,-36.86077],[174.75396,-36.86053],[174.75426,-36.8604],[174.75453,-36.86081],[174.75443,-36.86085],[174.75442,-36.86085],[174.75434,-36.86073],[174.75415,-36.86081],[174.75428,-36.86101],[174.75394,-36.86114],[174.75392,-36.86115],[174.75389,-36.86115],[174.75386,-36.86114],[174.75384,-36.86113],[174.75372,-36.86093],[174.75411,-36.86077]]]}},{"type":"Feature","properties":{"kind":"commercial"},"geometry":{"type":"Polygon","coordinates":[[[174.76249,-36.86184],[174.76252,-36.86183],[174.7627,-36.86151],[174.76209,-36.86129],[174.76186,-36.8617],[174.76249,-36.86184]]]}},{"type":"Feature","properties":{"kind":"commercial"},"geometry":{"type":"Polygon","coordinates":[[[174.75169,-36.86039],[174.75247,-36.85976],[174.75241,-36.85971],[174.75175,-36.85934],[174.75165,-36.85945],[174.75163,-36.85944],[174.75158,-36.85944],[174.75152,-36.85943],[174.75154,-36.85941],[174.7515,-36.85938],[174.7515,-36.85937],[174.7516,-36.85926],[174.75086,-36.85883],[174.75033,-36.85915],[174.75096,-36.85981],[174.75101,-36.85985],[174.7514,-36.86016],[174.75144,-36.86019],[174.75169,-36.86039]]]}},{"type":"Feature","properties":{"kind":"residential"},"geometry":{"type":"Polygon","coordinates":[[[174.75288,-36.8605],[174.7528,-36.86056],[174.75274,-36.86061],[174.75259,-36.86077],[174.75256,-36.86084],[174.75263,-36.86118],[174.75299,-36.86168],[174.75338,-36.86149],[174.75356,-36.86119],[174.75353,-36.86111],[174.75351,-36.86107],[174.7533,-36.86116],[174.75313,-36.86122],[174.75283,-36.8608],[174.75287,-36.86074],[174.75304,-36.86066],[174.75288,-36.8605]]]}},{"type":"Feature","properties":{"kind":"commercial"},"geometry":{"type":"Polygon","coordinates":[[[174.73673,-36.86342],[174.73649,-36.8637],[174.73675,-36.86382],[174.73675,-36.86386],[174.7367,-36.86413],[174.73679,-36.86414],[174.73691,-36.86416],[174.73692,-36.86416],[174.73696,-36.86416],[174.73701,-36.86416],[174.73708,-36.86413],[174.73712,-36.8641],[174.73715,-36.86406],[174.73716,-36.86404],[174.73717,-36.864],[174.73712,-36.86375],[174.7371,-36.86368],[174.73705,-36.86363],[174.73701,-36.8636],[174.73673,-36.86342]]]}},{"type":"Feature","properties":{"kind":"retail"},"geometry":{"type":"Polygon","coordinates":[[[174.77788,-36.87331],[174.77793,-36.87322],[174.7778,-36.87248],[174.77775,-36.87184],[174.77774,-36.87183],[174.77773,-36.87183],[174.77719,-36.87175],[174.77716,-36.87177],[174.77722,-36.87343],[174.77726,-36.87347],[174.77788,-36.87331]]]}},{"type":"Feature","properties":{"kind":"industrial"},"geometry":{"type":"Polygon","coordinates":[[[174.75681,-36.83802],[174.75573,-36.83899],[174.75568,-36.83895],[174.75559,-36.83903],[174.75545,-36.83915],[174.7555,-36.83919],[174.75547,-36.83921],[174.75544,-36.83924],[174.75538,-36.83929],[174.75539,-36.8393],[174.75505,-36.8396],[174.75478,-36.83941],[174.75453,-36.83921],[174.75477,-36.83902],[174.75478,-36.83901],[174.75479,-36.839],[174.75415,-36.83853],[174.75411,-36.83845],[174.75412,-36.83844],[174.75488,-36.83901],[174.75504,-36.83887],[174.75505,-36.83886],[174.75507,-36.83884],[174.75504,-36.83881],[174.75502,-36.83874],[174.75496,-36.8387],[174.75504,-36.83864],[174.75523,-36.83864],[174.75528,-36.83867],[174.75544,-36.83853],[174.75539,-36.8385],[174.75553,-36.83837],[174.75584,-36.8381],[174.75631,-36.83771],[174.75633,-36.83769],[174.75635,-36.83768],[174.75681,-36.83802]]]}},{"type":"Feature","properties":{"name":"Wynyard Wharf","kind":"industrial"},"geometry":{"type":"Polygon","coordinates":[[[174.75984,-36.83687],[174.75971,-36.83699],[174.7596,-36.83709],[174.75968,-36.83707],[174.75979,-36.83715],[174.75866,-36.83816],[174.75856,-36.83825],[174.75808,-36.83868],[174.75812,-36.83872],[174.75823,-36.83879],[174.76015,-36.8371],[174.75998,-36.83697],[174.75984,-36.83687]]]}},{"type":"Feature","properties":{"kind":"commercial"},"geometry":{"type":"Polygon","coordinates":[[[174.76682,-36.84645],[174.76627,-36.84632],[174.76624,-36.8463],[174.76623,-36.84627],[174.76622,-36.84624],[174.76622,-36.84621],[174.76634,-36.8459],[174.76696,-36.84604],[174.76682,-36.84645]]]}},{"type":"Feature","properties":{"kind":"retail"},"geometry":{"type":"Polygon","coordinates":[[[174.7669,-36.84647],[174.76704,-36.84609],[174.76728,-36.84614],[174.76728,-36.84615],[174.76713,-36.84654],[174.76712,-36.84655],[174.7669,-36.84647]]]}},{"type":"Feature","properties":{"kind":"park"},"geometry":{"type":"Polygon","coordinates":[[[174.76381,-36.84581],[174.76379,-36.84581],[174.76378,-36.84581],[174.76373,-36.84579],[174.76366,-36.84595],[174.76364,-36.846],[174.76358,-36.84598],[174.7635,-36.84617],[174.76348,-36.84621],[174.76359,-36.84625],[174.76377,-36.8463],[174.76384,-36.84616],[174.76387,-36.8461],[174.76383,-36.84609],[174.76394,-36.84585],[174.76381,-36.84581]]]}},{"type":"Feature","properties":{"kind":"commercial"},"geometry":{"type":"Polygon","coordinates":[[[174.78267,-36.85807],[174.78265,-36.85829],[174.78283,-36.85827],[174.78301,-36.85828],[174.78303,-36.8581],[174.78267,-36.85807]]]}},{"type":"Feature","properties":{"kind":"residential"},"geometry":{"type":"Polygon","coordinates":[[[174.7699,-36.86841],[174.76997,-36.86818],[174.77051,-36.8683],[174.77038,-36.86875],[174.7699,-36.86841]]]}},{"type":"Feature","properties":{"kind":"forest"},"geometry":{"type":"Polygon","coordinates":[[[174.76743,-36.85691],[174.76746,-36.8569],[174.76752,-36.85683],[174.76757,-36.85677],[174.76764,-36.85668],[174.76761,-36.85668],[174.76759,-36.8567],[174.76757,-36.85671],[174.76754,-36.85676],[174.7675,-36.85679],[174.76745,-36.85682],[174.76743,-36.85685],[174.76741,-36.85688],[174.76738,-36.8569],[174.76735,-36.85688],[174.7673,-36.85685],[174.7673,-36.85681],[174.76726,-36.85677],[174.76703,-36.85699],[174.76703,-36.85705],[174.76714,-36.8571],[174.76724,-36.85714],[174.76743,-36.85691]]]}},{"type":"Feature","properties":{"kind":"residential"},"geometry":{"type":"Polygon","coordinates":[[[174.76041,-36.85396],[174.76042,-36.85395],[174.7605,-36.85386],[174.76073,-36.85406],[174.76115,-36.85373],[174.7613,-36.85378],[174.76137,-36.85385],[174.76055,-36.85452],[174.7598,-36.85512],[174.75972,-36.85506],[174.75965,-36.85499],[174.75954,-36.8549],[174.75981,-36.85459],[174.75942,-36.85441],[174.75952,-36.85424],[174.75987,-36.8537],[174.76027,-36.85388],[174.76029,-36.8539],[174.76041,-36.85396]]]}},{"type":"Feature","properties":{"kind":"commercial"},"geometry":{"type":"Polygon","coordinates":[[[174.77841,-36.84985],[174.77953,-36.84947],[174.77951,-36.84943],[174.77995,-36.8493],[174.77944,-36.84906],[174.77922,-36.84905],[174.77901,-36.84909],[174.77813,-36.84941],[174.77792,-36.84949],[174.77763,-36.8497],[174.77758,-36.84973],[174.7772,-36.84998],[174.77692,-36.8502],[174.77663,-36.85046],[174.77615,-36.85097],[174.77614,-36.85104],[174.77618,-36.8511],[174.77623,-36.85114],[174.77629,-36.85115],[174.77634,-36.85115],[174.77639,-36.85114],[174.77648,-36.85105],[174.77704,-36.85056],[174.77841,-36.84985]]]}},{"type":"Feature","properties":{"kind":"commercial"},"geometry":{"type":"Polygon","coordinates":[[[174.77705,-36.85174],[174.77683,-36.85165],[174.77669,-36.85178],[174.77638,-36.85189],[174.77624,-36.85205],[174.77648,-36.85236],[174.77671,-36.85251],[174.77689,-36.85234],[174.77663,-36.85217],[174.77684,-36.85196],[174.77693,-36.85188],[174.77705,-36.85174]]]}},{"type":"Feature","properties":{"kind":"residential"},"geometry":{"type":"Polygon","coordinates":[[[174.75646,-36.86455],[174.75679,-36.86434],[174.75616,-36.86406],[174.75602,-36.86416],[174.75625,-36.86439],[174.75646,-36.86455]]]}},{"type":"Feature","properties":{"kind":"commercial"},"geometry":{"type":"Polygon","coordinates":[[[174.76143,-36.84807],[174.76144,-36.8481],[174.76146,-36.84813],[174.76144,-36.84816],[174.76138,-36.8483],[174.76113,-36.84884],[174.7608,-36.84958],[174.7605,-36.8495],[174.76045,-36.8496],[174.75951,-36.84933],[174.76022,-36.84775],[174.76031,-36.84774],[174.76035,-36.84776],[174.76037,-36.84775],[174.76045,-36.84777],[174.76048,-36.84779],[174.76048,-36.8478],[174.76052,-36.84781],[174.76054,-36.84781],[174.76056,-36.84781],[174.76056,-36.84782],[174.76057,-36.84782],[174.76057,-36.84781],[174.76071,-36.84785],[174.76121,-36.84799],[174.76123,-36.84803],[174.76124,-36.84804],[174.76129,-36.84802],[174.76129,-36.84803],[174.76132,-36.84802],[174.76146,-36.84806],[174.76143,-36.84807]]]}},{"type":"Feature","properties":{"kind":"residential"},"geometry":{"type":"Polygon","coordinates":[[[174.75647,-36.87033],[174.75624,-36.8706],[174.7561,-36.87053],[174.756,-36.87066],[174.75614,-36.87073],[174.75597,-36.87095],[174.75595,-36.87097],[174.75638,-36.87118],[174.75687,-36.87055],[174.75647,-36.87033]]]}},{"type":"Feature","properties":{"kind":"residential"},"geometry":{"type":"Polygon","coordinates":[[[174.75165,-36.85825],[174.75144,-36.85788],[174.75189,-36.85767],[174.75214,-36.85806],[174.75165,-36.85825]]]}},{"type":"Feature","properties":{"kind":"commercial"},"geometry":{"type":"Polygon","coordinates":[[[174.75121,-36.85843],[174.75098,-36.85806],[174.75144,-36.85788],[174.75165,-36.85825],[174.75121,-36.85843]]]}},{"type":"Feature","properties":{"kind":"residential"},"geometry":{"type":"Polygon","coordinates":[[[174.75315,-36.85849],[174.75313,-36.85851],[174.75257,-36.85895],[174.75256,-36.85896],[174.75221,-36.85876],[174.75211,-36.85888],[174.75197,-36.85881],[174.75177,-36.85848],[174.75206,-36.85837],[174.75239,-36.85824],[174.75252,-36.85819],[174.75257,-36.85818],[174.75293,-36.85804],[174.75319,-36.85843],[174.75315,-36.85849]]]}},{"type":"Feature","properties":{"kind":"commercial"},"geometry":{"type":"Polygon","coordinates":[[[174.76052,-36.845],[174.76024,-36.84504],[174.76006,-36.84499],[174.76023,-36.84453],[174.76067,-36.84464],[174.76052,-36.845]]]}},{"type":"Feature","properties":{"kind":"residential"},"geometry":{"type":"Polygon","coordinates":[[[174.78261,-36.86679],[174.78232,-36.867],[174.78216,-36.86727],[174.78232,-36.86729],[174.78206,-36.86785],[174.78183,-36.86782],[174.78182,-36.8679],[174.78184,-36.86795],[174.78187,-36.86797],[174.78192,-36.868],[174.78196,-36.86808],[174.78203,-36.86821],[174.78214,-36.86822],[174.78211,-36.86834],[174.78219,-36.8685],[174.78225,-36.86861],[174.7823,-36.8687],[174.78232,-36.86874],[174.78249,-36.86868],[174.78256,-36.86864],[174.78268,-36.86852],[174.78268,-36.86841],[174.78268,-36.86792],[174.78298,-36.86746],[174.78313,-36.86715],[174.78321,-36.86713],[174.78261,-36.86679]]]}},{"type":"Feature","properties":{"kind":"residential"},"geometry":{"type":"Polygon","coordinates":[[[174.78129,-36.86761],[174.78097,-36.86779],[174.78078,-36.8678],[174.78073,-36.86763],[174.78046,-36.8677],[174.78042,-36.86775],[174.78047,-36.86787],[174.78046,-36.86801],[174.78043,-36.86818],[174.7804,-36.86843],[174.78042,-36.86886],[174.78037,-36.86903],[174.78064,-36.86903],[174.7812,-36.86899],[174.78122,-36.86889],[174.78126,-36.86874],[174.78125,-36.86865],[174.78123,-36.86848],[174.78126,-36.86831],[174.78127,-36.86828],[174.78125,-36.86822],[174.78117,-36.86809],[174.78117,-36.86803],[174.78127,-36.86794],[174.7813,-36.86789],[174.78129,-36.86761]]]}},{"type":"Feature","properties":{"kind":"residential"},"geometry":{"type":"Polygon","coordinates":[[[174.76938,-36.86319],[174.76974,-36.86327],[174.76982,-36.86304],[174.76946,-36.86296],[174.76938,-36.86319]]]}},{"type":"Feature","properties":{"kind":"residential"},"geometry":{"type":"Polygon","coordinates":[[[174.77024,-36.8635],[174.77033,-36.86336],[174.77043,-36.8633],[174.77025,-36.86319],[174.77069,-36.86296],[174.77091,-36.86357],[174.77104,-36.86394],[174.77101,-36.86397],[174.76993,-36.86374],[174.77002,-36.86346],[174.77024,-36.8635]]]}},{"type":"Feature","properties":{"name":"Nixon Park","kind":"park"},"geometry":{"type":"Polygon","coordinates":[[[174.74671,-36.87025],[174.74665,-36.87009],[174.7464,-36.86952],[174.7463,-36.86923],[174.74631,-36.86923],[174.74619,-36.86894],[174.74613,-36.86881],[174.74595,-36.86887],[174.74577,-36.86893],[174.74544,-36.869],[174.7447,-36.86912],[174.74463,-36.86915],[174.7446,-36.86917],[174.74457,-36.86924],[174.74457,-36.86938],[174.74456,-36.86945],[174.74484,-36.87047],[174.74487,-36.87049],[174.74489,-36.87052],[174.74575,-36.87037],[174.74643,-36.87026],[174.74656,-36.87082],[174.74661,-36.87081],[174.74667,-36.87084],[174.74671,-36.87088],[174.74674,-36.87098],[174.74689,-36.87095],[174.74686,-36.87084],[174.74685,-36.87076],[174.74683,-36.87066],[174.7468,-36.87057],[174.74676,-36.87041],[174.74671,-36.87025]]]}},{"type":"Feature","properties":{"kind":"commercial"},"geometry":{"type":"Polygon","coordinates":[[[174.76069,-36.85473],[174.76021,-36.85511],[174.76056,-36.85538],[174.76083,-36.85505],[174.76073,-36.85502],[174.76069,-36.85473]]]}},{"type":"Feature","properties":{"kind":"residential"},"geometry":{"type":"Polygon","coordinates":[[[174.75943,-36.8641],[174.75961,-36.86357],[174.75967,-36.86359],[174.7598,-36.86362],[174.75986,-36.86363],[174.75977,-36.86389],[174.75993,-36.86393],[174.75984,-36.8642],[174.7597,-36.8646],[174.75968,-36.86464],[174.75965,-36.86477],[174.75956,-36.86508],[174.75953,-36.86507],[174.75952,-36.86507],[174.7595,-36.86507],[174.75921,-36.86501],[174.75918,-36.865],[174.75888,-36.86494],[174.75886,-36.86491],[174.75904,-36.86437],[174.75916,-36.86404],[174.75943,-36.8641]]]}},{"type":"Feature","properties":{"kind":"residential"},"geometry":{"type":"Polygon","coordinates":[[[174.77445,-36.8279],[174.77426,-36.82757],[174.77407,-36.82764],[174.77365,-36.82779],[174.77383,-36.82813],[174.77426,-36.82797],[174.77445,-36.8279]]]}},{"type":"Feature","properties":{"kind":"residential"},"geometry":{"type":"Polygon","coordinates":[[[174.77666,-36.82513],[174.77674,-36.8251],[174.77729,-36.82607],[174.77864,-36.82558],[174.77822,-36.82483],[174.77815,-36.82485],[174.77766,-36.82478],[174.77678,-36.82463],[174.77647,-36.82474],[174.77646,-36.8248],[174.77651,-36.82487],[174.77666,-36.82513]]]}},{"type":"Feature","properties":{"kind":"residential"},"geometry":{"type":"Polygon","coordinates":[[[174.78354,-36.82538],[174.78279,-36.82515],[174.78274,-36.82522],[174.78254,-36.82536],[174.78229,-36.82551],[174.78205,-36.82567],[174.78203,-36.8259],[174.78221,-36.82599],[174.78207,-36.82627],[174.78196,-36.82638],[174.78163,-36.82627],[174.78144,-36.82662],[174.78275,-36.82706],[174.78292,-36.82667],[174.78354,-36.82538]]]}},{"type":"Feature","properties":{"kind":"residential"},"geometry":{"type":"Polygon","coordinates":[[[174.78181,-36.82694],[174.78263,-36.82721],[174.78262,-36.82724],[174.78208,-36.82722],[174.78206,-36.82724],[174.78171,-36.82722],[174.78169,-36.82716],[174.78181,-36.82694]]]}},{"type":"Feature","properties":{"kind":"residential"},"geometry":{"type":"Polygon","coordinates":[[[174.78796,-36.82559],[174.78713,-36.82735],[174.78902,-36.82764],[174.78911,-36.82698],[174.78862,-36.82693],[174.78857,-36.82711],[174.7882,-36.82705],[174.78849,-36.8268],[174.78865,-36.82588],[174.78867,-36.82573],[174.7883,-36.82569],[174.78825,-36.82563],[174.78796,-36.82559]]]}},{"type":"Feature","properties":{"kind":"commercial"},"geometry":{"type":"Polygon","coordinates":[[[174.77466,-36.85182],[174.77518,-36.85126],[174.77578,-36.85162],[174.77549,-36.85192],[174.77566,-36.85203],[174.77553,-36.85211],[174.77549,-36.85214],[174.77544,-36.85218],[174.7754,-36.85218],[174.77527,-36.8522],[174.77522,-36.85217],[174.77466,-36.85182]]]}},{"type":"Feature","properties":{"kind":"commercial"},"geometry":{"type":"Polygon","coordinates":[[[174.77577,-36.85291],[174.77578,-36.85294],[174.77538,-36.85334],[174.77515,-36.8532],[174.77522,-36.85312],[174.77504,-36.85302],[174.77503,-36.85303],[174.7748,-36.85288],[174.77528,-36.8524],[174.77548,-36.85252],[174.77548,-36.85257],[174.7755,-36.85259],[174.77552,-36.85262],[174.77557,-36.85267],[174.7757,-36.85276],[174.77579,-36.85289],[174.77577,-36.85291]]]}},{"type":"Feature","properties":{"kind":"commercial"},"geometry":{"type":"Polygon","coordinates":[[[174.73394,-36.86269],[174.73396,-36.863],[174.73417,-36.86301],[174.73417,-36.86306],[174.73465,-36.8631],[174.73462,-36.86344],[174.73413,-36.86346],[174.7341,-36.86348],[174.73414,-36.86385],[174.73399,-36.86389],[174.73389,-36.86394],[174.73355,-36.86328],[174.73358,-36.86326],[174.73353,-36.86318],[174.73342,-36.86295],[174.73394,-36.86269]]]}},{"type":"Feature","properties":{"kind":"residential"},"geometry":{"type":"Polygon","coordinates":[[[174.75035,-36.85048],[174.75044,-36.85056],[174.75045,-36.85059],[174.75046,-36.85061],[174.75067,-36.85078],[174.75115,-36.8504],[174.75121,-36.8503],[174.75093,-36.85019],[174.75079,-36.85014],[174.75035,-36.85048]]]}},{"type":"Feature","properties":{"name":"SKHY","kind":"residential"},"geometry":{"type":"Polygon","coordinates":[[[174.76229,-36.8642],[174.76234,-36.86404],[174.76241,-36.86382],[174.76243,-36.86375],[174.76247,-36.86362],[174.76248,-36.86359],[174.76249,-36.86356],[174.76226,-36.86352],[174.76225,-36.86355],[174.76193,-36.86348],[174.76185,-36.86347],[174.76182,-36.86355],[174.76182,-36.86356],[174.76179,-36.86365],[174.76177,-36.86373],[174.76173,-36.86386],[174.76172,-36.8639],[174.76171,-36.86394],[174.76166,-36.86406],[174.7617,-36.86407],[174.76174,-36.86408],[174.76179,-36.86409],[174.76184,-36.8641],[174.76189,-36.86411],[174.76194,-36.86412],[174.76199,-36.86413],[174.76203,-36.86413],[174.76205,-36.86414],[174.76216,-36.86417],[174.76229,-36.8642]]]}},{"type":"Feature","properties":{"name":"Rose Park Hotel","kind":"commercial"},"geometry":{"type":"Polygon","coordinates":[[[174.78571,-36.85017],[174.78573,-36.85067],[174.78573,-36.85068],[174.7859,-36.8513],[174.78537,-36.85138],[174.78523,-36.85081],[174.78521,-36.85018],[174.78571,-36.85017]]]}},{"type":"Feature","properties":{"name":"Orams Marine Hardstand","kind":"industrial"},"geometry":{"type":"Polygon","coordinates":[[[174.75387,-36.84178],[174.75376,-36.84206],[174.75374,-36.8421],[174.75339,-36.84201],[174.75329,-36.84226],[174.75325,-36.84233],[174.75292,-36.84224],[174.75297,-36.84212],[174.75269,-36.84205],[174.75276,-36.84188],[174.75277,-36.84186],[174.75287,-36.84163],[174.7529,-36.84154],[174.75291,-36.84155],[174.75293,-36.8415],[174.75306,-36.84118],[174.75307,-36.84117],[174.75309,-36.8411],[174.75311,-36.84106],[174.75316,-36.84094],[174.75317,-36.84091],[174.75335,-36.84048],[174.75336,-36.84045],[174.75341,-36.84032],[174.75343,-36.84028],[174.7535,-36.8401],[174.75351,-36.8401],[174.75354,-36.84011],[174.75356,-36.84012],[174.75358,-36.84012],[174.75389,-36.8402],[174.7538,-36.84042],[174.75378,-36.84046],[174.75402,-36.84052],[174.75467,-36.84069],[174.75432,-36.84153],[174.75367,-36.84135],[174.75354,-36.84169],[174.75387,-36.84178]]]}},{"type":"Feature","properties":{"kind":"residential"},"geometry":{"type":"Polygon","coordinates":[[[174.73537,-36.85219],[174.73602,-36.85233],[174.73612,-36.85204],[174.73539,-36.85188],[174.73479,-36.852],[174.73486,-36.8523],[174.73537,-36.85219]]]}},{"type":"Feature","properties":{"kind":"residential"},"geometry":{"type":"Polygon","coordinates":[[[174.73487,-36.85245],[174.73496,-36.85271],[174.73485,-36.85292],[174.7346,-36.85281],[174.7342,-36.8526],[174.73487,-36.85245]]]}},{"type":"Feature","properties":{"kind":"grass"},"geometry":{"type":"Polygon","coordinates":[[[174.75262,-36.8687],[174.7527,-36.86848],[174.75271,-36.86847],[174.75274,-36.86845],[174.75303,-36.86838],[174.75333,-36.86831],[174.75316,-36.86882],[174.75262,-36.8687]]]}},{"type":"Feature","properties":{"kind":"grass"},"geometry":{"type":"Polygon","coordinates":[[[174.74742,-36.86815],[174.74722,-36.86825],[174.74689,-36.86839],[174.74667,-36.86849],[174.74626,-36.86868],[174.74606,-36.86872],[174.74593,-36.86877],[174.74583,-36.8688],[174.74563,-36.86885],[174.74528,-36.86892],[174.74481,-36.86903],[174.74467,-36.86904],[174.74454,-36.86904],[174.74459,-36.86901],[174.74508,-36.86892],[174.74536,-36.86885],[174.74578,-36.86873],[174.7459,-36.8687],[174.74603,-36.86866],[174.74637,-36.86854],[174.74642,-36.86857],[174.74685,-36.86839],[174.74712,-36.86827],[174.74732,-36.86819],[174.74742,-36.86815]]]}},{"type":"Feature","properties":{"kind":"retail"},"geometry":{"type":"Polygon","coordinates":[[[174.74044,-36.85709],[174.74004,-36.85682],[174.74,-36.85682],[174.74003,-36.85706],[174.74012,-36.85705],[174.74022,-36.85714],[174.74028,-36.85724],[174.74044,-36.85709]]]}},{"type":"Feature","properties":{"name":"Parnell Student Village","kind":"residential"},"geometry":{"type":"Polygon","coordinates":[[[174.78062,-36.86063],[174.78082,-36.86097],[174.78106,-36.86154],[174.78143,-36.86135],[174.78144,-36.86102],[174.78134,-36.8606],[174.78114,-36.86048],[174.7811,-36.86034],[174.78071,-36.86029],[174.78068,-36.86046],[174.78062,-36.86063]]]}},{"type":"Feature","properties":{"kind":"residential"},"geometry":{"type":"Polygon","coordinates":[[[174.76767,-36.86012],[174.76755,-36.86047],[174.76727,-36.86041],[174.76725,-36.86047],[174.76717,-36.86045],[174.76715,-36.86044],[174.76714,-36.86043],[174.76713,-36.86041],[174.76714,-36.86039],[174.76737,-36.86015],[174.76753,-36.85997],[174.76767,-36.86005],[174.76769,-36.86007],[174.76767,-36.86012]]]}},{"type":"Feature","properties":{"kind":"residential"},"geometry":{"type":"Polygon","coordinates":[[[174.78196,-36.86353],[174.78188,-36.86341],[174.78187,-36.86328],[174.78182,-36.8632],[174.78166,-36.86307],[174.78176,-36.86296],[174.78168,-36.86291],[174.78161,-36.86287],[174.7815,-36.86298],[174.7813,-36.86284],[174.78094,-36.86317],[174.78175,-36.86372],[174.78196,-36.86353]]]}},{"type":"Feature","properties":{"name":"Silo Park","kind":"park"},"geometry":{"type":"Polygon","coordinates":[[[174.75371,-36.8396],[174.7537,-36.83964],[174.75368,-36.83968],[174.75367,-36.83971],[174.75367,-36.83972],[174.75366,-36.83973],[174.75357,-36.83994],[174.75356,-36.83996],[174.75377,-36.84002],[174.75377,-36.84],[174.75452,-36.8402],[174.75472,-36.84025],[174.75471,-36.84027],[174.75513,-36.84038],[174.75587,-36.84058],[174.75589,-36.84058],[174.7559,-36.84058],[174.75592,-36.84058],[174.75594,-36.84058],[174.75596,-36.84057],[174.75597,-36.84056],[174.75597,-36.84055],[174.75598,-36.84053],[174.75601,-36.84045],[174.75602,-36.84044],[174.75603,-36.84039],[174.75604,-36.84038],[174.75605,-36.84036],[174.75606,-36.84034],[174.75607,-36.84031],[174.7561,-36.84023],[174.75619,-36.84001],[174.75555,-36.83954],[174.75553,-36.83952],[174.75548,-36.83949],[174.75546,-36.83948],[174.75541,-36.83953],[174.75529,-36.83964],[174.75525,-36.83964],[174.75522,-36.8397],[174.75505,-36.8396],[174.75478,-36.83941],[174.75453,-36.83921],[174.75453,-36.83922],[174.75451,-36.83921],[174.75443,-36.83915],[174.75437,-36.8392],[174.75445,-36.83926],[174.75447,-36.83927],[174.7541,-36.83959],[174.75422,-36.83962],[174.75411,-36.8397],[174.75398,-36.83967],[174.75371,-36.8396]]]}},{"type":"Feature","properties":{"kind":"commercial"},"geometry":{"type":"Polygon","coordinates":[[[174.75681,-36.84211],[174.75661,-36.84262],[174.75728,-36.8428],[174.75751,-36.8423],[174.75681,-36.84211]]]}},{"type":"Feature","properties":{"name":"Ko Takere Haere / Saint Mary's Bay Park","kind":"park"},"geometry":{"type":"Polygon","coordinates":[[[174.74594,-36.84279],[174.74615,-36.84293],[174.74668,-36.84303],[174.74712,-36.84306],[174.74778,-36.84306],[174.74787,-36.8431],[174.74805,-36.84312],[174.74827,-36.84315],[174.74849,-36.8432],[174.74848,-36.84312],[174.74813,-36.84303],[174.74779,-36.84297],[174.74773,-36.84296],[174.74756,-36.84292],[174.74722,-36.84289],[174.74694,-36.84281],[174.74674,-36.84271],[174.74653,-36.84262],[174.74625,-36.84247],[174.74608,-36.84237],[174.74587,-36.84219],[174.74568,-36.84202],[174.7455,-36.84179],[174.74527,-36.84142],[174.74519,-36.8413],[174.74497,-36.84098],[174.74482,-36.84081],[174.74465,-36.84066],[174.74441,-36.84049],[174.74437,-36.84052],[174.74453,-36.84066],[174.74467,-36.84081],[174.74473,-36.84096],[174.74493,-36.84123],[174.74529,-36.84186],[174.74488,-36.842],[174.74493,-36.84209],[174.7453,-36.84196],[174.74549,-36.84227],[174.74554,-36.84238],[174.74549,-36.84252],[174.74568,-36.84286],[174.74594,-36.84255],[174.74608,-36.84262],[174.74594,-36.84279]]]}},{"type":"Feature","properties":{"name":"Amey Daldy Park","kind":"park"},"geometry":{"type":"Polygon","coordinates":[[[174.75574,-36.84334],[174.75505,-36.84316],[174.7548,-36.84374],[174.75503,-36.8438],[174.75532,-36.84387],[174.75533,-36.84386],[174.75548,-36.8439],[174.7555,-36.8439],[174.75554,-36.84382],[174.7556,-36.84368],[174.75574,-36.84334]]]}},{"type":"Feature","properties":{"name":"Wairau Park","kind":"park"},"geometry":{"type":"Polygon","coordinates":[[[174.75151,-36.85282],[174.75131,-36.85276],[174.75119,-36.85283],[174.75107,-36.85291],[174.75104,-36.85292],[174.751,-36.85292],[174.75099,-36.85291],[174.75097,-36.85289],[174.75097,-36.85287],[174.75107,-36.85268],[174.75124,-36.85272],[174.75126,-36.85266],[174.75129,-36.85267],[174.75139,-36.8526],[174.7515,-36.85232],[174.75168,-36.85236],[174.75151,-36.85282]]]}},{"type":"Feature","properties":{"kind":"commercial"},"geometry":{"type":"Polygon","coordinates":[[[174.75151,-36.85282],[174.75131,-36.85276],[174.75119,-36.85283],[174.75107,-36.85291],[174.75104,-36.85292],[174.751,-36.85292],[174.75099,-36.85291],[174.75097,-36.85289],[174.75097,-36.85287],[174.75107,-36.85268],[174.75124,-36.85272],[174.75126,-36.85266],[174.75129,-36.85267],[174.75139,-36.8526],[174.7515,-36.85232],[174.75135,-36.85228],[174.75129,-36.85243],[174.75082,-36.85231],[174.75063,-36.85285],[174.75062,-36.85289],[174.75095,-36.85296],[174.75076,-36.8534],[174.75121,-36.8535],[174.75151,-36.85282]]]}},{"type":"Feature","properties":{"kind":"commercial"},"geometry":{"type":"Polygon","coordinates":[[[174.74496,-36.87079],[174.74489,-36.87052],[174.74575,-36.87037],[174.74583,-36.87067],[174.74587,-36.8708],[174.7459,-36.87094],[174.74503,-36.87109],[174.745,-36.87096],[174.74503,-36.87095],[174.74528,-36.87091],[174.74536,-36.87089],[174.74534,-36.87079],[174.74532,-36.87073],[174.74505,-36.87078],[174.74498,-36.87079],[174.74496,-36.87079]]]}},{"type":"Feature","properties":{"kind":"commercial"},"geometry":{"type":"Polygon","coordinates":[[[174.7564,-36.84351],[174.75635,-36.84363],[174.75638,-36.84364],[174.75626,-36.84396],[174.75702,-36.84416],[174.75703,-36.84412],[174.75718,-36.84376],[174.75717,-36.84374],[174.75715,-36.84371],[174.75679,-36.84362],[174.75653,-36.84355],[174.75645,-36.84353],[174.7564,-36.84351]]]}},{"type":"Feature","properties":{"name":"Union Green","kind":"residential"},"geometry":{"type":"Polygon","coordinates":[[[174.75532,-36.85146],[174.75551,-36.85135],[174.75552,-36.85135],[174.75572,-36.85124],[174.7558,-36.8512],[174.75593,-36.85129],[174.75616,-36.85145],[174.75636,-36.85158],[174.75571,-36.85193],[174.75532,-36.85146]]]}},{"type":"Feature","properties":{"name":"Gold Hole Boatyard","kind":"industrial"},"geometry":{"type":"Polygon","coordinates":[[[174.74974,-36.82478],[174.74981,-36.82477],[174.74989,-36.82477],[174.75007,-36.82482],[174.75004,-36.82512],[174.75003,-36.8254],[174.74995,-36.82546],[174.74989,-36.82548],[174.74978,-36.82545],[174.74972,-36.82538],[174.74965,-36.82525],[174.74962,-36.82513],[174.74968,-36.82499],[174.74962,-36.82497],[174.74974,-36.82478]]]}},{"type":"Feature","properties":{"name":"Glenside Reserve North","kind":"park"},"geometry":{"type":"Polygon","coordinates":[[[174.76279,-36.86176],[174.76282,-36.8618],[174.76304,-36.86208],[174.76306,-36.86209],[174.76317,-36.86225],[174.76337,-36.86247],[174.76339,-36.86249],[174.76347,-36.86258],[174.76364,-36.86274],[174.76379,-36.86267],[174.76357,-36.86249],[174.76317,-36.86201],[174.763,-36.86174],[174.76284,-36.86168],[174.76279,-36.86176]]]}},{"type":"Feature","properties":{"kind":"grass"},"geometry":{"type":"Polygon","coordinates":[[[174.76984,-36.85561],[174.76993,-36.85579],[174.76996,-36.85583],[174.77,-36.85586],[174.77005,-36.85588],[174.7701,-36.85589],[174.77014,-36.85588],[174.77019,-36.85585],[174.77047,-36.85565],[174.77066,-36.8555],[174.77078,-36.85538],[174.77086,-36.85528],[174.77089,-36.8552],[174.77089,-36.85513],[174.77083,-36.85506],[174.7708,-36.85501],[174.77079,-36.85493],[174.77077,-36.85489],[174.77076,-36.85487],[174.77074,-36.85487],[174.7707,-36.85488],[174.77039,-36.85511],[174.76995,-36.8555],[174.76984,-36.85561]]]}},{"type":"Feature","properties":{"name":"Evelyn Street Reserve","kind":"park"},"geometry":{"type":"Polygon","coordinates":[[[174.75422,-36.86528],[174.75417,-36.86525],[174.75397,-36.86504],[174.75434,-36.86482],[174.75435,-36.86492],[174.75432,-36.86506],[174.75431,-36.86513],[174.75427,-36.86524],[174.75422,-36.86528]]]}},{"type":"Feature","properties":{"kind":"grass"},"geometry":{"type":"Polygon","coordinates":[[[174.7535,-36.86719],[174.75336,-36.86706],[174.75335,-36.867],[174.7535,-36.86689],[174.75364,-36.86691],[174.75373,-36.86685],[174.75373,-36.86673],[174.75392,-36.86658],[174.75393,-36.86658],[174.75397,-36.86662],[174.75397,-36.86663],[174.75397,-36.86665],[174.75391,-36.86686],[174.75388,-36.86683],[174.75384,-36.86685],[174.75381,-36.86691],[174.75374,-36.86698],[174.75368,-36.86705],[174.75362,-36.86714],[174.75356,-36.86719],[174.7535,-36.86719]]]}},{"type":"Feature","properties":{"kind":"grass"},"geometry":{"type":"Polygon","coordinates":[[[174.7542,-36.86732],[174.75414,-36.86753],[174.7541,-36.86763],[174.75408,-36.86763],[174.75396,-36.86799],[174.75431,-36.86791],[174.7543,-36.86788],[174.75428,-36.86781],[174.75432,-36.86774],[174.75457,-36.86772],[174.75457,-36.86761],[174.75522,-36.86758],[174.75541,-36.86754],[174.75555,-36.8675],[174.75545,-36.86742],[174.75512,-36.86754],[174.75502,-36.86756],[174.75493,-36.86746],[174.75476,-36.86759],[174.75471,-36.86759],[174.75454,-36.86749],[174.75447,-36.86742],[174.7544,-36.86737],[174.7542,-36.86732]]]}},{"type":"Feature","properties":{"kind":"grass"},"geometry":{"type":"Polygon","coordinates":[[[174.75367,-36.86759],[174.75354,-36.86782],[174.75347,-36.8679],[174.75338,-36.86798],[174.75323,-36.86807],[174.75308,-36.86814],[174.7529,-36.86821],[174.75277,-36.86825],[174.75265,-36.86829],[174.75242,-36.86837],[174.75242,-36.86838],[174.7534,-36.86812],[174.75345,-36.86804],[174.75351,-36.86795],[174.75357,-36.8679],[174.7536,-36.86784],[174.75366,-36.86767],[174.75368,-36.86761],[174.75367,-36.86759]]]}},{"type":"Feature","properties":{"kind":"grass"},"geometry":{"type":"Polygon","coordinates":[[[174.75177,-36.86875],[174.75182,-36.86876],[174.75187,-36.8688],[174.75203,-36.86895],[174.75211,-36.86903],[174.75222,-36.86909],[174.75229,-36.86913],[174.75227,-36.86916],[174.752,-36.86912],[174.75187,-36.86909],[174.75185,-36.86908],[174.75188,-36.86895],[174.75177,-36.8688],[174.75176,-36.86877],[174.75177,-36.86875]]]}},{"type":"Feature","properties":{"kind":"park"},"geometry":{"type":"Polygon","coordinates":[[[174.75259,-36.86953],[174.75252,-36.86974],[174.75252,-36.86975],[174.75266,-36.86977],[174.75271,-36.86991],[174.75272,-36.87004],[174.75275,-36.86993],[174.75278,-36.86982],[174.75285,-36.86964],[174.7529,-36.86949],[174.75259,-36.86953]]]}},{"type":"Feature","properties":{"name":"Queens Parade Reserve","kind":"park"},"geometry":{"type":"Polygon","coordinates":[[[174.79545,-36.83231],[174.7954,-36.83235],[174.79515,-36.83232],[174.79501,-36.83229],[174.79469,-36.83219],[174.7945,-36.83211],[174.79269,-36.83115],[174.79196,-36.83097],[174.79094,-36.83073],[174.79095,-36.83068],[174.79094,-36.83062],[174.79115,-36.83062],[174.79275,-36.831],[174.79378,-36.83156],[174.79375,-36.83161],[174.79439,-36.83194],[174.79445,-36.83189],[174.7945,-36.83192],[174.79451,-36.83192],[174.79505,-36.83213],[174.79539,-36.83227],[174.79546,-36.83229],[174.79545,-36.8323],[174.79545,-36.83231]]]}},{"type":"Feature","properties":{"kind":"retail"},"geometry":{"type":"Polygon","coordinates":[[[174.77967,-36.8478],[174.7798,-36.84749],[174.77964,-36.84745],[174.77969,-36.84732],[174.77886,-36.84712],[174.77881,-36.84724],[174.77886,-36.84729],[174.77895,-36.84737],[174.77927,-36.84759],[174.77967,-36.8478]]]}},{"type":"Feature","properties":{"kind":"recreation_ground"},"geometry":{"type":"Polygon","coordinates":[[[174.73948,-36.84662],[174.74027,-36.84654],[174.7404,-36.84678],[174.74054,-36.84692],[174.74063,-36.84696],[174.74069,-36.84752],[174.74043,-36.84755],[174.73964,-36.84762],[174.73948,-36.84662]]]}},{"type":"Feature","properties":{"kind":"grass"},"geometry":{"type":"Polygon","coordinates":[[[174.77913,-36.86694],[174.77921,-36.86703],[174.77928,-36.86714],[174.77935,-36.86726],[174.7794,-36.86736],[174.77959,-36.86705],[174.7797,-36.86687],[174.77967,-36.86686],[174.77959,-36.8669],[174.77947,-36.86693],[174.77947,-36.86696],[174.77937,-36.86696],[174.77937,-36.86693],[174.77931,-36.86694],[174.7792,-36.86695],[174.77913,-36.86694]]]}},{"type":"Feature","properties":{"kind":"park"},"geometry":{"type":"Polygon","coordinates":[[[174.77394,-36.82633],[174.77392,-36.82645],[174.77407,-36.82679],[174.77405,-36.82687],[174.77406,-36.82689],[174.77406,-36.82691],[174.77511,-36.82687],[174.77515,-36.82685],[174.77511,-36.82685],[174.77416,-36.82687],[174.77413,-36.82684],[174.77413,-36.82666],[174.77406,-36.82649],[174.77405,-36.82639],[174.77394,-36.82633]]]}},{"type":"Feature","properties":{"kind":"grass"},"geometry":{"type":"Polygon","coordinates":[[[174.79241,-36.82572],[174.79236,-36.82571],[174.79233,-36.82547],[174.79227,-36.82533],[174.79217,-36.82523],[174.79208,-36.82518],[174.792,-36.82512],[174.79199,-36.8251],[174.79197,-36.82506],[174.79196,-36.82505],[174.79197,-36.82503],[174.79201,-36.82501],[174.79221,-36.82491],[174.79216,-36.82495],[174.79214,-36.82498],[174.79216,-36.82502],[174.79224,-36.82517],[174.79234,-36.82533],[174.79236,-36.8254],[174.79241,-36.82572]]]}},{"type":"Feature","properties":{"kind":"forest"},"geometry":{"type":"Polygon","coordinates":[[[174.74712,-36.87205],[174.74718,-36.87206],[174.74726,-36.87205],[174.74732,-36.87202],[174.74738,-36.872],[174.74742,-36.87199],[174.74747,-36.87199],[174.74749,-36.87198],[174.74749,-36.87195],[174.74755,-36.87194],[174.74761,-36.87192],[174.74766,-36.8719],[174.74772,-36.87187],[174.74787,-36.87182],[174.74796,-36.87177],[174.74804,-36.87172],[174.74806,-36.87174],[174.74813,-36.8717],[174.74821,-36.87165],[174.74823,-36.87163],[174.74827,-36.87161],[174.74828,-36.87162],[174.74829,-36.87164],[174.7483,-36.87166],[174.74828,-36.87167],[174.74822,-36.87169],[174.74819,-36.87172],[174.74816,-36.87173],[174.74811,-36.87175],[174.74806,-36.87177],[174.74797,-36.87181],[174.74791,-36.87184],[174.74787,-36.87188],[174.7478,-36.87192],[174.74776,-36.87194],[174.74772,-36.87196],[174.74765,-36.87199],[174.74758,-36.87203],[174.74755,-36.87205],[174.74749,-36.87208],[174.7474,-36.87213],[174.74732,-36.87217],[174.74726,-36.8722],[174.74722,-36.87222],[174.74719,-36.8722],[174.74718,-36.87216],[174.74711,-36.87206],[174.74712,-36.87205]]]}},{"type":"Feature","properties":{"kind":"forest"},"geometry":{"type":"Polygon","coordinates":[[[174.74682,-36.87068],[174.7468,-36.87065],[174.7468,-36.87062],[174.7468,-36.87059],[174.74677,-36.87056],[174.74678,-36.87053],[174.74677,-36.8705],[174.74676,-36.87046],[174.74675,-36.87042],[174.74673,-36.87034],[174.74671,-36.87029],[174.7467,-36.87025],[174.74669,-36.8702],[174.74662,-36.87011],[174.74659,-36.87006],[174.74657,-36.87001],[174.74655,-36.86997],[174.74653,-36.86993],[174.74648,-36.8699],[174.74649,-36.86988],[174.74649,-36.86986],[174.74649,-36.86983],[174.74647,-36.86982],[174.74644,-36.86982],[174.74642,-36.8698],[174.74642,-36.86977],[174.74643,-36.86974],[174.74642,-36.86973],[174.74638,-36.86972],[174.74638,-36.86968],[174.74635,-36.86965],[174.74637,-36.86961],[174.74637,-36.86959],[174.74637,-36.86957],[174.74635,-36.86955],[174.74633,-36.86955],[174.7463,-36.86957],[174.74628,-36.86956],[174.74626,-36.86953],[174.74624,-36.8695],[174.74622,-36.86948],[174.74619,-36.86946],[174.74615,-36.86944],[174.7461,-36.86942],[174.74606,-36.86942],[174.74602,-36.86944],[174.746,-36.86947],[174.74599,-36.8695],[174.74601,-36.86955],[174.74604,-36.86957],[174.74605,-36.86962],[174.74605,-36.86967],[174.74608,-36.86971],[174.74611,-36.86975],[174.74612,-36.86983],[174.74611,-36.86986],[174.74612,-36.8699],[174.74613,-36.86995],[174.74613,-36.86998],[174.74617,-36.87005],[174.74618,-36.87009],[174.74618,-36.87015],[174.74619,-36.8702],[174.74625,-36.87021],[174.74629,-36.87017],[174.74637,-36.87016],[174.74644,-36.87017],[174.74642,-36.8702],[174.74638,-36.87025],[174.74643,-36.87025],[174.74645,-36.87029],[174.74647,-36.87035],[174.74648,-36.87041],[174.74649,-36.87046],[174.74652,-36.8706],[174.74655,-36.8707],[174.74657,-36.87075],[174.74658,-36.8708],[174.74661,-36.87082],[174.74664,-36.87082],[174.74667,-36.87078],[174.7467,-36.87081],[174.74672,-36.8708],[174.74673,-36.87077],[174.74677,-36.87075],[174.74679,-36.87072],[174.74682,-36.87068]]]}},{"type":"Feature","properties":{"kind":"forest"},"geometry":{"type":"Polygon","coordinates":[[[174.74592,-36.869],[174.74585,-36.86902],[174.74578,-36.86902],[174.74547,-36.86907],[174.74538,-36.86909],[174.74533,-36.8691],[174.74528,-36.86911],[174.74503,-36.86916],[174.74491,-36.86918],[174.74483,-36.86919],[174.74476,-36.86923],[174.74474,-36.86926],[174.74474,-36.8693],[174.74475,-36.86935],[174.74482,-36.86958],[174.74484,-36.86965],[174.74487,-36.86971],[174.74486,-36.86975],[174.74483,-36.86976],[174.7448,-36.86975],[174.74478,-36.86973],[174.74478,-36.86969],[174.74475,-36.86964],[174.7447,-36.86958],[174.74465,-36.86948],[174.74462,-36.86942],[174.74459,-36.86939],[174.74458,-36.86925],[174.74461,-36.8692],[174.74468,-36.86915],[174.74473,-36.86913],[174.74486,-36.86911],[174.74504,-36.86908],[174.74545,-36.86901],[174.74578,-36.86894],[174.74589,-36.8689],[174.7459,-36.86893],[174.74594,-36.86893],[174.74606,-36.8689],[174.74613,-36.8689],[174.74615,-36.86891],[174.74617,-36.86894],[174.74616,-36.86896],[174.74614,-36.86896],[174.74614,-36.86894],[174.74612,-36.86892],[174.74596,-36.86896],[174.74597,-36.86901],[174.74594,-36.86901],[174.74592,-36.869]]]}},{"type":"Feature","properties":{"kind":"forest"},"geometry":{"type":"Polygon","coordinates":[[[174.74574,-36.87019],[174.74572,-36.87028],[174.74567,-36.87032],[174.74538,-36.87038],[174.74526,-36.8704],[174.74512,-36.87036],[174.74505,-36.87039],[174.74495,-36.87038],[174.74489,-36.87034],[174.74483,-36.87034],[174.7448,-36.87023],[174.74483,-36.87019],[174.74489,-36.8702],[174.74491,-36.87017],[174.74492,-36.87018],[174.74496,-36.87031],[174.74498,-36.87035],[174.74506,-36.87033],[174.74503,-36.87017],[174.74504,-36.87017],[174.74509,-36.8702],[174.74516,-36.87021],[174.74523,-36.8702],[174.74554,-36.87012],[174.74561,-36.87011],[174.74567,-36.87011],[174.74571,-36.87013],[174.74574,-36.87015],[174.74574,-36.87019]]]}},{"type":"Feature","properties":{"kind":"commercial"},"geometry":{"type":"Polygon","coordinates":[[[174.77487,-36.86975],[174.77428,-36.86961],[174.77437,-36.86931],[174.77456,-36.86935],[174.77476,-36.86939],[174.77496,-36.86943],[174.77497,-36.86944],[174.77487,-36.86975]]]}},{"type":"Feature","properties":{"kind":"grass"},"geometry":{"type":"Polygon","coordinates":[[[174.78423,-36.84867],[174.78544,-36.84861],[174.78546,-36.84858],[174.78546,-36.84851],[174.78546,-36.84849],[174.78542,-36.84849],[174.78542,-36.84846],[174.78534,-36.84848],[174.78529,-36.84847],[174.78525,-36.84849],[174.78521,-36.84848],[174.7852,-36.84849],[174.78515,-36.84849],[174.78513,-36.8485],[174.7851,-36.84849],[174.78506,-36.84848],[174.78501,-36.84849],[174.78495,-36.84849],[174.7849,-36.84849],[174.78485,-36.84849],[174.78481,-36.84849],[174.78475,-36.84851],[174.78471,-36.84851],[174.78467,-36.84853],[174.78462,-36.84856],[174.7846,-36.84858],[174.78458,-36.84857],[174.78456,-36.84854],[174.78453,-36.84854],[174.78452,-36.84853],[174.7845,-36.84855],[174.78447,-36.84858],[174.78445,-36.84859],[174.7844,-36.84861],[174.78439,-36.84864],[174.78435,-36.84865],[174.78432,-36.84865],[174.78429,-36.84865],[174.78427,-36.84867],[174.78423,-36.84867]]]}},{"type":"Feature","properties":{"kind":"residential"},"geometry":{"type":"Polygon","coordinates":[[[174.75794,-36.86128],[174.75774,-36.86169],[174.75712,-36.86151],[174.7571,-36.8615],[174.7571,-36.86144],[174.75713,-36.86138],[174.75757,-36.86117],[174.75794,-36.86128]]]}},{"type":"Feature","properties":{"kind":"forest"},"geometry":{"type":"Polygon","coordinates":[[[174.7546,-36.86262],[174.75457,-36.86263],[174.75453,-36.86265],[174.75445,-36.86272],[174.75423,-36.8629],[174.75413,-36.86299],[174.75399,-36.86312],[174.75382,-36.86324],[174.75366,-36.86339],[174.75349,-36.86353],[174.75332,-36.86367],[174.75335,-36.86369],[174.75359,-36.86349],[174.75363,-36.86351],[174.75379,-36.86337],[174.754,-36.86324],[174.75411,-36.86315],[174.75426,-36.86296],[174.75426,-36.86295],[174.75437,-36.86284],[174.75447,-36.86276],[174.75459,-36.86271],[174.7547,-36.86268],[174.75469,-36.86265],[174.75464,-36.86262],[174.7546,-36.86262]]]}},{"type":"Feature","properties":{"kind":"forest"},"geometry":{"type":"Polygon","coordinates":[[[174.75381,-36.86342],[174.75357,-36.86358],[174.75358,-36.86361],[174.75393,-36.86344],[174.7541,-36.86334],[174.75424,-36.86325],[174.7543,-36.86309],[174.75433,-36.86298],[174.75429,-36.863],[174.75416,-36.86321],[174.75402,-36.86331],[174.75381,-36.86342]]]}},{"type":"Feature","properties":{"kind":"grass"},"geometry":{"type":"Polygon","coordinates":[[[174.74157,-36.83582],[174.74168,-36.83565],[174.74179,-36.83555],[174.74149,-36.83552],[174.74076,-36.83592],[174.7408,-36.83596],[174.74098,-36.83613],[174.74121,-36.83601],[174.74145,-36.83578],[174.74157,-36.83582]]]}},{"type":"Feature","properties":{"kind":"grass"},"geometry":{"type":"Polygon","coordinates":[[[174.7407,-36.83597],[174.74074,-36.83601],[174.74092,-36.83616],[174.74085,-36.83637],[174.7407,-36.83642],[174.74035,-36.83685],[174.74024,-36.83706],[174.74037,-36.8371],[174.74058,-36.83713],[174.7407,-36.83705],[174.74104,-36.8367],[174.74105,-36.83669],[174.74113,-36.83662],[174.74115,-36.83668],[174.74116,-36.83674],[174.74118,-36.83677],[174.74101,-36.83701],[174.74083,-36.83714],[174.74036,-36.83749],[174.74009,-36.83767],[174.73988,-36.83784],[174.73982,-36.83786],[174.73965,-36.838],[174.73953,-36.83832],[174.73954,-36.83813],[174.73957,-36.83786],[174.73988,-36.83696],[174.74003,-36.83668],[174.74016,-36.8365],[174.74027,-36.83633],[174.74039,-36.83623],[174.74047,-36.83617],[174.7407,-36.83597]]]}},{"type":"Feature","properties":{"kind":"grass"},"geometry":{"type":"Polygon","coordinates":[[[174.75523,-36.86321],[174.75524,-36.86314],[174.7553,-36.86302],[174.75537,-36.86288],[174.75542,-36.8629],[174.75555,-36.86292],[174.7557,-36.86293],[174.75585,-36.86293],[174.75589,-36.86293],[174.75589,-36.86295],[174.75589,-36.86297],[174.75588,-36.86301],[174.75586,-36.86304],[174.75582,-36.86303],[174.75579,-36.86306],[174.75574,-36.86309],[174.75567,-36.86313],[174.75549,-36.86322],[174.75537,-36.86329],[174.75532,-36.86328],[174.75526,-36.86323],[174.75523,-36.86321]]]}},{"type":"Feature","properties":{"kind":"grass"},"geometry":{"type":"Polygon","coordinates":[[[174.75547,-36.86269],[174.7555,-36.8627],[174.75558,-36.86271],[174.7557,-36.86272],[174.75588,-36.86274],[174.75592,-36.86225],[174.75592,-36.86224],[174.75591,-36.86223],[174.7559,-36.86223],[174.75547,-36.86269]]]}},{"type":"Feature","properties":{"kind":"grass"},"geometry":{"type":"Polygon","coordinates":[[[174.75648,-36.86179],[174.75654,-36.86172],[174.75657,-36.86167],[174.75658,-36.86163],[174.75636,-36.86178],[174.75625,-36.86186],[174.75612,-36.86198],[174.75604,-36.86208],[174.75599,-36.86216],[174.75596,-36.86221],[174.75595,-36.86227],[174.75594,-36.86232],[174.75592,-36.86274],[174.756,-36.86274],[174.75598,-36.86246],[174.75612,-36.86221],[174.75616,-36.86221],[174.75619,-36.86217],[174.75629,-36.86207],[174.75635,-36.86207],[174.75633,-36.86198],[174.75648,-36.86179]]]}},{"type":"Feature","properties":{"kind":"residential"},"geometry":{"type":"Polygon","coordinates":[[[174.75243,-36.87204],[174.75261,-36.87147],[174.75276,-36.87151],[174.75283,-36.87152],[174.75289,-36.87154],[174.75281,-36.87178],[174.75284,-36.87179],[174.75282,-36.87184],[174.75273,-36.87211],[174.75243,-36.87204]]]}},{"type":"Feature","properties":{"kind":"residential"},"geometry":{"type":"Polygon","coordinates":[[[174.76288,-36.87098],[174.76325,-36.87134],[174.76332,-36.87143],[174.76328,-36.87151],[174.76323,-36.87161],[174.76312,-36.87167],[174.76291,-36.87146],[174.76281,-36.87138],[174.76265,-36.87147],[174.76264,-36.87145],[174.76244,-36.87125],[174.76261,-36.87114],[174.76272,-36.87107],[174.76288,-36.87098]]]}},{"type":"Feature","properties":{"kind":"commercial"},"geometry":{"type":"Polygon","coordinates":[[[174.75823,-36.8586],[174.75804,-36.85819],[174.75805,-36.85819],[174.75837,-36.85809],[174.75835,-36.85805],[174.75831,-36.85796],[174.7583,-36.85795],[174.75831,-36.85795],[174.7583,-36.85791],[174.75832,-36.8579],[174.75833,-36.85794],[174.75834,-36.85796],[174.7584,-36.85808],[174.75843,-36.85808],[174.75842,-36.85805],[174.75849,-36.85804],[174.7585,-36.8581],[174.75856,-36.85809],[174.75858,-36.85809],[174.75869,-36.85811],[174.75897,-36.85813],[174.75894,-36.85835],[174.75851,-36.85832],[174.75842,-36.85835],[174.7585,-36.85852],[174.75823,-36.8586]]]}},{"type":"Feature","properties":{"kind":"park"},"geometry":{"type":"Polygon","coordinates":[[[174.77422,-36.84736],[174.77421,-36.84734],[174.77412,-36.84738],[174.77405,-36.84744],[174.77404,-36.84752],[174.77408,-36.84759],[174.77416,-36.84769],[174.77421,-36.84778],[174.77427,-36.84788],[174.77431,-36.84792],[174.77435,-36.84793],[174.77442,-36.84793],[174.77448,-36.84789],[174.77444,-36.84783],[174.77436,-36.8477],[174.77433,-36.84768],[174.7743,-36.84765],[174.77427,-36.84762],[174.77425,-36.84757],[174.77424,-36.84754],[174.77424,-36.8475],[174.77416,-36.84738],[174.77422,-36.84736]]]}},{"type":"Feature","properties":{"kind":"industrial"},"geometry":{"type":"Polygon","coordinates":[[[174.77611,-36.84766],[174.77611,-36.84771],[174.77649,-36.84769],[174.77654,-36.8477],[174.77659,-36.84772],[174.77668,-36.84774],[174.77695,-36.84772],[174.77751,-36.8477],[174.77752,-36.84784],[174.77756,-36.84786],[174.77761,-36.84788],[174.77766,-36.84792],[174.77769,-36.84797],[174.77771,-36.84805],[174.77773,-36.84805],[174.77773,-36.84806],[174.77775,-36.84806],[174.77776,-36.8482],[174.77776,-36.84823],[174.77776,-36.84827],[174.77776,-36.84829],[174.77777,-36.84832],[174.77777,-36.84837],[174.77792,-36.84836],[174.77795,-36.84836],[174.778,-36.84835],[174.77803,-36.84833],[174.7781,-36.84828],[174.77823,-36.8481],[174.77827,-36.84805],[174.77828,-36.84802],[174.77831,-36.84792],[174.77833,-36.84783],[174.77833,-36.8478],[174.77833,-36.84778],[174.77834,-36.84775],[174.77834,-36.84774],[174.77834,-36.84773],[174.77834,-36.8477],[174.77834,-36.84768],[174.77834,-36.84765],[174.77833,-36.84763],[174.77833,-36.84761],[174.77833,-36.84758],[174.77832,-36.84756],[174.77831,-36.84753],[174.77831,-36.84751],[174.7783,-36.84748],[174.77829,-36.84746],[174.77828,-36.84744],[174.77827,-36.84741],[174.77826,-36.84739],[174.77824,-36.84737],[174.77823,-36.84735],[174.77821,-36.84733],[174.7782,-36.8473],[174.77818,-36.84728],[174.77816,-36.84727],[174.77814,-36.84725],[174.77812,-36.84723],[174.77811,-36.84721],[174.77809,-36.84719],[174.77807,-36.84717],[174.77805,-36.84715],[174.77803,-36.84713],[174.778,-36.84712],[174.77798,-36.8471],[174.77795,-36.84709],[174.77793,-36.84707],[174.77792,-36.84707],[174.7779,-36.84706],[174.77788,-36.84704],[174.77787,-36.84704],[174.77785,-36.84703],[174.77784,-36.84702],[174.77781,-36.84701],[174.77777,-36.84699],[174.77775,-36.84701],[174.77771,-36.847],[174.77755,-36.84692],[174.77757,-36.84689],[174.77749,-36.84686],[174.77731,-36.84679],[174.77707,-36.84671],[174.77699,-36.84669],[174.7768,-36.84663],[174.77654,-36.84656],[174.77653,-36.84659],[174.7764,-36.84678],[174.77641,-36.8468],[174.7764,-36.84684],[174.77636,-36.84688],[174.77633,-36.84693],[174.77629,-36.84699],[174.77628,-36.84704],[174.77626,-36.8471],[174.77626,-36.84714],[174.77626,-36.84716],[174.77624,-36.84721],[174.77622,-36.84722],[174.77624,-36.84725],[174.77627,-36.8473],[174.7763,-36.84733],[174.77635,-36.84738],[174.77641,-36.84743],[174.77646,-36.84747],[174.77651,-36.84749],[174.77656,-36.84753],[174.77649,-36.84755],[174.77611,-36.84763],[174.77611,-36.84766]]]}},{"type":"Feature","properties":{"kind":"industrial"},"geometry":{"type":"Polygon","coordinates":[[[174.78021,-36.84854],[174.78036,-36.84853],[174.78044,-36.84853],[174.78069,-36.84852],[174.78071,-36.8485],[174.78072,-36.84849],[174.78072,-36.84848],[174.78076,-36.84848],[174.78079,-36.84848],[174.7808,-36.84849],[174.78103,-36.84848],[174.78105,-36.84846],[174.78128,-36.84846],[174.78136,-36.84855],[174.78136,-36.84868],[174.78137,-36.84872],[174.78106,-36.84874],[174.78105,-36.84861],[174.78104,-36.84857],[174.78102,-36.84856],[174.78081,-36.84856],[174.78022,-36.84858],[174.78021,-36.84854]]]}},{"type":"Feature","properties":{"kind":"retail"},"geometry":{"type":"Polygon","coordinates":[[[174.7481,-36.85663],[174.74785,-36.85692],[174.74917,-36.85763],[174.74929,-36.8574],[174.74922,-36.85737],[174.74903,-36.85728],[174.74909,-36.85719],[174.74892,-36.85709],[174.74886,-36.85706],[174.74844,-36.85683],[174.74824,-36.85672],[174.7481,-36.85663]]]}},{"type":"Feature","properties":{"kind":"commercial"},"geometry":{"type":"Polygon","coordinates":[[[174.74477,-36.85092],[174.74512,-36.85086],[174.74531,-36.85145],[174.74495,-36.8515],[174.7448,-36.85102],[174.74477,-36.85092]]]}},{"type":"Feature","properties":{"kind":"commercial"},"geometry":{"type":"Polygon","coordinates":[[[174.75508,-36.84962],[174.75721,-36.84925],[174.75723,-36.84934],[174.75734,-36.84979],[174.75713,-36.84983],[174.75713,-36.84986],[174.75708,-36.85],[174.75686,-36.84995],[174.75663,-36.84999],[174.7566,-36.85],[174.75642,-36.85058],[174.75511,-36.85017],[174.75507,-36.85],[174.75513,-36.84988],[174.75509,-36.84969],[174.75508,-36.84962]]]}},{"type":"Feature","properties":{"kind":"grass"},"geometry":{"type":"Polygon","coordinates":[[[174.75654,-36.85083],[174.7564,-36.85079],[174.75626,-36.85079],[174.75607,-36.85087],[174.75599,-36.85091],[174.75587,-36.85104],[174.75573,-36.85114],[174.7558,-36.8512],[174.7561,-36.85097],[174.75639,-36.85084],[174.75654,-36.85083]]]}},{"type":"Feature","properties":{"kind":"retail"},"geometry":{"type":"Polygon","coordinates":[[[174.76159,-36.86669],[174.7616,-36.8667],[174.76167,-36.8669],[174.7616,-36.86723],[174.76111,-36.86771],[174.76082,-36.86753],[174.7611,-36.86722],[174.76086,-36.86691],[174.76128,-36.86673],[174.7613,-36.86678],[174.76159,-36.86669]]]}},{"type":"Feature","properties":{"kind":"retail"},"geometry":{"type":"Polygon","coordinates":[[[174.73988,-36.86644],[174.73942,-36.86658],[174.73908,-36.86679],[174.73898,-36.86672],[174.73861,-36.86648],[174.73932,-36.86603],[174.73956,-36.86628],[174.7397,-36.8662],[174.73982,-36.86632],[174.73988,-36.86644]]]}},{"type":"Feature","properties":{"kind":"commercial"},"geometry":{"type":"Polygon","coordinates":[[[174.75288,-36.8605],[174.75304,-36.86066],[174.75287,-36.86074],[174.75283,-36.8608],[174.75301,-36.86107],[174.75313,-36.86122],[174.7533,-36.86116],[174.75351,-36.86107],[174.75354,-36.86106],[174.75344,-36.86091],[174.75323,-36.86059],[174.7532,-36.86051],[174.7531,-36.86041],[174.75302,-36.86041],[174.75297,-36.86044],[174.7529,-36.86049],[174.75288,-36.8605]]]}},{"type":"Feature","properties":{"kind":"residential"},"geometry":{"type":"Polygon","coordinates":[[[174.74921,-36.82652],[174.74954,-36.82605],[174.74957,-36.82598],[174.74966,-36.82597],[174.7497,-36.82587],[174.74964,-36.82569],[174.74955,-36.82568],[174.74956,-36.82551],[174.74939,-36.8254],[174.74936,-36.82544],[174.74916,-36.82548],[174.74905,-36.82564],[174.74898,-36.8263],[174.74921,-36.82652]]]}},{"type":"Feature","properties":{"name":"Fishermans Wharf Reserve","kind":"park"},"geometry":{"type":"Polygon","coordinates":[[[174.74722,-36.82632],[174.74727,-36.82623],[174.74729,-36.82616],[174.7473,-36.82603],[174.74728,-36.82571],[174.74729,-36.82569],[174.74731,-36.82567],[174.7473,-36.82565],[174.74729,-36.8256],[174.74724,-36.82552],[174.74722,-36.82548],[174.74722,-36.82535],[174.74724,-36.82522],[174.74724,-36.82514],[174.74727,-36.82505],[174.74726,-36.82496],[174.74728,-36.82466],[174.74732,-36.82457],[174.74732,-36.82454],[174.74734,-36.82451],[174.74735,-36.82441],[174.74737,-36.82439],[174.74737,-36.82436],[174.7474,-36.82432],[174.74741,-36.82421],[174.74742,-36.82411],[174.74743,-36.82408],[174.74783,-36.8241],[174.74777,-36.82413],[174.74775,-36.82415],[174.74773,-36.82417],[174.74772,-36.8242],[174.74772,-36.82424],[174.74773,-36.82427],[174.74775,-36.82429],[174.74777,-36.82432],[174.7474,-36.8262],[174.7474,-36.82625],[174.74738,-36.82628],[174.74734,-36.82631],[174.74734,-36.82632],[174.74734,-36.82634],[174.74722,-36.82632]]]}},{"type":"Feature","properties":{"name":"Stanley Bay Beach Reserve","kind":"park"},"geometry":{"type":"Polygon","coordinates":[[[174.78031,-36.82641],[174.78052,-36.82652],[174.78054,-36.82656],[174.78066,-36.82662],[174.78074,-36.82664],[174.78083,-36.82664],[174.78091,-36.82664],[174.78104,-36.82667],[174.78123,-36.82674],[174.78181,-36.82694],[174.78169,-36.82716],[174.78171,-36.82722],[174.78182,-36.82731],[174.78171,-36.82729],[174.78162,-36.82731],[174.78158,-36.8273],[174.78154,-36.8273],[174.78149,-36.82712],[174.78139,-36.82698],[174.78125,-36.82688],[174.78117,-36.82686],[174.78117,-36.82684],[174.7808,-36.82675],[174.78013,-36.82663],[174.78031,-36.82641]]]}},{"type":"Feature","properties":{"kind":"residential"},"geometry":{"type":"Polygon","coordinates":[[[174.77147,-36.84933],[174.77151,-36.84935],[174.77264,-36.84906],[174.77259,-36.84891],[174.77245,-36.84861],[174.77202,-36.84879],[174.77178,-36.84889],[174.77178,-36.84891],[174.77185,-36.84906],[174.77154,-36.84916],[174.77136,-36.84922],[174.77147,-36.84933]]]}},{"type":"Feature","properties":{"kind":"commercial"},"geometry":{"type":"Polygon","coordinates":[[[174.77125,-36.84911],[174.77136,-36.84922],[174.77154,-36.84916],[174.77185,-36.84906],[174.77178,-36.84891],[174.77143,-36.84903],[174.77125,-36.84911]]]}},{"type":"Feature","properties":{"name":"Parkside Mews","kind":"residential"},"geometry":{"type":"Polygon","coordinates":[[[174.76083,-36.85505],[174.76115,-36.85481],[174.76089,-36.85459],[174.76069,-36.85473],[174.76073,-36.85502],[174.76083,-36.85505]]]}},{"type":"Feature","properties":{"kind":"commercial"},"geometry":{"type":"Polygon","coordinates":[[[174.76151,-36.85455],[174.76204,-36.85407],[174.76198,-36.85403],[174.76178,-36.85388],[174.76123,-36.85432],[174.76151,-36.85455]]]}},{"type":"Feature","properties":{"kind":"retail"},"geometry":{"type":"Polygon","coordinates":[[[174.76574,-36.84812],[174.76567,-36.84832],[174.7663,-36.84849],[174.76635,-36.84829],[174.76574,-36.84812]]]}},{"type":"Feature","properties":{"kind":"retail"},"geometry":{"type":"Polygon","coordinates":[[[174.7664,-36.84812],[174.76666,-36.84725],[174.76604,-36.84707],[174.76597,-36.84733],[174.76578,-36.84794],[174.76579,-36.84795],[174.7664,-36.84812]]]}},{"type":"Feature","properties":{"kind":"commercial"},"geometry":{"type":"Polygon","coordinates":[[[174.76553,-36.85772],[174.76526,-36.85792],[174.76506,-36.85777],[174.76531,-36.85756],[174.76531,-36.8575],[174.76499,-36.85726],[174.76512,-36.85715],[174.76594,-36.85638],[174.76627,-36.8566],[174.76623,-36.85663],[174.76606,-36.85679],[174.76604,-36.85681],[174.76601,-36.85685],[174.7658,-36.85705],[174.76592,-36.85714],[174.76595,-36.85713],[174.76602,-36.85718],[174.76601,-36.85719],[174.76608,-36.85724],[174.76609,-36.85723],[174.76611,-36.85725],[174.76604,-36.85733],[174.76599,-36.85736],[174.76583,-36.85752],[174.76572,-36.85756],[174.76553,-36.85772]]]}},{"type":"Feature","properties":{"kind":"grass"},"geometry":{"type":"Polygon","coordinates":[[[174.7411,-36.8373],[174.74095,-36.83728],[174.74063,-36.83754],[174.74066,-36.83764],[174.74064,-36.83766],[174.7407,-36.8378],[174.74075,-36.83786],[174.74059,-36.83798],[174.74044,-36.83788],[174.74039,-36.83786],[174.74033,-36.83786],[174.7403,-36.83787],[174.73999,-36.83818],[174.74008,-36.83813],[174.74033,-36.83803],[174.74063,-36.83801],[174.74093,-36.83805],[174.74107,-36.83811],[174.74113,-36.83816],[174.74116,-36.83817],[174.74123,-36.83825],[174.74131,-36.83829],[174.74135,-36.83833],[174.74147,-36.8384],[174.74141,-36.8383],[174.74131,-36.83818],[174.74128,-36.83813],[174.74115,-36.8377],[174.74113,-36.83759],[174.7411,-36.8373]]]}},{"type":"Feature","properties":{"name":"Eden Business Park","kind":"commercial"},"geometry":{"type":"Polygon","coordinates":[[[174.76334,-36.87122],[174.76338,-36.87122],[174.76426,-36.86945],[174.7634,-36.86915],[174.76322,-36.86951],[174.76328,-36.86952],[174.76311,-36.86985],[174.76333,-36.86993],[174.76328,-36.87002],[174.76322,-36.87014],[174.76318,-36.87022],[174.76327,-36.87025],[174.76311,-36.87058],[174.7631,-36.8706],[174.76298,-36.87085],[174.76334,-36.87122]]]}},{"type":"Feature","properties":{"kind":"residential"},"geometry":{"type":"Polygon","coordinates":[[[174.76253,-36.85502],[174.76243,-36.85526],[174.76203,-36.85515],[174.76214,-36.85491],[174.76253,-36.85502]]]}},{"type":"Feature","properties":{"kind":"commercial"},"geometry":{"type":"Polygon","coordinates":[[[174.75829,-36.86694],[174.75826,-36.86693],[174.75804,-36.86703],[174.75798,-36.86706],[174.75772,-36.86724],[174.75737,-36.86748],[174.75731,-36.86741],[174.75707,-36.86709],[174.75741,-36.86685],[174.75724,-36.86671],[174.75781,-36.8663],[174.75795,-36.86643],[174.75829,-36.86694]]]}},{"type":"Feature","properties":{"kind":"commercial"},"geometry":{"type":"Polygon","coordinates":[[[174.76548,-36.84426],[174.7665,-36.84453],[174.76651,-36.84448],[174.76653,-36.84446],[174.76659,-36.8443],[174.7667,-36.84404],[174.76674,-36.84391],[174.76687,-36.84361],[174.76677,-36.84358],[174.76685,-36.84337],[174.76689,-36.84327],[174.76604,-36.84305],[174.76602,-36.84304],[174.766,-36.84304],[174.76599,-36.84304],[174.76598,-36.84304],[174.76596,-36.84305],[174.76595,-36.84305],[174.76595,-36.84306],[174.76594,-36.84307],[174.76594,-36.84308],[174.76592,-36.84312],[174.76589,-36.84319],[174.76574,-36.84356],[174.76571,-36.84364],[174.7656,-36.84389],[174.76555,-36.84402],[174.76549,-36.84415],[174.76547,-36.84421],[174.76546,-36.84423],[174.76547,-36.84425],[174.76548,-36.84426]]]}},{"type":"Feature","properties":{"kind":"residential"},"geometry":{"type":"Polygon","coordinates":[[[174.74531,-36.85145],[174.74568,-36.85139],[174.74549,-36.85079],[174.74512,-36.85086],[174.74531,-36.85145]]]}},{"type":"Feature","properties":{"kind":"residential"},"geometry":{"type":"Polygon","coordinates":[[[174.7945,-36.83027],[174.79437,-36.83024],[174.79368,-36.83135],[174.79283,-36.83089],[174.79213,-36.83073],[174.79265,-36.82922],[174.79281,-36.82925],[174.79288,-36.82905],[174.79296,-36.82907],[174.79437,-36.82961],[174.7948,-36.82977],[174.7945,-36.83027]]]}},{"type":"Feature","properties":{"kind":"residential"},"geometry":{"type":"Polygon","coordinates":[[[174.77434,-36.87139],[174.77426,-36.87176],[174.77381,-36.87169],[174.77345,-36.87137],[174.77342,-36.87126],[174.77382,-36.87133],[174.77383,-36.8713],[174.77434,-36.87139]]]}},{"type":"Feature","properties":{"kind":"residential"},"geometry":{"type":"Polygon","coordinates":[[[174.7603,-36.85702],[174.76026,-36.85719],[174.76048,-36.85724],[174.76067,-36.85727],[174.76072,-36.85708],[174.7603,-36.85702]]]}},{"type":"Feature","properties":{"kind":"retail"},"geometry":{"type":"Polygon","coordinates":[[[174.74195,-36.8458],[174.74173,-36.84568],[174.74201,-36.8454],[174.74209,-36.84544],[174.74215,-36.84532],[174.74237,-36.84539],[174.7423,-36.84551],[174.74228,-36.8455],[174.74226,-36.84554],[174.74222,-36.84552],[174.74195,-36.8458]]]}},{"type":"Feature","properties":{"kind":"retail"},"geometry":{"type":"Polygon","coordinates":[[[174.74201,-36.84584],[174.74212,-36.84572],[174.74244,-36.84591],[174.74237,-36.84598],[174.74244,-36.84602],[174.74239,-36.84607],[174.74201,-36.84584]]]}},{"type":"Feature","properties":{"kind":"retail"},"geometry":{"type":"Polygon","coordinates":[[[174.74158,-36.84636],[174.74183,-36.84651],[174.7421,-36.84622],[174.74187,-36.84607],[174.74158,-36.84636]]]}},{"type":"Feature","properties":{"kind":"residential"},"geometry":{"type":"Polygon","coordinates":[[[174.73412,-36.86631],[174.73412,-36.86624],[174.73408,-36.86624],[174.73402,-36.8661],[174.73386,-36.86599],[174.73382,-36.86598],[174.73377,-36.86599],[174.73371,-36.8662],[174.73363,-36.86626],[174.73347,-36.86636],[174.7337,-36.86642],[174.73378,-36.86644],[174.73402,-36.86642],[174.73403,-36.86638],[174.73405,-36.86634],[174.73409,-36.86632],[174.73412,-36.86631]]]}},{"type":"Feature","properties":{"kind":"residential"},"geometry":{"type":"Polygon","coordinates":[[[174.74514,-36.84788],[174.74517,-36.84755],[174.74569,-36.84759],[174.74643,-36.84794],[174.74626,-36.84816],[174.74601,-36.84805],[174.74577,-36.84795],[174.7457,-36.84793],[174.74514,-36.84788]]]}},{"type":"Feature","properties":{"kind":"commercial"},"geometry":{"type":"Polygon","coordinates":[[[174.75084,-36.86201],[174.75131,-36.86238],[174.75022,-36.86328],[174.74973,-36.86289],[174.75084,-36.86201]]]}},{"type":"Feature","properties":{"kind":"retail"},"geometry":{"type":"Polygon","coordinates":[[[174.74938,-36.8626],[174.75048,-36.86172],[174.75077,-36.86194],[174.74965,-36.86283],[174.74938,-36.8626]]]}},{"type":"Feature","properties":{"kind":"residential"},"geometry":{"type":"Polygon","coordinates":[[[174.74086,-36.86762],[174.74134,-36.86748],[174.74095,-36.86671],[174.74047,-36.86686],[174.74086,-36.86762]]]}},{"type":"Feature","properties":{"kind":"retail"},"geometry":{"type":"Polygon","coordinates":[[[174.73998,-36.86703],[174.74017,-36.86696],[174.74066,-36.8679],[174.74062,-36.8679],[174.74035,-36.86774],[174.74024,-36.86758],[174.74004,-36.86716],[174.74004,-36.86714],[174.73998,-36.86703]]]}},{"type":"Feature","properties":{"kind":"residential"},"geometry":{"type":"Polygon","coordinates":[[[174.73856,-36.86678],[174.73891,-36.86699],[174.73851,-36.86715],[174.73819,-36.86717],[174.73744,-36.86705],[174.73784,-36.86681],[174.73823,-36.86657],[174.73827,-36.86659],[174.73797,-36.86677],[174.73796,-36.8668],[174.73832,-36.86702],[174.73856,-36.86678]]]}},{"type":"Feature","properties":{"kind":"retail"},"geometry":{"type":"Polygon","coordinates":[[[174.73827,-36.86659],[174.73856,-36.86678],[174.73832,-36.86702],[174.73796,-36.8668],[174.73797,-36.86677],[174.73827,-36.86659]]]}},{"type":"Feature","properties":{"kind":"residential"},"geometry":{"type":"Polygon","coordinates":[[[174.73753,-36.86613],[174.7375,-36.86594],[174.73717,-36.86597],[174.73721,-36.86618],[174.73726,-36.86639],[174.73753,-36.86613]]]}},{"type":"Feature","properties":{"kind":"residential"},"geometry":{"type":"Polygon","coordinates":[[[174.73823,-36.86657],[174.73797,-36.8664],[174.73759,-36.86615],[174.73753,-36.86613],[174.73726,-36.86639],[174.73722,-36.86643],[174.73699,-36.86664],[174.73744,-36.86705],[174.73823,-36.86657]]]}},{"type":"Feature","properties":{"kind":"residential"},"geometry":{"type":"Polygon","coordinates":[[[174.7384,-36.86598],[174.73818,-36.86621],[174.73792,-36.86604],[174.73789,-36.86603],[174.73799,-36.86592],[174.73811,-36.86581],[174.7384,-36.86598]]]}},{"type":"Feature","properties":{"name":"Cohaus","kind":"residential"},"geometry":{"type":"Polygon","coordinates":[[[174.7354,-36.86208],[174.73547,-36.86223],[174.73533,-36.86227],[174.73507,-36.86211],[174.73494,-36.8621],[174.73489,-36.86178],[174.73546,-36.86173],[174.73557,-36.86197],[174.73549,-36.86199],[174.7354,-36.86208]]]}},{"type":"Feature","properties":{"name":"8 Nugent Mixed Use complex","kind":"commercial"},"geometry":{"type":"Polygon","coordinates":[[[174.76402,-36.86532],[174.76379,-36.86601],[174.76423,-36.8661],[174.76415,-36.86635],[174.76493,-36.8665],[174.76509,-36.86598],[174.76514,-36.86585],[174.76522,-36.86559],[174.76402,-36.86532]]]}},{"type":"Feature","properties":{"kind":"residential"},"geometry":{"type":"Polygon","coordinates":[[[174.76182,-36.86356],[174.76169,-36.86353],[174.7617,-36.86348],[174.76131,-36.86341],[174.76129,-36.86348],[174.76129,-36.86364],[174.76129,-36.86382],[174.76133,-36.8639],[174.76143,-36.86398],[174.76148,-36.864],[174.76166,-36.86406],[174.76171,-36.86394],[174.76173,-36.86386],[174.76177,-36.86373],[174.76179,-36.86365],[174.76182,-36.86356]]]}},{"type":"Feature","properties":{"kind":"retail"},"geometry":{"type":"Polygon","coordinates":[[[174.76231,-36.86833],[174.76204,-36.8684],[174.76192,-36.86841],[174.76192,-36.86847],[174.7619,-36.86852],[174.76218,-36.86862],[174.76229,-36.86837],[174.76231,-36.86833]]]}},{"type":"Feature","properties":{"kind":"retail"},"geometry":{"type":"Polygon","coordinates":[[[174.75915,-36.86816],[174.75915,-36.86815],[174.75878,-36.86812],[174.75879,-36.86811],[174.75864,-36.86808],[174.7586,-36.86808],[174.75856,-36.86856],[174.75912,-36.86859],[174.75915,-36.86816]]]}},{"type":"Feature","properties":{"kind":"commercial"},"geometry":{"type":"Polygon","coordinates":[[[174.76028,-36.86856],[174.75978,-36.86863],[174.75912,-36.86859],[174.75915,-36.86816],[174.75922,-36.86816],[174.75921,-36.86814],[174.75933,-36.86815],[174.75936,-36.86815],[174.75939,-36.86815],[174.75939,-36.86814],[174.7598,-36.86819],[174.75979,-36.8682],[174.76013,-36.86824],[174.76013,-36.86828],[174.76027,-36.86831],[174.76032,-36.86838],[174.76028,-36.86856]]]}},{"type":"Feature","properties":{"kind":"residential"},"geometry":{"type":"Polygon","coordinates":[[[174.77752,-36.84784],[174.77751,-36.8477],[174.77695,-36.84772],[174.77668,-36.84774],[174.77659,-36.84772],[174.77654,-36.8477],[174.77649,-36.84769],[174.77611,-36.84771],[174.77612,-36.84777],[174.77609,-36.84777],[174.77613,-36.84843],[174.77614,-36.84844],[174.77635,-36.84843],[174.77643,-36.84841],[174.7767,-36.84833],[174.77683,-36.8483],[174.77688,-36.84829],[174.77705,-36.84829],[174.77706,-36.84829],[174.77711,-36.84828],[174.77718,-36.84826],[174.77723,-36.84825],[174.77729,-36.84824],[174.77732,-36.84823],[174.77734,-36.84823],[174.77735,-36.84823],[174.77741,-36.84822],[174.77747,-36.84822],[174.77753,-36.84822],[174.77759,-36.84822],[174.77765,-36.84821],[174.77769,-36.84821],[174.77771,-36.84821],[174.77776,-36.8482],[174.77775,-36.84806],[174.77773,-36.84806],[174.77773,-36.84805],[174.77771,-36.84805],[174.77769,-36.84797],[174.77766,-36.84792],[174.77761,-36.84788],[174.77756,-36.84786],[174.77752,-36.84784]]]}},{"type":"Feature","properties":{"kind":"residential"},"geometry":{"type":"Polygon","coordinates":[[[174.76229,-36.86837],[174.76218,-36.86862],[174.7632,-36.86894],[174.76333,-36.86869],[174.76385,-36.86884],[174.76432,-36.86897],[174.76426,-36.86881],[174.76404,-36.86854],[174.76385,-36.86864],[174.76373,-36.86851],[174.76393,-36.8684],[174.76363,-36.86803],[174.76358,-36.86814],[174.76352,-36.86827],[174.76336,-36.86857],[174.76253,-36.86834],[174.76229,-36.86837]]]}},{"type":"Feature","properties":{"kind":"retail"},"geometry":{"type":"Polygon","coordinates":[[[174.7632,-36.86894],[174.76373,-36.86911],[174.76385,-36.86884],[174.76333,-36.86869],[174.7632,-36.86894]]]}},{"type":"Feature","properties":{"kind":"commercial"},"geometry":{"type":"Polygon","coordinates":[[[174.76373,-36.86911],[174.76426,-36.86928],[174.76433,-36.86902],[174.76432,-36.86897],[174.76385,-36.86884],[174.76373,-36.86911]]]}},{"type":"Feature","properties":{"kind":"residential"},"geometry":{"type":"Polygon","coordinates":[[[174.767,-36.86311],[174.76668,-36.86304],[174.76683,-36.86266],[174.76713,-36.86273],[174.767,-36.86311]]]}},{"type":"Feature","properties":{"kind":"residential"},"geometry":{"type":"Polygon","coordinates":[[[174.76723,-36.86248],[174.76736,-36.86213],[174.76706,-36.86206],[174.76692,-36.8624],[174.76723,-36.86248]]]}},{"type":"Feature","properties":{"kind":"residential"},"geometry":{"type":"Polygon","coordinates":[[[174.76743,-36.86193],[174.76757,-36.86153],[174.76729,-36.86146],[174.76714,-36.86186],[174.76743,-36.86193]]]}},{"type":"Feature","properties":{"kind":"retail"},"geometry":{"type":"Polygon","coordinates":[[[174.7677,-36.86118],[174.76784,-36.86079],[174.76758,-36.86073],[174.76743,-36.86111],[174.7677,-36.86118]]]}},{"type":"Feature","properties":{"kind":"commercial"},"geometry":{"type":"Polygon","coordinates":[[[174.76791,-36.85459],[174.76772,-36.85482],[174.76757,-36.85495],[174.76795,-36.8552],[174.7683,-36.85487],[174.76827,-36.85485],[174.76791,-36.85459]]]}},{"type":"Feature","properties":{"kind":"commercial"},"geometry":{"type":"Polygon","coordinates":[[[174.76728,-36.85519],[174.76705,-36.8554],[174.76737,-36.85563],[174.7676,-36.85541],[174.76728,-36.85519]]]}},{"type":"Feature","properties":{"kind":"commercial"},"geometry":{"type":"Polygon","coordinates":[[[174.7668,-36.85561],[174.76662,-36.85577],[174.7669,-36.85597],[174.76708,-36.8558],[174.7668,-36.85561]]]}},{"type":"Feature","properties":{"kind":"residential"},"geometry":{"type":"Polygon","coordinates":[[[174.76648,-36.8564],[174.76635,-36.85651],[174.76698,-36.85694],[174.76726,-36.85668],[174.76698,-36.85648],[174.76669,-36.85627],[174.76644,-36.85627],[174.76648,-36.8564]]]}},{"type":"Feature","properties":{"kind":"retail"},"geometry":{"type":"Polygon","coordinates":[[[174.76861,-36.86135],[174.76873,-36.861],[174.76846,-36.86094],[174.76837,-36.86122],[174.76861,-36.86135]]]}},{"type":"Feature","properties":{"kind":"retail"},"geometry":{"type":"Polygon","coordinates":[[[174.74778,-36.8702],[174.74793,-36.87027],[174.74823,-36.8704],[174.74842,-36.87017],[174.74802,-36.86991],[174.74774,-36.87018],[174.74778,-36.8702]]]}},{"type":"Feature","properties":{"name":"The Isaac","kind":"residential"},"geometry":{"type":"Polygon","coordinates":[[[174.73465,-36.8631],[174.73474,-36.86233],[174.73392,-36.86228],[174.73388,-36.86264],[174.7339,-36.86264],[174.73394,-36.86269],[174.73396,-36.863],[174.73417,-36.86301],[174.73417,-36.86306],[174.73465,-36.8631]]]}},{"type":"Feature","properties":{"name":"Supercity Towing","kind":"commercial"},"geometry":{"type":"Polygon","coordinates":[[[174.7612,-36.86456],[174.76159,-36.86465],[174.76197,-36.86472],[174.76192,-36.86487],[174.76182,-36.86486],[174.76179,-36.86493],[174.76117,-36.86481],[174.76114,-36.86479],[174.76114,-36.86478],[174.76115,-36.86476],[174.76114,-36.86474],[174.7612,-36.86456]]]}},{"type":"Feature","properties":{"kind":"retail"},"geometry":{"type":"Polygon","coordinates":[[[174.78204,-36.8542],[174.78268,-36.85402],[174.78265,-36.85388],[174.782,-36.85406],[174.782,-36.8541],[174.78204,-36.8542]]]}},{"type":"Feature","properties":{"kind":"residential"},"geometry":{"type":"Polygon","coordinates":[[[174.782,-36.85406],[174.78265,-36.85388],[174.78262,-36.85375],[174.78197,-36.85392],[174.782,-36.85406]]]}},{"type":"Feature","properties":{"kind":"commercial"},"geometry":{"type":"Polygon","coordinates":[[[174.73398,-36.85536],[174.73383,-36.85542],[174.73415,-36.85574],[174.73439,-36.85564],[174.73414,-36.85528],[174.73405,-36.85532],[174.7338,-36.85497],[174.73373,-36.855],[174.73398,-36.85536]]]}},{"type":"Feature","properties":{"kind":"grass"},"geometry":{"type":"Polygon","coordinates":[[[174.75326,-36.85713],[174.75322,-36.85717],[174.75322,-36.85733],[174.75325,-36.8574],[174.75329,-36.85742],[174.75385,-36.85733],[174.75404,-36.8573],[174.75403,-36.85724],[174.7539,-36.85714],[174.75384,-36.85707],[174.7538,-36.85705],[174.75348,-36.85709],[174.75345,-36.85711],[174.75326,-36.85713]]]}},{"type":"Feature","properties":{"kind":"residential"},"geometry":{"type":"Polygon","coordinates":[[[174.75392,-36.8578],[174.75332,-36.85788],[174.75317,-36.85794],[174.75346,-36.85844],[174.75376,-36.85837],[174.75387,-36.85833],[174.75399,-36.85827],[174.75441,-36.85811],[174.75464,-36.85809],[174.75467,-36.85806],[174.7546,-36.85773],[174.75392,-36.8578]]]}},{"type":"Feature","properties":{"kind":"residential"},"geometry":{"type":"Polygon","coordinates":[[[174.7549,-36.85747],[174.75531,-36.85739],[174.75533,-36.85751],[174.7553,-36.85752],[174.75536,-36.85766],[174.75544,-36.85786],[174.75498,-36.858],[174.75492,-36.8576],[174.7549,-36.85747]]]}},{"type":"Feature","properties":{"kind":"retail"},"geometry":{"type":"Polygon","coordinates":[[[174.75498,-36.858],[174.75505,-36.85839],[174.75507,-36.8584],[174.75541,-36.8583],[174.75554,-36.85826],[174.75558,-36.85824],[174.75561,-36.85822],[174.7556,-36.85819],[174.75544,-36.85786],[174.75498,-36.858]]]}},{"type":"Feature","properties":{"kind":"recreation_ground"},"geometry":{"type":"Polygon","coordinates":[[[174.73748,-36.85329],[174.73821,-36.85323],[174.73816,-36.85271],[174.73827,-36.85266],[174.73823,-36.85233],[174.73802,-36.85081],[174.73668,-36.85093],[174.73676,-36.85148],[174.73664,-36.85149],[174.73668,-36.85174],[174.73674,-36.85218],[174.73693,-36.85221],[174.73701,-36.85266],[174.7372,-36.8527],[174.7373,-36.85316],[174.73746,-36.85316],[174.73748,-36.85329]]]}},{"type":"Feature","properties":{"kind":"recreation_ground"},"geometry":{"type":"Polygon","coordinates":[[[174.73473,-36.85123],[174.73476,-36.85144],[174.7349,-36.85149],[174.7355,-36.85146],[174.73543,-36.85114],[174.73473,-36.85123]]]}},{"type":"Feature","properties":{"kind":"industrial"},"geometry":{"type":"Polygon","coordinates":[[[174.73912,-36.85437],[174.7394,-36.85434],[174.73941,-36.85438],[174.73938,-36.85438],[174.73936,-36.85441],[174.73937,-36.85446],[174.73934,-36.85447],[174.73936,-36.85473],[174.73918,-36.85474],[174.73912,-36.85437]]]}},{"type":"Feature","properties":{"kind":"residential"},"geometry":{"type":"Polygon","coordinates":[[[174.74506,-36.84963],[174.74512,-36.84984],[174.74445,-36.84991],[174.74438,-36.84969],[174.74506,-36.84963]]]}},{"type":"Feature","properties":{"kind":"commercial"},"geometry":{"type":"Polygon","coordinates":[[[174.75069,-36.84453],[174.75069,-36.84475],[174.75039,-36.84522],[174.75101,-36.84546],[174.75105,-36.84547],[174.75109,-36.84549],[174.75116,-36.84546],[174.75125,-36.84548],[174.7514,-36.84555],[174.75212,-36.84586],[174.75231,-36.84593],[174.75251,-36.84554],[174.75249,-36.84535],[174.75242,-36.84521],[174.75186,-36.8451],[174.75162,-36.84501],[174.75145,-36.84492],[174.75114,-36.84469],[174.7508,-36.84444],[174.75075,-36.8444],[174.75071,-36.84447],[174.75069,-36.84453]]]}},{"type":"Feature","properties":{"kind":"residential"},"geometry":{"type":"Polygon","coordinates":[[[174.74922,-36.84664],[174.74903,-36.84692],[174.74885,-36.84718],[174.74906,-36.84721],[174.74929,-36.84721],[174.74974,-36.84721],[174.74976,-36.84721],[174.74977,-36.8471],[174.74979,-36.84698],[174.7498,-36.84684],[174.74982,-36.84669],[174.74973,-36.84668],[174.74959,-36.84667],[174.74952,-36.84667],[174.74922,-36.84664]]]}},{"type":"Feature","properties":{"kind":"commercial"},"geometry":{"type":"Polygon","coordinates":[[[174.74885,-36.84718],[174.74876,-36.84731],[174.74863,-36.8475],[174.74976,-36.84748],[174.74976,-36.84721],[174.74974,-36.84721],[174.74929,-36.84721],[174.74906,-36.84721],[174.74885,-36.84718]]]}},{"type":"Feature","properties":{"kind":"commercial"},"geometry":{"type":"Polygon","coordinates":[[[174.74949,-36.84625],[174.74997,-36.8465],[174.75041,-36.84643],[174.75069,-36.84601],[174.75105,-36.84547],[174.75101,-36.84546],[174.75039,-36.84522],[174.75024,-36.84517],[174.74997,-36.84556],[174.74993,-36.84562],[174.74989,-36.84569],[174.74966,-36.84602],[174.74953,-36.8462],[174.74949,-36.84625]]]}},{"type":"Feature","properties":{"kind":"commercial"},"geometry":{"type":"Polygon","coordinates":[[[174.76421,-36.84654],[174.76409,-36.84681],[174.76376,-36.84671],[174.76369,-36.84669],[174.76381,-36.84643],[174.76421,-36.84654]]]}},{"type":"Feature","properties":{"kind":"commercial"},"geometry":{"type":"Polygon","coordinates":[[[174.76368,-36.85801],[174.76377,-36.85791],[174.76383,-36.85787],[174.76421,-36.85756],[174.76448,-36.85734],[174.76445,-36.85726],[174.76436,-36.85722],[174.76428,-36.85719],[174.76413,-36.85716],[174.76399,-36.85713],[174.76384,-36.85709],[174.76381,-36.85707],[174.76314,-36.85688],[174.76308,-36.85687],[174.76304,-36.85688],[174.76298,-36.8569],[174.76257,-36.85726],[174.7625,-36.85747],[174.76326,-36.85774],[174.76321,-36.85784],[174.76368,-36.85801]]]}},{"type":"Feature","properties":{"kind":"recreation_ground"},"geometry":{"type":"Polygon","coordinates":[[[174.74131,-36.85598],[174.74131,-36.85609],[174.74154,-36.85618],[174.74213,-36.85607],[174.74218,-36.85599],[174.74216,-36.85586],[174.74192,-36.85588],[174.74188,-36.85585],[174.74176,-36.85587],[174.7416,-36.85595],[174.74131,-36.85598]]]}},{"type":"Feature","properties":{"kind":"commercial"},"geometry":{"type":"Polygon","coordinates":[[[174.76435,-36.84433],[174.76435,-36.84434],[174.76436,-36.84435],[174.76438,-36.84436],[174.76437,-36.84437],[174.76416,-36.84483],[174.76416,-36.84484],[174.76417,-36.84485],[174.76418,-36.84486],[174.76485,-36.84505],[174.76484,-36.84507],[174.76486,-36.84508],[174.76487,-36.84508],[174.76492,-36.84509],[174.76493,-36.84509],[174.76494,-36.84508],[174.76495,-36.84507],[174.76521,-36.84445],[174.76522,-36.84442],[174.76522,-36.84441],[174.7652,-36.84439],[174.76517,-36.84438],[174.76514,-36.84437],[174.76487,-36.84431],[174.76483,-36.8443],[174.76482,-36.8443],[174.7648,-36.8443],[174.76479,-36.8443],[174.76478,-36.8443],[174.76477,-36.84431],[174.76476,-36.84431],[174.76476,-36.84432],[174.76475,-36.84432],[174.76474,-36.84432],[174.76463,-36.84433],[174.76462,-36.84433],[174.76461,-36.84433],[174.7646,-36.84432],[174.76459,-36.84432],[174.76458,-36.84431],[174.76454,-36.84431],[174.76446,-36.84432],[174.76442,-36.84432],[174.76437,-36.84433],[174.76435,-36.84433]]]}},{"type":"Feature","properties":{"kind":"grass"},"geometry":{"type":"Polygon","coordinates":[[[174.75127,-36.85155],[174.75136,-36.85157],[174.75136,-36.85156],[174.75153,-36.8516],[174.75153,-36.85159],[174.75167,-36.85162],[174.75167,-36.85164],[174.75161,-36.85186],[174.75146,-36.85182],[174.75147,-36.85179],[174.75121,-36.85172],[174.75127,-36.85155]]]}},{"type":"Feature","properties":{"kind":"grass"},"geometry":{"type":"Polygon","coordinates":[[[174.75117,-36.85157],[174.75112,-36.8517],[174.7509,-36.85166],[174.75091,-36.85164],[174.75075,-36.8516],[174.75059,-36.85156],[174.75054,-36.85168],[174.75049,-36.85166],[174.75059,-36.85144],[174.75082,-36.8515],[174.75085,-36.85146],[174.75097,-36.85148],[174.75102,-36.85153],[174.75117,-36.85157]]]}},{"type":"Feature","properties":{"kind":"grass"},"geometry":{"type":"Polygon","coordinates":[[[174.75196,-36.85083],[174.75188,-36.8508],[174.75187,-36.85083],[174.75169,-36.85079],[174.75169,-36.85075],[174.75144,-36.85069],[174.75138,-36.85079],[174.75126,-36.85076],[174.75103,-36.8507],[174.75097,-36.85075],[174.75125,-36.85083],[174.75115,-36.85099],[174.75134,-36.85104],[174.75137,-36.85099],[174.75148,-36.85101],[174.7515,-36.85098],[174.7516,-36.85101],[174.75186,-36.85108],[174.75196,-36.85083]]]}},{"type":"Feature","properties":{"kind":"recreation_ground"},"geometry":{"type":"Polygon","coordinates":[[[174.75317,-36.85143],[174.75332,-36.85136],[174.75336,-36.85133],[174.75338,-36.85131],[174.75337,-36.85128],[174.75332,-36.85122],[174.75272,-36.85098],[174.75268,-36.85097],[174.75263,-36.85098],[174.75259,-36.85102],[174.7524,-36.8515],[174.75242,-36.85153],[174.75247,-36.85156],[174.7526,-36.8516],[174.7527,-36.8516],[174.75279,-36.85159],[174.75281,-36.85157],[174.75284,-36.85151],[174.75288,-36.85144],[174.75294,-36.85141],[174.75298,-36.8514],[174.75303,-36.85142],[174.75309,-36.85144],[174.75314,-36.85144],[174.75317,-36.85143]]]}},{"type":"Feature","properties":{"kind":"residential"},"geometry":{"type":"Polygon","coordinates":[[[174.75612,-36.85244],[174.7564,-36.85281],[174.75677,-36.85262],[174.7569,-36.8528],[174.757,-36.85283],[174.75682,-36.85327],[174.75679,-36.85329],[174.75697,-36.85349],[174.75707,-36.85327],[174.75715,-36.85329],[174.75722,-36.85314],[174.75747,-36.85321],[174.75765,-36.8528],[174.75689,-36.85259],[174.75693,-36.85247],[174.7567,-36.85212],[174.75612,-36.85244]]]}},{"type":"Feature","properties":{"name":"SugarTree Lane","kind":"residential"},"geometry":{"type":"Polygon","coordinates":[[[174.75765,-36.8528],[174.75766,-36.85275],[174.75785,-36.85233],[174.75791,-36.8522],[174.75674,-36.85187],[174.75599,-36.85229],[174.75612,-36.85244],[174.7567,-36.85212],[174.75693,-36.85247],[174.75689,-36.85259],[174.75765,-36.8528]]]}},{"type":"Feature","properties":{"kind":"retail"},"geometry":{"type":"Polygon","coordinates":[[[174.76044,-36.86376],[174.76033,-36.8641],[174.76036,-36.86427],[174.76037,-36.8643],[174.76039,-36.86437],[174.76041,-36.86442],[174.76039,-36.86448],[174.76034,-36.86462],[174.76039,-36.86463],[174.76034,-36.86478],[174.76055,-36.86483],[174.76078,-36.8641],[174.7607,-36.86409],[174.76078,-36.86384],[174.76076,-36.86383],[174.76044,-36.86376]]]}},{"type":"Feature","properties":{"kind":"commercial"},"geometry":{"type":"Polygon","coordinates":[[[174.76044,-36.86376],[174.76017,-36.8637],[174.75992,-36.86438],[174.76028,-36.86446],[174.76036,-36.86427],[174.76033,-36.8641],[174.76044,-36.86376]]]}},{"type":"Feature","properties":{"kind":"commercial"},"geometry":{"type":"Polygon","coordinates":[[[174.75987,-36.86455],[174.75968,-36.86512],[174.76021,-36.86523],[174.76024,-36.86522],[174.76051,-36.86501],[174.76048,-36.865],[174.76043,-36.86499],[174.76004,-36.86491],[174.76014,-36.86485],[174.76018,-36.86475],[174.76024,-36.86476],[174.76027,-36.86467],[174.76017,-36.86465],[174.76018,-36.86461],[174.75987,-36.86455]]]}},{"type":"Feature","properties":{"name":"Dacre Reserve","kind":"grass"},"geometry":{"type":"Polygon","coordinates":[[[174.75757,-36.86117],[174.75788,-36.86102],[174.75809,-36.86095],[174.75832,-36.86089],[174.7585,-36.86086],[174.75865,-36.86084],[174.75962,-36.86077],[174.75975,-36.86074],[174.75983,-36.86073],[174.75988,-36.86073],[174.75989,-36.86076],[174.75981,-36.86089],[174.75978,-36.86088],[174.75974,-36.86087],[174.75972,-36.86086],[174.75969,-36.86084],[174.75966,-36.86084],[174.75963,-36.86082],[174.7596,-36.86081],[174.75959,-36.86081],[174.75958,-36.8608],[174.75956,-36.86081],[174.75953,-36.86081],[174.7595,-36.86081],[174.75947,-36.86081],[174.75944,-36.86082],[174.75941,-36.86082],[174.75938,-36.86082],[174.75934,-36.86082],[174.75931,-36.86083],[174.75929,-36.86083],[174.75925,-36.86083],[174.75922,-36.86084],[174.75912,-36.86084],[174.75909,-36.86085],[174.75909,-36.86086],[174.75908,-36.86088],[174.75905,-36.86088],[174.75901,-36.86091],[174.75892,-36.8609],[174.75889,-36.86091],[174.75885,-36.86097],[174.75854,-36.86086],[174.75837,-36.86093],[174.75829,-36.86098],[174.75824,-36.86099],[174.75816,-36.861],[174.75813,-36.861],[174.7581,-36.86102],[174.75802,-36.86115],[174.75801,-36.8612],[174.75797,-36.86125],[174.75794,-36.86128],[174.75757,-36.86117]]]}},{"type":"Feature","properties":{"kind":"grass"},"geometry":{"type":"Polygon","coordinates":[[[174.75079,-36.85014],[174.75093,-36.85019],[174.75083,-36.85027],[174.75084,-36.85029],[174.75045,-36.85059],[174.75044,-36.85056],[174.75035,-36.85048],[174.75079,-36.85014]]]}},{"type":"Feature","properties":{"name":"Zone 23","kind":"commercial"},"geometry":{"type":"Polygon","coordinates":[[[174.76154,-36.87057],[174.76168,-36.8707],[174.76174,-36.87076],[174.76183,-36.87085],[174.76197,-36.87076],[174.76198,-36.87076],[174.76244,-36.87125],[174.76261,-36.87114],[174.76272,-36.87107],[174.76288,-36.87098],[174.76212,-36.87021],[174.762,-36.87028],[174.76154,-36.87057]]]}},{"type":"Feature","properties":{"name":"Vert","kind":"residential"},"geometry":{"type":"Polygon","coordinates":[[[174.73917,-36.84496],[174.73914,-36.84482],[174.73832,-36.84492],[174.73826,-36.84468],[174.73806,-36.84471],[174.7381,-36.84475],[174.73817,-36.84507],[174.73917,-36.84496]]]}},{"type":"Feature","properties":{"kind":"residential"},"geometry":{"type":"Polygon","coordinates":[[[174.75693,-36.85094],[174.75654,-36.85083],[174.75639,-36.85084],[174.7561,-36.85097],[174.7558,-36.8512],[174.75593,-36.85129],[174.75616,-36.85145],[174.75636,-36.85158],[174.75659,-36.85175],[174.75678,-36.85129],[174.75693,-36.85094]]]}},{"type":"Feature","properties":{"name":"Waiatarau Terraces","kind":"residential"},"geometry":{"type":"Polygon","coordinates":[[[174.75566,-36.85441],[174.75592,-36.85453],[174.75603,-36.85457],[174.75613,-36.85433],[174.75582,-36.85395],[174.75515,-36.85311],[174.75477,-36.8531],[174.7545,-36.85307],[174.75423,-36.85301],[174.75412,-36.85311],[174.75421,-36.85357],[174.75508,-36.85379],[174.75503,-36.85392],[174.75426,-36.85373],[174.75436,-36.85441],[174.75483,-36.85434],[174.75494,-36.8542],[174.75566,-36.85441]]]}},{"type":"Feature","properties":{"kind":"residential"},"geometry":{"type":"Polygon","coordinates":[[[174.76373,-36.86388],[174.76385,-36.86351],[174.76312,-36.86337],[174.76314,-36.86331],[174.7627,-36.86323],[174.76258,-36.86329],[174.76252,-36.86321],[174.76191,-36.8631],[174.76183,-36.86337],[174.7625,-36.86352],[174.76249,-36.86356],[174.76248,-36.86359],[174.76373,-36.86388]]]}},{"type":"Feature","properties":{"kind":"retail"},"geometry":{"type":"Polygon","coordinates":[[[174.7493,-36.85959],[174.74901,-36.85928],[174.74968,-36.85886],[174.74974,-36.85886],[174.75007,-36.8591],[174.7493,-36.85959]]]}},{"type":"Feature","properties":{"name":"Te Uringutu Reserve","kind":"park"},"geometry":{"type":"Polygon","coordinates":[[[174.78177,-36.84943],[174.78179,-36.84919],[174.78155,-36.84919],[174.78136,-36.84924],[174.78134,-36.84932],[174.78123,-36.8494],[174.7814,-36.84946],[174.78152,-36.84956],[174.78155,-36.84959],[174.78168,-36.84947],[174.78177,-36.84943]]]}},{"type":"Feature","properties":{"kind":"grass"},"geometry":{"type":"Polygon","coordinates":[[[174.7806,-36.84918],[174.78051,-36.84926],[174.78046,-36.84927],[174.78036,-36.84925],[174.77965,-36.84889],[174.77966,-36.84884],[174.77972,-36.84887],[174.78012,-36.84905],[174.78024,-36.84902],[174.78043,-36.84908],[174.78047,-36.84911],[174.7806,-36.84918]]]}},{"type":"Feature","properties":{"kind":"retail"},"geometry":{"type":"Polygon","coordinates":[[[174.77986,-36.85157],[174.77974,-36.85136],[174.7791,-36.85162],[174.77928,-36.85191],[174.7796,-36.85179],[174.77954,-36.85168],[174.77986,-36.85157]]]}},{"type":"Feature","properties":{"kind":"retail"},"geometry":{"type":"Polygon","coordinates":[[[174.77566,-36.85203],[174.77579,-36.85196],[174.7763,-36.85145],[174.77629,-36.8514],[174.77541,-36.85105],[174.77537,-36.85106],[174.77518,-36.85126],[174.77578,-36.85162],[174.77549,-36.85192],[174.77566,-36.85203]]]}},{"type":"Feature","properties":{"kind":"grass"},"geometry":{"type":"Polygon","coordinates":[[[174.78747,-36.84733],[174.78754,-36.84736],[174.78759,-36.84743],[174.78759,-36.84748],[174.78758,-36.84753],[174.78754,-36.84757],[174.78746,-36.84757],[174.78732,-36.84758],[174.78709,-36.84757],[174.78625,-36.84753],[174.78596,-36.84752],[174.78582,-36.84753],[174.78551,-36.84753],[174.78508,-36.84755],[174.78474,-36.84754],[174.78467,-36.84754],[174.78462,-36.84754],[174.78459,-36.84754],[174.78458,-36.84745],[174.78538,-36.84746],[174.7859,-36.84743],[174.78747,-36.84733]]]}},{"type":"Feature","properties":{"kind":"grass"},"geometry":{"type":"Polygon","coordinates":[[[174.78126,-36.85567],[174.78119,-36.85554],[174.78107,-36.85535],[174.7809,-36.8554],[174.78086,-36.85547],[174.7809,-36.85554],[174.78095,-36.85563],[174.78102,-36.85561],[174.78109,-36.85574],[174.78126,-36.85567]]]}},{"type":"Feature","properties":{"kind":"retail"},"geometry":{"type":"Polygon","coordinates":[[[174.74351,-36.84915],[174.74299,-36.8492],[174.74297,-36.849],[174.74348,-36.84895],[174.74351,-36.84915]]]}},{"type":"Feature","properties":{"name":"Ponsonby Kindergarten","kind":"residential"},"geometry":{"type":"Polygon","coordinates":[[[174.74173,-36.85047],[174.74203,-36.85044],[174.74199,-36.85012],[174.74168,-36.85015],[174.74173,-36.85047]]]}},{"type":"Feature","properties":{"kind":"grass"},"geometry":{"type":"Polygon","coordinates":[[[174.74788,-36.86401],[174.74777,-36.86391],[174.74779,-36.8639],[174.74778,-36.86389],[174.74797,-36.86375],[174.74817,-36.86391],[174.74812,-36.86396],[174.74811,-36.86395],[174.74799,-36.86404],[174.74792,-36.86398],[174.74788,-36.86401]]]}},{"type":"Feature","properties":{"kind":"retail"},"geometry":{"type":"Polygon","coordinates":[[[174.74036,-36.84474],[174.74037,-36.84486],[174.74058,-36.84499],[174.74092,-36.84479],[174.74083,-36.84471],[174.74081,-36.84464],[174.74036,-36.84474]]]}},{"type":"Feature","properties":{"kind":"commercial"},"geometry":{"type":"Polygon","coordinates":[[[174.76262,-36.86931],[174.76229,-36.86921],[174.76247,-36.86884],[174.76276,-36.86893],[174.76279,-36.86895],[174.76262,-36.86931]]]}},{"type":"Feature","properties":{"kind":"retail"},"geometry":{"type":"Polygon","coordinates":[[[174.7645,-36.85123],[174.7646,-36.85101],[174.76517,-36.85118],[174.76516,-36.85119],[174.76508,-36.85139],[174.7645,-36.85123]]]}},{"type":"Feature","properties":{"kind":"grass"},"geometry":{"type":"Polygon","coordinates":[[[174.77804,-36.84806],[174.77806,-36.84808],[174.7781,-36.84808],[174.77813,-36.84806],[174.77821,-36.84796],[174.77822,-36.8479],[174.77821,-36.84785],[174.77817,-36.8478],[174.77811,-36.84776],[174.77805,-36.84774],[174.77799,-36.84774],[174.77794,-36.84774],[174.7779,-36.84776],[174.7779,-36.84782],[174.77799,-36.84781],[174.77801,-36.84804],[174.77806,-36.84804],[174.77804,-36.84806]]]}},{"type":"Feature","properties":{"kind":"industrial"},"geometry":{"type":"Polygon","coordinates":[[[174.74037,-36.8371],[174.74024,-36.83706],[174.74035,-36.83685],[174.7407,-36.83642],[174.74085,-36.83637],[174.74092,-36.83616],[174.74095,-36.83614],[174.74098,-36.83613],[174.74121,-36.83601],[174.74145,-36.83578],[174.74157,-36.83582],[174.74135,-36.8362],[174.7412,-36.83653],[174.74123,-36.83657],[174.74125,-36.83667],[174.7412,-36.83667],[174.74115,-36.83668],[174.74113,-36.83662],[174.74111,-36.83657],[174.74107,-36.83656],[174.74102,-36.83658],[174.74055,-36.83704],[174.74037,-36.8371]]]}},{"type":"Feature","properties":{"name":"Harbour Bridge Southern Compound","kind":"industrial"},"geometry":{"type":"Polygon","coordinates":[[[174.74278,-36.83567],[174.74285,-36.83554],[174.74288,-36.83544],[174.74289,-36.83531],[174.74281,-36.83525],[174.74274,-36.83522],[174.74265,-36.83521],[174.74257,-36.83521],[174.74235,-36.83524],[174.74224,-36.8354],[174.74214,-36.83554],[174.74259,-36.83573],[174.74265,-36.83561],[174.74278,-36.83567]]]}},{"type":"Feature","properties":{"kind":"residential"},"geometry":{"type":"Polygon","coordinates":[[[174.76023,-36.85316],[174.76005,-36.85344],[174.76047,-36.85361],[174.76065,-36.85335],[174.76023,-36.85316]]]}},{"type":"Feature","properties":{"kind":"commercial"},"geometry":{"type":"Polygon","coordinates":[[[174.75942,-36.85441],[174.75912,-36.85486],[174.75916,-36.85488],[174.75913,-36.85493],[174.75909,-36.85491],[174.75905,-36.85497],[174.75901,-36.85496],[174.7589,-36.85512],[174.75884,-36.85522],[174.75891,-36.85581],[174.75899,-36.85582],[174.7598,-36.85512],[174.75972,-36.85506],[174.75965,-36.85499],[174.75954,-36.8549],[174.75981,-36.85459],[174.75942,-36.85441]]]}},{"type":"Feature","properties":{"kind":"commercial"},"geometry":{"type":"Polygon","coordinates":[[[174.76082,-36.85028],[174.76069,-36.85056],[174.76143,-36.85077],[174.76153,-36.85054],[174.76116,-36.85043],[174.76118,-36.85038],[174.76082,-36.85028]]]}},{"type":"Feature","properties":{"kind":"retail"},"geometry":{"type":"Polygon","coordinates":[[[174.7604,-36.85171],[174.76012,-36.85163],[174.7601,-36.85157],[174.76036,-36.85116],[174.76045,-36.85118],[174.76032,-36.8514],[174.76024,-36.85155],[174.76045,-36.85161],[174.76042,-36.85167],[174.7604,-36.85171]]]}},{"type":"Feature","properties":{"kind":"commercial"},"geometry":{"type":"Polygon","coordinates":[[[174.76053,-36.85085],[174.76046,-36.85099],[174.76036,-36.85116],[174.76045,-36.85118],[174.76079,-36.85127],[174.76093,-36.85096],[174.76053,-36.85085]]]}},{"type":"Feature","properties":{"kind":"residential"},"geometry":{"type":"Polygon","coordinates":[[[174.76066,-36.85174],[174.76042,-36.85167],[174.76045,-36.85161],[174.76024,-36.85155],[174.76032,-36.8514],[174.76045,-36.85118],[174.76079,-36.85127],[174.76093,-36.85096],[174.7613,-36.85107],[174.76113,-36.85147],[174.7611,-36.85147],[174.76084,-36.8514],[174.76076,-36.85153],[174.76075,-36.85154],[174.76066,-36.85174]]]}},{"type":"Feature","properties":{"kind":"commercial"},"geometry":{"type":"Polygon","coordinates":[[[174.76136,-36.85126],[174.76179,-36.85021],[174.76181,-36.85021],[174.76197,-36.85025],[174.76251,-36.85041],[174.76231,-36.85088],[174.76226,-36.85097],[174.76209,-36.85106],[174.76185,-36.85117],[174.76176,-36.85119],[174.7617,-36.85119],[174.76161,-36.85123],[174.76159,-36.85127],[174.76148,-36.85129],[174.76136,-36.85126]]]}},{"type":"Feature","properties":{"name":"Union and Co","kind":"residential"},"geometry":{"type":"Polygon","coordinates":[[[174.7564,-36.85281],[174.75677,-36.85262],[174.7569,-36.8528],[174.757,-36.85283],[174.75682,-36.85327],[174.75679,-36.85329],[174.7564,-36.85281]]]}},{"type":"Feature","properties":{"kind":"residential"},"geometry":{"type":"Polygon","coordinates":[[[174.76114,-36.8702],[174.76105,-36.87027],[174.76089,-36.87035],[174.7607,-36.8701],[174.76066,-36.87004],[174.76061,-36.8699],[174.76089,-36.86987],[174.7609,-36.86995],[174.76114,-36.8702]]]}},{"type":"Feature","properties":{"kind":"retail"},"geometry":{"type":"Polygon","coordinates":[[[174.76089,-36.87035],[174.76105,-36.87027],[174.76137,-36.87056],[174.76108,-36.87074],[174.7607,-36.87036],[174.76049,-36.87014],[174.76046,-36.87009],[174.76043,-36.86998],[174.76043,-36.86992],[174.76041,-36.86981],[174.76088,-36.86976],[174.76089,-36.86987],[174.76061,-36.8699],[174.76066,-36.87004],[174.7607,-36.8701],[174.76089,-36.87035]]]}},{"type":"Feature","properties":{"kind":"grass"},"geometry":{"type":"Polygon","coordinates":[[[174.75498,-36.84356],[174.75499,-36.84356],[174.75499,-36.84357],[174.755,-36.84357],[174.75517,-36.84359],[174.75528,-36.84361],[174.75545,-36.84363],[174.75546,-36.84363],[174.75558,-36.84336],[174.75548,-36.8433],[174.75505,-36.84333],[174.75504,-36.84333],[174.75503,-36.84333],[174.75503,-36.84334],[174.75498,-36.84356]]]}},{"type":"Feature","properties":{"name":"Wynyard Central","kind":"residential"},"geometry":{"type":"Polygon","coordinates":[[[174.75555,-36.84243],[174.7558,-36.84249],[174.75614,-36.84258],[174.75588,-36.84325],[174.75529,-36.8431],[174.75555,-36.84243]]]}},{"type":"Feature","properties":{"kind":"residential"},"geometry":{"type":"Polygon","coordinates":[[[174.76496,-36.85251],[174.76449,-36.85267],[174.76478,-36.85317],[174.76483,-36.8532],[174.76494,-36.85321],[174.765,-36.8532],[174.76526,-36.85299],[174.76496,-36.85251]]]}},{"type":"Feature","properties":{"kind":"residential"},"geometry":{"type":"Polygon","coordinates":[[[174.76529,-36.85218],[174.76556,-36.85215],[174.76561,-36.85239],[174.76561,-36.85242],[174.76561,-36.85243],[174.76545,-36.85245],[174.76535,-36.85233],[174.76531,-36.85227],[174.76529,-36.85218]]]}},{"type":"Feature","properties":{"kind":"commercial"},"geometry":{"type":"Polygon","coordinates":[[[174.75641,-36.84201],[174.7562,-36.84251],[174.75655,-36.8426],[174.75667,-36.84232],[174.75665,-36.84232],[174.75669,-36.84224],[174.75671,-36.84225],[174.75677,-36.84211],[174.75677,-36.8421],[174.75641,-36.84201]]]}},{"type":"Feature","properties":{"kind":"commercial"},"geometry":{"type":"Polygon","coordinates":[[[174.75619,-36.84261],[174.75594,-36.84323],[174.75628,-36.84333],[174.75652,-36.84274],[174.75653,-36.8427],[174.75619,-36.84261]]]}},{"type":"Feature","properties":{"name":"Wynyard Quayside","kind":"commercial"},"geometry":{"type":"Polygon","coordinates":[[[174.75698,-36.84286],[174.75697,-36.84286],[174.75654,-36.84275],[174.75652,-36.84274],[174.75628,-36.84333],[174.75673,-36.84345],[174.75682,-36.84323],[174.75733,-36.84336],[174.75748,-36.84299],[174.75698,-36.84286]]]}},{"type":"Feature","properties":{"kind":"commercial"},"geometry":{"type":"Polygon","coordinates":[[[174.75673,-36.84345],[174.75724,-36.84358],[174.75733,-36.84336],[174.75682,-36.84323],[174.75673,-36.84345]]]}},{"type":"Feature","properties":{"kind":"residential"},"geometry":{"type":"Polygon","coordinates":[[[174.75728,-36.8428],[174.75754,-36.84287],[174.75774,-36.84236],[174.75751,-36.8423],[174.75728,-36.8428]]]}},{"type":"Feature","properties":{"kind":"industrial"},"geometry":{"type":"Polygon","coordinates":[[[174.7547,-36.84249],[174.75468,-36.84255],[174.75457,-36.8428],[174.75455,-36.84286],[174.75465,-36.84289],[174.75474,-36.84267],[174.75478,-36.84267],[174.75481,-36.84263],[174.75486,-36.84258],[174.75511,-36.84241],[174.75515,-36.84239],[174.75492,-36.84233],[174.75491,-36.84236],[174.75428,-36.8422],[174.75421,-36.84236],[174.7547,-36.84249]]]}},{"type":"Feature","properties":{"kind":"residential"},"geometry":{"type":"Polygon","coordinates":[[[174.75919,-36.84397],[174.75914,-36.84407],[174.75937,-36.84413],[174.76003,-36.84431],[174.76011,-36.84428],[174.76032,-36.84375],[174.76061,-36.84354],[174.7606,-36.84353],[174.76041,-36.84337],[174.76024,-36.84321],[174.75919,-36.84397]]]}},{"type":"Feature","properties":{"name":"Latitude 37","kind":"residential"},"geometry":{"type":"Polygon","coordinates":[[[174.7589,-36.84467],[174.75926,-36.84477],[174.75928,-36.84477],[174.75947,-36.84482],[174.75949,-36.84483],[174.75984,-36.84492],[174.76,-36.84454],[174.75995,-36.84447],[174.75907,-36.84424],[174.7589,-36.84467]]]}},{"type":"Feature","properties":{"name":"The Parc","kind":"residential"},"geometry":{"type":"Polygon","coordinates":[[[174.7603,-36.84439],[174.76123,-36.84464],[174.7613,-36.8446],[174.76179,-36.84342],[174.76133,-36.84331],[174.76127,-36.84332],[174.76121,-36.84334],[174.76116,-36.84336],[174.76055,-36.84381],[174.76049,-36.84388],[174.7603,-36.84439]]]}},{"type":"Feature","properties":{"kind":"grass"},"geometry":{"type":"Polygon","coordinates":[[[174.75959,-36.84403],[174.76009,-36.84367],[174.75994,-36.84407],[174.75967,-36.84401],[174.75966,-36.84404],[174.75959,-36.84403]]]}},{"type":"Feature","properties":{"kind":"grass"},"geometry":{"type":"Polygon","coordinates":[[[174.76083,-36.84409],[174.7608,-36.84415],[174.76079,-36.84421],[174.76081,-36.84424],[174.76083,-36.84427],[174.76086,-36.84427],[174.76089,-36.84427],[174.76096,-36.84424],[174.76103,-36.8442],[174.76109,-36.84415],[174.76113,-36.8441],[174.76118,-36.84403],[174.76122,-36.84395],[174.76122,-36.84391],[174.76122,-36.84388],[174.7612,-36.84385],[174.76116,-36.84384],[174.76113,-36.84384],[174.76108,-36.84387],[174.761,-36.84391],[174.76094,-36.84396],[174.76088,-36.84402],[174.76083,-36.84409]]]}},{"type":"Feature","properties":{"kind":"residential"},"geometry":{"type":"Polygon","coordinates":[[[174.7591,-36.857],[174.75906,-36.85677],[174.75965,-36.85672],[174.75969,-36.85674],[174.75972,-36.85677],[174.75974,-36.85694],[174.7591,-36.857]]]}},{"type":"Feature","properties":{"kind":"residential"},"geometry":{"type":"Polygon","coordinates":[[[174.75837,-36.85651],[174.75872,-36.85648],[174.7588,-36.85696],[174.75879,-36.85698],[174.75878,-36.85698],[174.75876,-36.85699],[174.75874,-36.85699],[174.7582,-36.85674],[174.75821,-36.85672],[174.75837,-36.85651]]]}},{"type":"Feature","properties":{"kind":"commercial"},"geometry":{"type":"Polygon","coordinates":[[[174.75796,-36.85661],[174.75821,-36.85672],[174.75837,-36.85651],[174.75872,-36.85648],[174.75871,-36.85639],[174.7585,-36.85642],[174.75844,-36.85639],[174.7582,-36.8563],[174.75796,-36.85661]]]}},{"type":"Feature","properties":{"kind":"commercial"},"geometry":{"type":"Polygon","coordinates":[[[174.78893,-36.85528],[174.78921,-36.85558],[174.78964,-36.85496],[174.78925,-36.85481],[174.78893,-36.85528]]]}},{"type":"Feature","properties":{"kind":"recreation_ground"},"geometry":{"type":"Polygon","coordinates":[[[174.77983,-36.86082],[174.78041,-36.86121],[174.77983,-36.86176],[174.77933,-36.86141],[174.77924,-36.86135],[174.77983,-36.86082]]]}},{"type":"Feature","properties":{"kind":"commercial"},"geometry":{"type":"Polygon","coordinates":[[[174.76965,-36.84558],[174.76998,-36.84566],[174.7698,-36.84595],[174.76952,-36.84588],[174.76965,-36.84558]]]}},{"type":"Feature","properties":{"name":"Pompalier Tennis Club","kind":"recreation_ground"},"geometry":{"type":"Polygon","coordinates":[[[174.74674,-36.8458],[174.74657,-36.84606],[174.74652,-36.84613],[174.74734,-36.84647],[174.74759,-36.8461],[174.7472,-36.84594],[174.74679,-36.84576],[174.74674,-36.8458]]]}},{"type":"Feature","properties":{"name":"Site 3","kind":"commercial"},"geometry":{"type":"Polygon","coordinates":[[[174.76073,-36.86246],[174.76028,-36.86236],[174.76013,-36.86286],[174.76043,-36.86292],[174.76042,-36.86295],[174.7607,-36.86302],[174.76075,-36.86285],[174.76067,-36.86283],[174.76071,-36.86271],[174.76066,-36.8627],[174.76073,-36.86246]]]}},{"type":"Feature","properties":{"kind":"retail"},"geometry":{"type":"Polygon","coordinates":[[[174.76071,-36.86271],[174.76085,-36.86274],[174.76058,-36.8636],[174.76083,-36.86366],[174.76132,-36.86208],[174.76099,-36.86196],[174.76107,-36.86181],[174.76138,-36.86192],[174.76139,-36.86192],[174.76139,-36.86191],[174.76148,-36.86176],[174.76111,-36.86162],[174.76106,-36.86171],[174.76069,-36.86156],[174.76031,-36.86221],[174.76028,-36.86236],[174.76073,-36.86246],[174.76066,-36.8627],[174.76071,-36.86271]]]}},{"type":"Feature","properties":{"kind":"residential"},"geometry":{"type":"Polygon","coordinates":[[[174.745,-36.87096],[174.74496,-36.87079],[174.74498,-36.87079],[174.74505,-36.87078],[174.74532,-36.87073],[174.74534,-36.87079],[174.74536,-36.87089],[174.74528,-36.87091],[174.74503,-36.87095],[174.745,-36.87096]]]}},{"type":"Feature","properties":{"kind":"residential"},"geometry":{"type":"Polygon","coordinates":[[[174.76513,-36.85828],[174.76511,-36.85829],[174.76505,-36.85834],[174.76536,-36.8586],[174.76542,-36.85856],[174.76545,-36.85828],[174.76528,-36.85815],[174.76513,-36.85828]]]}},{"type":"Feature","properties":{"kind":"residential"},"geometry":{"type":"Polygon","coordinates":[[[174.75693,-36.84634],[174.75721,-36.84629],[174.75722,-36.84632],[174.75732,-36.84672],[174.7574,-36.84707],[174.75741,-36.8471],[174.75714,-36.84714],[174.75694,-36.84638],[174.75693,-36.84634]]]}},{"type":"Feature","properties":{"name":"Domain Terraces","kind":"residential"},"geometry":{"type":"Polygon","coordinates":[[[174.77569,-36.86449],[174.77568,-36.86454],[174.77556,-36.86493],[174.77531,-36.86488],[174.77498,-36.86481],[174.77424,-36.86466],[174.77423,-36.86462],[174.77524,-36.86425],[174.77543,-36.86414],[174.77545,-36.86416],[174.77554,-36.86427],[174.7756,-36.86434],[174.77557,-36.86446],[174.77569,-36.86449]]]}},{"type":"Feature","properties":{"kind":"grass"},"geometry":{"type":"Polygon","coordinates":[[[174.77915,-36.86308],[174.77915,-36.86304],[174.77919,-36.863],[174.77918,-36.86298],[174.77912,-36.86294],[174.77912,-36.86292],[174.77939,-36.86267],[174.7794,-36.86265],[174.77953,-36.86275],[174.7796,-36.86284],[174.77961,-36.8629],[174.7796,-36.86293],[174.77957,-36.86299],[174.77941,-36.86313],[174.77928,-36.86315],[174.77924,-36.86315],[174.77915,-36.86308]]]}},{"type":"Feature","properties":{"kind":"commercial"},"geometry":{"type":"Polygon","coordinates":[[[174.77797,-36.86494],[174.77764,-36.86487],[174.77749,-36.86534],[174.77773,-36.86539],[174.77781,-36.8651],[174.77791,-36.86512],[174.77797,-36.86494]]]}},{"type":"Feature","properties":{"kind":"commercial"},"geometry":{"type":"Polygon","coordinates":[[[174.76404,-36.8566],[174.76403,-36.85646],[174.76409,-36.85641],[174.76408,-36.8564],[174.76383,-36.85622],[174.76381,-36.85621],[174.76366,-36.85633],[174.76394,-36.85654],[174.76375,-36.85669],[174.76374,-36.8567],[174.76346,-36.8565],[174.76319,-36.85675],[174.76325,-36.85681],[174.76399,-36.85702],[174.7641,-36.85704],[174.76432,-36.85708],[174.76468,-36.85717],[174.76485,-36.85702],[174.76446,-36.85676],[174.76431,-36.85677],[174.76404,-36.8566]]]}},{"type":"Feature","properties":{"kind":"residential"},"geometry":{"type":"Polygon","coordinates":[[[174.76356,-36.85499],[174.76295,-36.85481],[174.76306,-36.85453],[174.76369,-36.8547],[174.76356,-36.85499]]]}},{"type":"Feature","properties":{"kind":"residential"},"geometry":{"type":"Polygon","coordinates":[[[174.76637,-36.85458],[174.76673,-36.85462],[174.7668,-36.85429],[174.76643,-36.85424],[174.76637,-36.85458]]]}},{"type":"Feature","properties":{"kind":"residential"},"geometry":{"type":"Polygon","coordinates":[[[174.7673,-36.85445],[174.76721,-36.85455],[174.7672,-36.85459],[174.76716,-36.85459],[174.76714,-36.85468],[174.76744,-36.85471],[174.76755,-36.85458],[174.7673,-36.85445]]]}},{"type":"Feature","properties":{"kind":"residential"},"geometry":{"type":"Polygon","coordinates":[[[174.76553,-36.85446],[174.76572,-36.8548],[174.76621,-36.85462],[174.76603,-36.85428],[174.76553,-36.85446]]]}},{"type":"Feature","properties":{"kind":"residential"},"geometry":{"type":"Polygon","coordinates":[[[174.76093,-36.84735],[174.76139,-36.84748],[174.76127,-36.84776],[174.76081,-36.84763],[174.76093,-36.84735]]]}},{"type":"Feature","properties":{"kind":"retail"},"geometry":{"type":"Polygon","coordinates":[[[174.76127,-36.84776],[174.76159,-36.84785],[174.76171,-36.84757],[174.76139,-36.84748],[174.76127,-36.84776]]]}},{"type":"Feature","properties":{"name":"Hobson Street Substation","kind":"industrial"},"geometry":{"type":"Polygon","coordinates":[[[174.76173,-36.84544],[174.76239,-36.84566],[174.76261,-36.84518],[174.76218,-36.84505],[174.76179,-36.84537],[174.76173,-36.84544]]]}},{"type":"Feature","properties":{"kind":"commercial"},"geometry":{"type":"Polygon","coordinates":[[[174.76218,-36.84505],[174.76235,-36.84494],[174.76295,-36.8447],[174.76299,-36.84471],[174.76256,-36.8457],[174.76239,-36.84566],[174.76261,-36.84518],[174.76218,-36.84505]]]}},{"type":"Feature","properties":{"kind":"retail"},"geometry":{"type":"Polygon","coordinates":[[[174.75747,-36.85321],[174.75743,-36.85328],[174.75731,-36.85357],[174.75697,-36.85349],[174.75707,-36.85327],[174.75715,-36.85329],[174.75722,-36.85314],[174.75747,-36.85321]]]}},{"type":"Feature","properties":{"kind":"residential"},"geometry":{"type":"Polygon","coordinates":[[[174.76529,-36.85218],[174.76499,-36.85222],[174.76498,-36.85224],[174.76524,-36.85269],[174.76534,-36.85286],[174.76536,-36.85287],[174.7654,-36.85281],[174.76544,-36.85276],[174.7655,-36.85267],[174.76555,-36.85257],[174.76561,-36.85243],[174.76545,-36.85245],[174.76535,-36.85233],[174.76531,-36.85227],[174.76529,-36.85218]]]}},{"type":"Feature","properties":{"kind":"residential"},"geometry":{"type":"Polygon","coordinates":[[[174.77091,-36.84881],[174.7706,-36.84858],[174.77116,-36.84792],[174.7711,-36.8479],[174.77097,-36.84776],[174.77113,-36.84756],[174.77131,-36.84777],[174.7715,-36.84794],[174.77118,-36.84825],[174.77135,-36.84838],[174.77116,-36.84858],[174.77091,-36.84881]]]}},{"type":"Feature","properties":{"kind":"commercial"},"geometry":{"type":"Polygon","coordinates":[[[174.7706,-36.84858],[174.77011,-36.84827],[174.77009,-36.84824],[174.77008,-36.84822],[174.77042,-36.84747],[174.77057,-36.84725],[174.77064,-36.84722],[174.77075,-36.84723],[174.77084,-36.84727],[174.77092,-36.84734],[174.77113,-36.84756],[174.77097,-36.84776],[174.7711,-36.8479],[174.77116,-36.84792],[174.7706,-36.84858]]]}},{"type":"Feature","properties":{"kind":"industrial"},"geometry":{"type":"Polygon","coordinates":[[[174.75275,-36.84958],[174.75274,-36.84958],[174.75272,-36.8496],[174.75271,-36.84962],[174.75272,-36.84968],[174.75272,-36.84974],[174.75275,-36.84987],[174.75281,-36.84986],[174.75314,-36.84979],[174.75312,-36.84974],[174.75306,-36.84953],[174.75276,-36.84959],[174.75275,-36.84958]]]}},{"type":"Feature","properties":{"kind":"residential"},"geometry":{"type":"Polygon","coordinates":[[[174.77606,-36.84855],[174.7761,-36.84865],[174.77608,-36.84867],[174.77612,-36.84874],[174.77603,-36.84877],[174.77601,-36.84874],[174.77581,-36.84879],[174.77582,-36.8488],[174.77575,-36.84882],[174.77578,-36.84888],[174.77566,-36.84891],[174.77565,-36.84895],[174.77562,-36.84894],[174.77546,-36.84929],[174.7755,-36.84932],[174.77549,-36.84935],[174.77484,-36.84912],[174.77484,-36.84909],[174.77481,-36.84894],[174.77482,-36.84891],[174.77483,-36.84888],[174.77485,-36.84885],[174.77527,-36.84873],[174.77535,-36.8487],[174.77544,-36.84868],[174.77552,-36.84865],[174.77561,-36.84863],[174.77569,-36.8486],[174.77577,-36.84858],[174.77586,-36.84855],[174.77592,-36.84853],[174.776,-36.84856],[174.77606,-36.84855]]]}},{"type":"Feature","properties":{"kind":"residential"},"geometry":{"type":"Polygon","coordinates":[[[174.77252,-36.84633],[174.7725,-36.84634],[174.77219,-36.84646],[174.77262,-36.84696],[174.77296,-36.84683],[174.77252,-36.84633]]]}},{"type":"Feature","properties":{"kind":"residential"},"geometry":{"type":"Polygon","coordinates":[[[174.77074,-36.84615],[174.77083,-36.84593],[174.77082,-36.84591],[174.77008,-36.84572],[174.77002,-36.84587],[174.77051,-36.846],[174.77048,-36.84608],[174.77074,-36.84615]]]}},{"type":"Feature","properties":{"kind":"retail"},"geometry":{"type":"Polygon","coordinates":[[[174.77118,-36.8462],[174.77145,-36.84612],[174.77134,-36.84591],[174.77129,-36.84586],[174.77124,-36.84581],[174.77114,-36.84574],[174.77092,-36.84569],[174.77092,-36.84571],[174.77089,-36.84584],[174.77093,-36.84586],[174.77101,-36.84592],[174.77105,-36.84597],[174.77107,-36.84603],[174.77103,-36.84616],[174.77118,-36.8462]]]}},{"type":"Feature","properties":{"kind":"residential"},"geometry":{"type":"Polygon","coordinates":[[[174.75656,-36.84777],[174.75662,-36.84716],[174.75683,-36.84718],[174.75697,-36.84715],[174.75708,-36.8477],[174.75656,-36.84777]]]}},{"type":"Feature","properties":{"kind":"commercial"},"geometry":{"type":"Polygon","coordinates":[[[174.75708,-36.8477],[174.75715,-36.84801],[174.75684,-36.84805],[174.75668,-36.84805],[174.7566,-36.84802],[174.75654,-36.84797],[174.75656,-36.84777],[174.75708,-36.8477]]]}},{"type":"Feature","properties":{"kind":"residential"},"geometry":{"type":"Polygon","coordinates":[[[174.77087,-36.86735],[174.77105,-36.86739],[174.77109,-36.86738],[174.77114,-36.86735],[174.77118,-36.86734],[174.77122,-36.86734],[174.77128,-36.86736],[174.77131,-36.86741],[174.77132,-36.86745],[174.77158,-36.8675],[174.77163,-36.86736],[174.77159,-36.86735],[174.77128,-36.86729],[174.77139,-36.86695],[174.77113,-36.8669],[174.77115,-36.86683],[174.77105,-36.8668],[174.77087,-36.86735]]]}},{"type":"Feature","properties":{"name":"Spring Street Flats","kind":"residential"},"geometry":{"type":"Polygon","coordinates":[[[174.74935,-36.84963],[174.74956,-36.84978],[174.75,-36.84942],[174.74985,-36.84931],[174.74964,-36.84923],[174.74955,-36.84922],[174.74862,-36.8493],[174.74864,-36.84941],[174.74869,-36.84964],[174.74865,-36.84968],[174.74868,-36.84994],[174.74873,-36.84998],[174.74903,-36.84974],[174.74895,-36.84967],[174.7491,-36.84956],[174.74918,-36.84962],[174.74926,-36.84958],[174.74932,-36.84958],[174.74936,-36.84961],[174.74935,-36.84963]]]}},{"type":"Feature","properties":{"kind":"retail"},"geometry":{"type":"Polygon","coordinates":[[[174.76497,-36.84971],[174.76495,-36.84975],[174.76486,-36.84996],[174.76482,-36.85004],[174.7648,-36.85008],[174.76478,-36.85013],[174.76462,-36.8505],[174.7646,-36.85049],[174.76453,-36.85064],[174.76455,-36.85065],[174.76452,-36.85072],[174.76451,-36.85074],[174.7645,-36.85075],[174.76449,-36.85076],[174.76447,-36.85077],[174.76445,-36.85078],[174.76442,-36.85078],[174.7644,-36.85078],[174.76439,-36.85077],[174.76437,-36.85077],[174.76374,-36.85059],[174.76373,-36.8506],[174.76366,-36.85058],[174.76416,-36.84947],[174.76497,-36.84971]]]}},{"type":"Feature","properties":{"kind":"retail"},"geometry":{"type":"Polygon","coordinates":[[[174.76424,-36.84943],[174.765,-36.84965],[174.76514,-36.84931],[174.76519,-36.84917],[174.7652,-36.84914],[174.7652,-36.84913],[174.76522,-36.8491],[174.76522,-36.84908],[174.76521,-36.84907],[174.76521,-36.84906],[174.76519,-36.84905],[174.76517,-36.84904],[174.76515,-36.84903],[174.76454,-36.84886],[174.7645,-36.84884],[174.76449,-36.84884],[174.76448,-36.84884],[174.76447,-36.84884],[174.76446,-36.84884],[174.76444,-36.8489],[174.76423,-36.84937],[174.76423,-36.8494],[174.76423,-36.84942],[174.76424,-36.84943]]]}},{"type":"Feature","properties":{"kind":"commercial"},"geometry":{"type":"Polygon","coordinates":[[[174.7737,-36.84903],[174.77368,-36.84889],[174.77399,-36.84886],[174.77431,-36.84885],[174.77436,-36.84898],[174.7737,-36.84903]]]}},{"type":"Feature","properties":{"name":"Ventia Depot","kind":"industrial"},"geometry":{"type":"Polygon","coordinates":[[[174.76737,-36.85233],[174.76749,-36.85241],[174.76762,-36.85228],[174.76763,-36.85229],[174.76778,-36.85214],[174.76791,-36.85203],[174.768,-36.85193],[174.76797,-36.8519],[174.76792,-36.85188],[174.76786,-36.85195],[174.76782,-36.85199],[174.7678,-36.85201],[174.76778,-36.85202],[174.76774,-36.85205],[174.7677,-36.85207],[174.76771,-36.85209],[174.76761,-36.85214],[174.76753,-36.85218],[174.76746,-36.8522],[174.76742,-36.85219],[174.7673,-36.85227],[174.76737,-36.85233]]]}},{"type":"Feature","properties":{"kind":"residential"},"geometry":{"type":"Polygon","coordinates":[[[174.75542,-36.84176],[174.75518,-36.84234],[174.75432,-36.84212],[174.75455,-36.84154],[174.75457,-36.84154],[174.75478,-36.8416],[174.75481,-36.84161],[174.75484,-36.84161],[174.75511,-36.84168],[174.75517,-36.8417],[174.75527,-36.84172],[174.75542,-36.84176]]]}},{"type":"Feature","properties":{"kind":"industrial"},"geometry":{"type":"Polygon","coordinates":[[[174.7615,-36.85278],[174.76148,-36.85264],[174.76151,-36.85264],[174.76153,-36.85264],[174.76156,-36.85262],[174.76156,-36.85259],[174.76155,-36.85254],[174.76153,-36.85249],[174.76152,-36.85244],[174.76151,-36.85239],[174.76151,-36.85236],[174.76152,-36.85233],[174.76152,-36.85231],[174.76154,-36.85228],[174.76156,-36.85222],[174.76158,-36.85217],[174.7616,-36.85213],[174.76159,-36.85211],[174.76157,-36.85208],[174.76158,-36.85205],[174.7616,-36.85203],[174.76161,-36.852],[174.76162,-36.85198],[174.76163,-36.85195],[174.76164,-36.85193],[174.76165,-36.85191],[174.7617,-36.85192],[174.76171,-36.85192],[174.76176,-36.85194],[174.7618,-36.85195],[174.76183,-36.85196],[174.76182,-36.85198],[174.76181,-36.85201],[174.76186,-36.85204],[174.76186,-36.85205],[174.76186,-36.85206],[174.76184,-36.85208],[174.76184,-36.8521],[174.76181,-36.85216],[174.7618,-36.85218],[174.76188,-36.8522],[174.76186,-36.85223],[174.76185,-36.85225],[174.76189,-36.85227],[174.76196,-36.85228],[174.76192,-36.85238],[174.76194,-36.8524],[174.7619,-36.85248],[174.76193,-36.85253],[174.76194,-36.85253],[174.76196,-36.85253],[174.76197,-36.85254],[174.76198,-36.85254],[174.76197,-36.85255],[174.76197,-36.85256],[174.76192,-36.85255],[174.76186,-36.85253],[174.76182,-36.85252],[174.76177,-36.85253],[174.76165,-36.85253],[174.76165,-36.85261],[174.76162,-36.8527],[174.7615,-36.85278]]]}},{"type":"Feature","properties":{"kind":"grass"},"geometry":{"type":"Polygon","coordinates":[[[174.76674,-36.86064],[174.76669,-36.86081],[174.76603,-36.86152],[174.76515,-36.86245],[174.76511,-36.86248],[174.76506,-36.86249],[174.76502,-36.86248],[174.76502,-36.86247],[174.76557,-36.86187],[174.76608,-36.86133],[174.76657,-36.86081],[174.76674,-36.86064]]]}},{"type":"Feature","properties":{"kind":"commercial"},"geometry":{"type":"Polygon","coordinates":[[[174.76576,-36.84315],[174.76577,-36.84313],[174.76578,-36.84311],[174.76577,-36.84309],[174.76577,-36.84308],[174.76576,-36.84305],[174.76574,-36.84304],[174.76571,-36.84302],[174.76558,-36.84299],[174.76554,-36.84298],[174.76526,-36.8429],[174.76464,-36.84273],[174.76443,-36.84268],[174.76437,-36.84267],[174.76432,-36.84267],[174.7643,-36.84267],[174.76423,-36.84268],[174.76414,-36.84273],[174.76409,-36.84279],[174.76408,-36.84283],[174.76408,-36.84288],[174.76407,-36.84291],[174.76406,-36.84296],[174.76403,-36.84302],[174.76374,-36.84374],[174.76374,-36.84376],[174.76375,-36.84378],[174.76376,-36.84379],[174.76379,-36.8438],[174.76389,-36.84383],[174.76428,-36.84393],[174.76461,-36.84402],[174.76512,-36.84415],[174.76511,-36.84417],[174.76523,-36.8442],[174.76525,-36.8442],[174.76527,-36.8442],[174.76528,-36.8442],[174.7653,-36.84419],[174.76531,-36.84419],[174.76533,-36.84417],[174.76534,-36.84416],[174.76538,-36.84405],[174.76543,-36.84393],[174.76548,-36.84381],[174.76553,-36.84369],[174.76557,-36.8436],[174.7656,-36.84354],[174.76564,-36.84343],[174.76568,-36.84333],[174.76572,-36.84323],[174.76575,-36.84317],[174.76576,-36.84315]]]}},{"type":"Feature","properties":{"kind":"commercial"},"geometry":{"type":"Polygon","coordinates":[[[174.76317,-36.84489],[174.76325,-36.84471],[174.76326,-36.8447],[174.76327,-36.84469],[174.76329,-36.84469],[174.7633,-36.84469],[174.76331,-36.84469],[174.76333,-36.84469],[174.764,-36.84488],[174.76401,-36.84489],[174.76402,-36.84489],[174.76402,-36.8449],[174.76403,-36.84491],[174.76402,-36.84492],[174.76392,-36.84515],[174.76353,-36.84503],[174.76354,-36.84501],[174.76317,-36.84489]]]}},{"type":"Feature","properties":{"kind":"residential"},"geometry":{"type":"Polygon","coordinates":[[[174.76317,-36.84489],[174.76299,-36.84529],[174.76338,-36.8454],[174.76344,-36.84525],[174.76382,-36.84537],[174.76392,-36.84515],[174.76353,-36.84503],[174.76354,-36.84501],[174.76317,-36.84489]]]}},{"type":"Feature","properties":{"kind":"commercial"},"geometry":{"type":"Polygon","coordinates":[[[174.75593,-36.8663],[174.75654,-36.86692],[174.75707,-36.86657],[174.75645,-36.86594],[174.75593,-36.8663]]]}},{"type":"Feature","properties":{"kind":"residential"},"geometry":{"type":"Polygon","coordinates":[[[174.75511,-36.85017],[174.75503,-36.85015],[174.75494,-36.85012],[174.75475,-36.85007],[174.75466,-36.84976],[174.75468,-36.84975],[174.75509,-36.84969],[174.75513,-36.84988],[174.75507,-36.85],[174.75511,-36.85017]]]}},{"type":"Feature","properties":{"kind":"commercial"},"geometry":{"type":"Polygon","coordinates":[[[174.76508,-36.84677],[174.76547,-36.84688],[174.76545,-36.84692],[174.76578,-36.84702],[174.76571,-36.8473],[174.76569,-36.84732],[174.76491,-36.84707],[174.76437,-36.8469],[174.76447,-36.84668],[174.76468,-36.84622],[174.76475,-36.84606],[174.76533,-36.84623],[174.76525,-36.84639],[174.76508,-36.84677]]]}},{"type":"Feature","properties":{"kind":"residential"},"geometry":{"type":"Polygon","coordinates":[[[174.75889,-36.85206],[174.75876,-36.85226],[174.75924,-36.85246],[174.75937,-36.85226],[174.75889,-36.85206]]]}},{"type":"Feature","properties":{"kind":"residential"},"geometry":{"type":"Polygon","coordinates":[[[174.75813,-36.85245],[174.75801,-36.85271],[174.75842,-36.85289],[174.75862,-36.85296],[174.7588,-36.85292],[174.75889,-36.85276],[174.759,-36.8528],[174.75905,-36.85273],[174.75873,-36.85258],[174.75869,-36.85265],[174.75864,-36.85265],[174.75856,-36.85258],[174.75842,-36.85255],[174.75838,-36.85247],[174.75819,-36.85243],[174.75818,-36.85244],[174.75813,-36.85245]]]}},{"type":"Feature","properties":{"kind":"residential"},"geometry":{"type":"Polygon","coordinates":[[[174.75828,-36.85215],[174.75835,-36.85197],[174.75873,-36.85208],[174.75876,-36.85215],[174.75869,-36.85225],[174.75855,-36.85221],[174.75855,-36.85222],[174.75828,-36.85215]]]}},{"type":"Feature","properties":{"kind":"residential"},"geometry":{"type":"Polygon","coordinates":[[[174.7587,-36.85235],[174.75864,-36.85246],[174.75863,-36.85248],[174.75865,-36.8525],[174.75909,-36.85269],[174.75919,-36.85255],[174.7587,-36.85235]]]}},{"type":"Feature","properties":{"kind":"commercial"},"geometry":{"type":"Polygon","coordinates":[[[174.78592,-36.85671],[174.78575,-36.85679],[174.78583,-36.8569],[174.78567,-36.85697],[174.78581,-36.85716],[174.78592,-36.85717],[174.78614,-36.85708],[174.78632,-36.85731],[174.78633,-36.8573],[174.78592,-36.85671]]]}},{"type":"Feature","properties":{"kind":"commercial"},"geometry":{"type":"Polygon","coordinates":[[[174.76224,-36.84651],[174.76227,-36.8465],[174.76229,-36.84647],[174.76229,-36.84646],[174.76229,-36.84645],[174.76229,-36.84644],[174.76229,-36.84643],[174.76228,-36.84642],[174.76227,-36.84641],[174.76225,-36.8464],[174.76215,-36.84638],[174.76212,-36.84639],[174.761,-36.84605],[174.761,-36.84603],[174.76098,-36.84602],[174.76097,-36.84602],[174.76096,-36.84602],[174.76094,-36.84603],[174.76092,-36.84605],[174.76092,-36.84607],[174.76087,-36.84618],[174.76088,-36.8462],[174.76078,-36.84636],[174.76072,-36.84649],[174.76069,-36.84655],[174.76069,-36.84656],[174.7607,-36.84657],[174.76072,-36.84658],[174.76076,-36.84659],[174.76202,-36.84696],[174.76203,-36.84696],[174.76204,-36.84695],[174.7621,-36.84681],[174.76211,-36.84676],[174.7622,-36.84656],[174.76224,-36.84651]]]}},{"type":"Feature","properties":{"kind":"commercial"},"geometry":{"type":"Polygon","coordinates":[[[174.76073,-36.84665],[174.76069,-36.84664],[174.76067,-36.84663],[174.76066,-36.84664],[174.76065,-36.84664],[174.76065,-36.84665],[174.76064,-36.84666],[174.76063,-36.84668],[174.7605,-36.847],[174.76049,-36.84703],[174.76043,-36.84717],[174.76178,-36.84753],[174.762,-36.84703],[174.76198,-36.84702],[174.76073,-36.84665]]]}},{"type":"Feature","properties":{"kind":"commercial"},"geometry":{"type":"Polygon","coordinates":[[[174.76227,-36.84631],[174.76229,-36.84632],[174.76232,-36.84633],[174.76233,-36.84633],[174.76234,-36.84633],[174.76235,-36.84632],[174.76235,-36.84631],[174.76237,-36.84625],[174.76236,-36.84623],[174.76257,-36.84576],[174.76256,-36.84575],[174.76255,-36.84575],[174.7618,-36.84552],[174.76172,-36.84549],[174.76169,-36.84548],[174.76166,-36.84546],[174.76164,-36.84545],[174.76164,-36.84544],[174.76162,-36.84544],[174.76161,-36.84544],[174.7616,-36.84544],[174.76157,-36.84546],[174.76153,-36.84548],[174.76149,-36.84549],[174.76139,-36.84553],[174.76133,-36.84554],[174.76119,-36.84559],[174.76112,-36.84561],[174.76111,-36.84562],[174.7611,-36.84563],[174.76096,-36.84594],[174.76096,-36.84595],[174.76097,-36.84596],[174.76099,-36.84596],[174.76102,-36.84597],[174.76104,-36.84596],[174.76107,-36.84595],[174.76114,-36.84597],[174.76143,-36.84606],[174.76214,-36.84628],[174.76216,-36.84628],[174.76218,-36.84629],[174.76219,-36.84628],[174.76227,-36.8463],[174.76227,-36.84631]]]}},{"type":"Feature","properties":{"kind":"residential"},"geometry":{"type":"Polygon","coordinates":[[[174.76079,-36.86677],[174.76044,-36.86693],[174.76031,-36.86673],[174.76029,-36.86671],[174.76031,-36.86662],[174.76059,-36.86649],[174.76062,-36.86653],[174.76079,-36.86677]]]}},{"type":"Feature","properties":{"kind":"commercial"},"geometry":{"type":"Polygon","coordinates":[[[174.76543,-36.85083],[174.7656,-36.85045],[174.76574,-36.85012],[174.76572,-36.85011],[174.76574,-36.85007],[174.76575,-36.85005],[174.76575,-36.85004],[174.76576,-36.85004],[174.76578,-36.85004],[174.76594,-36.84968],[174.76592,-36.84967],[174.76607,-36.84934],[174.76608,-36.84933],[174.76609,-36.84931],[174.76611,-36.84931],[174.76615,-36.84932],[174.76625,-36.84934],[174.76664,-36.84945],[174.76666,-36.84946],[174.76668,-36.84946],[174.76671,-36.84948],[174.76672,-36.8495],[174.76671,-36.84954],[174.7667,-36.84956],[174.76666,-36.84955],[174.76654,-36.84984],[174.76647,-36.84999],[174.76645,-36.85002],[174.76639,-36.85016],[174.76632,-36.85031],[174.76631,-36.85031],[174.76631,-36.8503],[174.76629,-36.85028],[174.76625,-36.85037],[174.76627,-36.85039],[174.76628,-36.85039],[174.76628,-36.8504],[174.76628,-36.85041],[174.76622,-36.85055],[174.76616,-36.85068],[174.76618,-36.85069],[174.76619,-36.85069],[174.76619,-36.8507],[174.76616,-36.85076],[174.76613,-36.85084],[174.76612,-36.85084],[174.76607,-36.85097],[174.76606,-36.85097],[174.76604,-36.85096],[174.76596,-36.85117],[174.76598,-36.85118],[174.76592,-36.8513],[174.76589,-36.85133],[174.76587,-36.85134],[174.76586,-36.85134],[174.76584,-36.85134],[174.76583,-36.85134],[174.76582,-36.85134],[174.76579,-36.85133],[174.76576,-36.85132],[174.76572,-36.85128],[174.76564,-36.85121],[174.76559,-36.85116],[174.76555,-36.85113],[174.76548,-36.85111],[174.76542,-36.85109],[174.76536,-36.85107],[174.76535,-36.85106],[174.76534,-36.85104],[174.76535,-36.85102],[174.76538,-36.85095],[174.76543,-36.85083]]]}},{"type":"Feature","properties":{"kind":"commercial"},"geometry":{"type":"Polygon","coordinates":[[[174.76102,-36.84981],[174.76177,-36.85002],[174.76249,-36.84837],[174.7625,-36.84835],[174.76251,-36.84833],[174.7625,-36.84832],[174.76249,-36.84832],[174.76248,-36.84831],[174.76219,-36.84823],[174.76178,-36.84811],[174.76176,-36.84811],[174.76173,-36.84811],[174.76172,-36.84811],[174.7617,-36.84812],[174.76168,-36.84819],[174.76169,-36.84826],[174.7616,-36.84843],[174.76156,-36.8485],[174.76149,-36.84866],[174.76141,-36.84885],[174.76127,-36.84917],[174.76119,-36.84936],[174.76115,-36.84945],[174.76109,-36.84956],[174.76101,-36.84977],[174.76101,-36.84978],[174.76101,-36.8498],[174.76102,-36.84981]]]}},{"type":"Feature","properties":{"kind":"commercial"},"geometry":{"type":"Polygon","coordinates":[[[174.76147,-36.84469],[174.76169,-36.84475],[174.76199,-36.84461],[174.76241,-36.84359],[174.76196,-36.84348],[174.76147,-36.84469]]]}},{"type":"Feature","properties":{"kind":"commercial"},"geometry":{"type":"Polygon","coordinates":[[[174.7623,-36.84398],[174.76207,-36.84458],[174.76295,-36.84419],[174.76294,-36.84416],[174.7623,-36.84398]]]}},{"type":"Feature","properties":{"kind":"commercial"},"geometry":{"type":"Polygon","coordinates":[[[174.76305,-36.84415],[174.76235,-36.84396],[174.76234,-36.84394],[174.76247,-36.84361],[174.76334,-36.84385],[174.76324,-36.84406],[174.76305,-36.84415]]]}},{"type":"Feature","properties":{"kind":"retail"},"geometry":{"type":"Polygon","coordinates":[[[174.76183,-36.84326],[174.76155,-36.84318],[174.76151,-36.84317],[174.76158,-36.84299],[174.76153,-36.84297],[174.76161,-36.84278],[174.762,-36.84288],[174.76183,-36.84326]]]}},{"type":"Feature","properties":{"kind":"retail"},"geometry":{"type":"Polygon","coordinates":[[[174.76253,-36.84302],[174.76253,-36.84304],[174.76251,-36.84304],[174.76251,-36.84305],[174.76237,-36.8434],[174.76236,-36.84341],[174.76235,-36.84342],[174.76334,-36.84368],[174.7634,-36.84364],[174.76344,-36.84355],[174.76347,-36.84356],[174.76381,-36.84278],[174.76382,-36.84274],[174.76386,-36.84267],[174.76385,-36.84262],[174.76382,-36.8426],[174.76376,-36.84258],[174.76349,-36.84251],[174.76344,-36.8425],[174.7634,-36.84262],[174.76339,-36.84264],[174.76344,-36.84266],[174.76343,-36.84268],[174.76316,-36.84325],[174.76303,-36.84322],[174.76301,-36.84322],[174.76299,-36.84321],[174.76278,-36.84316],[174.7628,-36.84313],[174.76277,-36.84312],[174.76273,-36.84311],[174.76273,-36.84309],[174.76272,-36.84309],[174.76273,-36.84307],[174.76253,-36.84302]]]}},{"type":"Feature","properties":{"kind":"commercial"},"geometry":{"type":"Polygon","coordinates":[[[174.75185,-36.8437],[174.7518,-36.84369],[174.7518,-36.84371],[174.75179,-36.84373],[174.75176,-36.84372],[174.75165,-36.84398],[174.75174,-36.84402],[174.75251,-36.84423],[174.75256,-36.8442],[174.75297,-36.8432],[174.75308,-36.84318],[174.75311,-36.8431],[174.75312,-36.84306],[174.75313,-36.84305],[174.75309,-36.84304],[174.7531,-36.84303],[174.75304,-36.84302],[174.75299,-36.84307],[174.75238,-36.84291],[174.75236,-36.8429],[174.75234,-36.8429],[174.75233,-36.84292],[174.75225,-36.84312],[174.75224,-36.84315],[174.75223,-36.84318],[174.75216,-36.84334],[174.75215,-36.84334],[174.75211,-36.84342],[174.75209,-36.84341],[174.75206,-36.84341],[174.75206,-36.84342],[174.75198,-36.8434],[174.75197,-36.84344],[174.75196,-36.84344],[174.75195,-36.84344],[174.7519,-36.84357],[174.75185,-36.84369],[174.75185,-36.8437]]]}},{"type":"Feature","properties":{"kind":"industrial"},"geometry":{"type":"Polygon","coordinates":[[[174.76859,-36.8412],[174.76848,-36.84117],[174.76841,-36.84115],[174.76845,-36.84104],[174.76849,-36.84095],[174.76858,-36.84074],[174.76875,-36.84078],[174.76876,-36.84079],[174.76859,-36.8412]]]}},{"type":"Feature","properties":{"kind":"residential"},"geometry":{"type":"Polygon","coordinates":[[[174.7652,-36.85543],[174.76529,-36.85559],[174.76551,-36.85551],[174.76561,-36.85568],[174.76571,-36.85564],[174.76568,-36.85557],[174.76567,-36.85545],[174.76557,-36.85529],[174.7652,-36.85543]]]}},{"type":"Feature","properties":{"kind":"commercial"},"geometry":{"type":"Polygon","coordinates":[[[174.77392,-36.84464],[174.77382,-36.8449],[174.77416,-36.84499],[174.77417,-36.84498],[174.77427,-36.84473],[174.77394,-36.84464],[174.77392,-36.84464]]]}},{"type":"Feature","properties":{"kind":"commercial"},"geometry":{"type":"Polygon","coordinates":[[[174.78139,-36.85275],[174.78138,-36.85271],[174.78133,-36.85254],[174.78129,-36.85254],[174.78128,-36.85249],[174.78119,-36.85245],[174.78115,-36.85231],[174.78153,-36.85225],[174.7816,-36.85251],[174.78146,-36.85254],[174.7815,-36.85273],[174.78139,-36.85275]]]}},{"type":"Feature","properties":{"kind":"residential"},"geometry":{"type":"Polygon","coordinates":[[[174.78115,-36.85231],[174.78086,-36.85235],[174.78054,-36.85243],[174.78053,-36.85245],[174.78075,-36.85289],[174.78122,-36.85272],[174.78133,-36.85271],[174.78138,-36.85271],[174.78133,-36.85254],[174.78129,-36.85254],[174.78128,-36.85249],[174.78119,-36.85245],[174.78115,-36.85231]]]}},{"type":"Feature","properties":{"kind":"commercial"},"geometry":{"type":"Polygon","coordinates":[[[174.76594,-36.86601],[174.76621,-36.86526],[174.7662,-36.86524],[174.76619,-36.86523],[174.76617,-36.86522],[174.76606,-36.86519],[174.76569,-36.86512],[174.76419,-36.8648],[174.76402,-36.86532],[174.76522,-36.86559],[174.76514,-36.86585],[174.76594,-36.86601]]]}},{"type":"Feature","properties":{"kind":"residential"},"geometry":{"type":"Polygon","coordinates":[[[174.76514,-36.86585],[174.76509,-36.86598],[174.76589,-36.86616],[174.76594,-36.86601],[174.76514,-36.86585]]]}},{"type":"Feature","properties":{"kind":"grass"},"geometry":{"type":"Polygon","coordinates":[[[174.78745,-36.83064],[174.78745,-36.83065],[174.78745,-36.83066],[174.78746,-36.83068],[174.78747,-36.83069],[174.78748,-36.8307],[174.78749,-36.8307],[174.78758,-36.83071],[174.78758,-36.83069],[174.78761,-36.83069],[174.78761,-36.83071],[174.78783,-36.83071],[174.78783,-36.8307],[174.78783,-36.83069],[174.78785,-36.83068],[174.78787,-36.83067],[174.78788,-36.83067],[174.7879,-36.83068],[174.78791,-36.83069],[174.78792,-36.8307],[174.78792,-36.83071],[174.78814,-36.83072],[174.78814,-36.8307],[174.78817,-36.8307],[174.78818,-36.83072],[174.7884,-36.83072],[174.7884,-36.83071],[174.7884,-36.8307],[174.78842,-36.83069],[174.78843,-36.83069],[174.78845,-36.83069],[174.78846,-36.83069],[174.78847,-36.8307],[174.78848,-36.83071],[174.78849,-36.83072],[174.78871,-36.83073],[174.78871,-36.83071],[174.78874,-36.83071],[174.78874,-36.83073],[174.78896,-36.83073],[174.78896,-36.83072],[174.78897,-36.83071],[174.78899,-36.8307],[174.78901,-36.8307],[174.78903,-36.8307],[174.78904,-36.83071],[174.78905,-36.83072],[174.78905,-36.83073],[174.78927,-36.83074],[174.78927,-36.83072],[174.7893,-36.83072],[174.7893,-36.83074],[174.78953,-36.83074],[174.78953,-36.83073],[174.78954,-36.83072],[174.78955,-36.83071],[174.78957,-36.83071],[174.78959,-36.83071],[174.78961,-36.83072],[174.78962,-36.83073],[174.78962,-36.83075],[174.78971,-36.83074],[174.7898,-36.83074],[174.7898,-36.83069],[174.7893,-36.83067],[174.78927,-36.83067],[174.78876,-36.83066],[174.78873,-36.83066],[174.78819,-36.83065],[174.78816,-36.83065],[174.78745,-36.83064]]]}},{"type":"Feature","properties":{"kind":"grass"},"geometry":{"type":"Polygon","coordinates":[[[174.78986,-36.83007],[174.79013,-36.83008],[174.79014,-36.82992],[174.79013,-36.8299],[174.79012,-36.82988],[174.79009,-36.82986],[174.79009,-36.82977],[174.79009,-36.82976],[174.79009,-36.82975],[174.78993,-36.82974],[174.78988,-36.82973],[174.78986,-36.83007]]]}},{"type":"Feature","properties":{"kind":"grass"},"geometry":{"type":"Polygon","coordinates":[[[174.78986,-36.83008],[174.79013,-36.8301],[174.79013,-36.83011],[174.79013,-36.83013],[174.79012,-36.83015],[174.7901,-36.83017],[174.7901,-36.83019],[174.79009,-36.83021],[174.79008,-36.83022],[174.78982,-36.83041],[174.78981,-36.83042],[174.78979,-36.83042],[174.78976,-36.83041],[174.78976,-36.8304],[174.78976,-36.83037],[174.78976,-36.83035],[174.78979,-36.83032],[174.78985,-36.83024],[174.78985,-36.83021],[174.78986,-36.83008]]]}},{"type":"Feature","properties":{"name":"Sanford","kind":"industrial"},"geometry":{"type":"Polygon","coordinates":[[[174.75604,-36.84175],[174.75622,-36.84131],[174.75664,-36.84142],[174.75682,-36.84147],[174.75748,-36.84164],[174.75731,-36.84206],[174.7573,-36.84207],[174.75604,-36.84175]]]}},{"type":"Feature","properties":{"kind":"grass"},"geometry":{"type":"Polygon","coordinates":[[[174.78125,-36.84741],[174.78126,-36.8474],[174.78003,-36.84707],[174.77994,-36.84706],[174.7799,-36.84705],[174.77988,-36.84704],[174.77918,-36.84685],[174.77913,-36.84685],[174.77907,-36.84683],[174.77902,-36.84681],[174.77835,-36.84663],[174.77829,-36.84663],[174.77825,-36.84662],[174.77822,-36.8466],[174.77752,-36.84641],[174.77748,-36.84642],[174.77741,-36.8464],[174.77737,-36.84638],[174.77669,-36.8462],[174.77665,-36.84619],[174.77655,-36.84617],[174.7765,-36.84614],[174.77593,-36.846],[174.77587,-36.84598],[174.77578,-36.84595],[174.77571,-36.84591],[174.77554,-36.84584],[174.77549,-36.84584],[174.77565,-36.84591],[174.77582,-36.84598],[174.77596,-36.84603],[174.77615,-36.84608],[174.77658,-36.8462],[174.78125,-36.84741]]]}},{"type":"Feature","properties":{"kind":"grass"},"geometry":{"type":"Polygon","coordinates":[[[174.75448,-36.83968],[174.75506,-36.83986],[174.75511,-36.83973],[174.75473,-36.83946],[174.7546,-36.83937],[174.75448,-36.83968]]]}},{"type":"Feature","properties":{"kind":"commercial"},"geometry":{"type":"Polygon","coordinates":[[[174.75778,-36.84506],[174.75764,-36.84502],[174.75723,-36.84491],[174.75694,-36.84484],[174.75712,-36.84442],[174.7575,-36.84452],[174.75752,-36.84452],[174.75774,-36.84458],[174.75772,-36.8446],[174.75794,-36.84465],[174.75778,-36.84506]]]}},{"type":"Feature","properties":{"kind":"residential"},"geometry":{"type":"Polygon","coordinates":[[[174.77295,-36.84616],[174.77303,-36.8461],[174.77308,-36.846],[174.77316,-36.84581],[174.77316,-36.84577],[174.77316,-36.84575],[174.77313,-36.84571],[174.7731,-36.84569],[174.77304,-36.84567],[174.77296,-36.84565],[174.77276,-36.8456],[174.77262,-36.84556],[174.77263,-36.84553],[174.77259,-36.84553],[174.77251,-36.84551],[174.77251,-36.84549],[174.77252,-36.84548],[174.77224,-36.84541],[174.77225,-36.84539],[174.77226,-36.84535],[174.77202,-36.84528],[174.77203,-36.84527],[174.77191,-36.84524],[174.77191,-36.84523],[174.77187,-36.84522],[174.77185,-36.84521],[174.77175,-36.84519],[174.77136,-36.84508],[174.77134,-36.84512],[174.77125,-36.8451],[174.77127,-36.84505],[174.77118,-36.84503],[174.77116,-36.84508],[174.77113,-36.84513],[174.77112,-36.84514],[174.7711,-36.84514],[174.77108,-36.84514],[174.77107,-36.84506],[174.7709,-36.84504],[174.77092,-36.84499],[174.77089,-36.84498],[174.77077,-36.84527],[174.77149,-36.84546],[174.77149,-36.84544],[174.77152,-36.84545],[174.77154,-36.8454],[174.77155,-36.8454],[174.77155,-36.84544],[174.77156,-36.84545],[174.77157,-36.84546],[174.77159,-36.84548],[174.77161,-36.84549],[174.77163,-36.84549],[174.77165,-36.8455],[174.77167,-36.8455],[174.77169,-36.8455],[174.77172,-36.84549],[174.77174,-36.84548],[174.77175,-36.84547],[174.77177,-36.84548],[174.77176,-36.84549],[174.77175,-36.84553],[174.77176,-36.84553],[174.77178,-36.84553],[174.77206,-36.84561],[174.77229,-36.84569],[174.77241,-36.84575],[174.77256,-36.84584],[174.77269,-36.84594],[174.77279,-36.84602],[174.7728,-36.84602],[174.77295,-36.84616]]]}},{"type":"Feature","properties":{"kind":"commercial"},"geometry":{"type":"Polygon","coordinates":[[[174.76521,-36.85446],[174.76503,-36.85416],[174.76456,-36.85433],[174.76477,-36.85471],[174.76492,-36.85465],[174.76488,-36.85459],[174.76521,-36.85446]]]}},{"type":"Feature","properties":{"kind":"commercial"},"geometry":{"type":"Polygon","coordinates":[[[174.76125,-36.8563],[174.76183,-36.85646],[174.76191,-36.85644],[174.76199,-36.85625],[174.76137,-36.85606],[174.76125,-36.8563]]]}},{"type":"Feature","properties":{"kind":"retail"},"geometry":{"type":"Polygon","coordinates":[[[174.74693,-36.87119],[174.74696,-36.87137],[174.74694,-36.87143],[174.7469,-36.87147],[174.74683,-36.8715],[174.74655,-36.87155],[174.74653,-36.8715],[174.74648,-36.8713],[174.74677,-36.87125],[174.74677,-36.87121],[174.74693,-36.87119]]]}},{"type":"Feature","properties":{"kind":"commercial"},"geometry":{"type":"Polygon","coordinates":[[[174.76421,-36.84231],[174.76436,-36.84235],[174.7644,-36.84236],[174.76436,-36.84238],[174.7647,-36.84247],[174.76485,-36.84251],[174.76519,-36.8426],[174.76508,-36.84241],[174.76509,-36.84241],[174.76514,-36.84228],[174.76513,-36.84226],[174.76515,-36.84225],[174.76516,-36.84224],[174.76514,-36.84221],[174.76507,-36.8421],[174.76509,-36.8421],[174.76509,-36.84208],[174.7651,-36.84208],[174.76511,-36.84208],[174.76513,-36.84197],[174.76512,-36.84194],[174.76516,-36.84188],[174.7653,-36.84152],[174.76537,-36.84136],[174.7654,-36.84129],[174.76572,-36.8405],[174.7657,-36.84049],[174.76571,-36.84047],[174.76573,-36.84043],[174.76572,-36.84043],[174.76569,-36.84042],[174.76566,-36.84042],[174.76558,-36.8404],[174.76556,-36.84039],[174.76557,-36.84036],[174.7656,-36.84029],[174.76563,-36.84021],[174.76566,-36.84021],[174.76574,-36.84023],[174.76579,-36.84025],[174.76582,-36.84026],[174.76616,-36.83941],[174.76608,-36.83939],[174.76587,-36.83933],[174.76579,-36.83931],[174.7657,-36.83929],[174.76541,-36.83921],[174.76506,-36.84005],[174.76507,-36.84006],[174.76504,-36.84014],[174.765,-36.84024],[174.76464,-36.8411],[174.76465,-36.8411],[174.76463,-36.84116],[174.76458,-36.84129],[174.76437,-36.84175],[174.76434,-36.84189],[174.76434,-36.84202],[174.76435,-36.84207],[174.76436,-36.84211],[174.76436,-36.84214],[174.7643,-36.84215],[174.76432,-36.84222],[174.7643,-36.84223],[174.76427,-36.84224],[174.76424,-36.84227],[174.76421,-36.84231]]]}},{"type":"Feature","properties":{"kind":"commercial"},"geometry":{"type":"Polygon","coordinates":[[[174.77333,-36.86788],[174.77409,-36.86804],[174.77399,-36.86836],[174.77409,-36.86838],[174.77406,-36.8685],[174.77349,-36.86838],[174.77352,-36.86825],[174.77347,-36.86824],[174.77346,-36.8681],[174.77329,-36.86802],[174.77333,-36.86788]]]}},{"type":"Feature","properties":{"kind":"industrial"},"geometry":{"type":"Polygon","coordinates":[[[174.75713,-36.83927],[174.7572,-36.8392],[174.75734,-36.83908],[174.75757,-36.83888],[174.75771,-36.83876],[174.75782,-36.83866],[174.75777,-36.83862],[174.75712,-36.83816],[174.75679,-36.83845],[174.75676,-36.83848],[174.75644,-36.83876],[174.75689,-36.83909],[174.75713,-36.83927]]]}},{"type":"Feature","properties":{"kind":"grass"},"geometry":{"type":"Polygon","coordinates":[[[174.77857,-36.86088],[174.77855,-36.86085],[174.77851,-36.86071],[174.77848,-36.86064],[174.77846,-36.8606],[174.77845,-36.86055],[174.77845,-36.8603],[174.77868,-36.8603],[174.77868,-36.86037],[174.77863,-36.86036],[174.77863,-36.86076],[174.77867,-36.8608],[174.77867,-36.86084],[174.77867,-36.86087],[174.77865,-36.86089],[174.77863,-36.8609],[174.77861,-36.86091],[174.77859,-36.86089],[174.77857,-36.86088]]]}},{"type":"Feature","properties":{"kind":"grass"},"geometry":{"type":"Polygon","coordinates":[[[174.77845,-36.86027],[174.77845,-36.86016],[174.77844,-36.86013],[174.7784,-36.8601],[174.77838,-36.86008],[174.77835,-36.86007],[174.77829,-36.86007],[174.77829,-36.86005],[174.7781,-36.86005],[174.77829,-36.86003],[174.77829,-36.85998],[174.77808,-36.85996],[174.77829,-36.85996],[174.77829,-36.85972],[174.77805,-36.85972],[174.77805,-36.85958],[174.77814,-36.85958],[174.77819,-36.85955],[174.77823,-36.85956],[174.77833,-36.8596],[174.77845,-36.85967],[174.77855,-36.85975],[174.77862,-36.85984],[174.77867,-36.85993],[174.77868,-36.86003],[174.77868,-36.86028],[174.77845,-36.86027]]]}},{"type":"Feature","properties":{"kind":"grass"},"geometry":{"type":"Polygon","coordinates":[[[174.77729,-36.86005],[174.77727,-36.86005],[174.77649,-36.86004],[174.77644,-36.86003],[174.77636,-36.86],[174.7763,-36.85996],[174.77626,-36.85991],[174.77623,-36.85986],[174.77623,-36.85979],[174.77624,-36.85974],[174.77627,-36.85967],[174.7763,-36.85963],[174.77638,-36.85958],[174.77644,-36.85956],[174.77647,-36.85955],[174.77651,-36.85955],[174.77742,-36.85955],[174.77749,-36.85958],[174.77757,-36.85958],[174.77757,-36.85972],[174.77733,-36.85972],[174.77733,-36.85996],[174.77757,-36.85996],[174.77733,-36.85997],[174.77733,-36.86003],[174.77751,-36.86005],[174.77729,-36.86005]]]}},{"type":"Feature","properties":{"kind":"residential"},"geometry":{"type":"Polygon","coordinates":[[[174.75599,-36.84887],[174.75604,-36.84909],[174.75577,-36.84913],[174.75571,-36.84891],[174.75599,-36.84887]]]}},{"type":"Feature","properties":{"kind":"commercial"},"geometry":{"type":"Polygon","coordinates":[[[174.75975,-36.85655],[174.76014,-36.8565],[174.76015,-36.85655],[174.76011,-36.85675],[174.76008,-36.85685],[174.7598,-36.85683],[174.75977,-36.85665],[174.75975,-36.85655]]]}},{"type":"Feature","properties":{"kind":"commercial"},"geometry":{"type":"Polygon","coordinates":[[[174.75377,-36.84343],[174.75463,-36.84366],[174.75443,-36.84417],[174.75356,-36.84394],[174.75377,-36.84343]]]}},{"type":"Feature","properties":{"kind":"industrial"},"geometry":{"type":"Polygon","coordinates":[[[174.7379,-36.86509],[174.73836,-36.8648],[174.739,-36.86546],[174.73867,-36.86566],[174.73849,-36.86548],[174.73844,-36.86546],[174.73843,-36.86545],[174.7384,-36.86543],[174.73824,-36.86527],[174.73813,-36.86534],[174.73802,-36.86521],[174.7379,-36.86509]]]}},{"type":"Feature","properties":{"kind":"residential"},"geometry":{"type":"Polygon","coordinates":[[[174.75925,-36.85418],[174.7591,-36.85439],[174.7588,-36.85426],[174.75883,-36.85421],[174.75876,-36.85417],[174.75881,-36.8541],[174.75894,-36.85415],[174.75898,-36.85408],[174.75925,-36.85418]]]}},{"type":"Feature","properties":{"kind":"residential"},"geometry":{"type":"Polygon","coordinates":[[[174.75973,-36.85344],[174.75956,-36.85371],[174.75935,-36.85362],[174.75934,-36.85363],[174.7593,-36.85369],[174.75923,-36.85366],[174.75925,-36.85362],[174.75922,-36.8536],[174.75932,-36.85345],[174.75934,-36.85345],[174.75935,-36.85346],[174.75944,-36.85332],[174.75973,-36.85344]]]}},{"type":"Feature","properties":{"kind":"residential"},"geometry":{"type":"Polygon","coordinates":[[[174.75701,-36.86181],[174.7569,-36.86214],[174.75723,-36.86222],[174.75733,-36.86191],[174.75701,-36.86181]]]}},{"type":"Feature","properties":{"kind":"retail"},"geometry":{"type":"Polygon","coordinates":[[[174.76297,-36.85557],[174.76289,-36.85555],[174.76291,-36.8555],[174.76269,-36.85544],[174.76266,-36.85545],[174.7622,-36.85651],[174.76233,-36.85654],[174.76244,-36.85629],[174.76262,-36.85634],[174.76297,-36.85557]]]}},{"type":"Feature","properties":{"kind":"grass"},"geometry":{"type":"Polygon","coordinates":[[[174.78621,-36.83099],[174.78623,-36.83092],[174.78557,-36.83071],[174.78554,-36.83079],[174.78616,-36.83099],[174.78621,-36.83099]]]}},{"type":"Feature","properties":{"kind":"grass"},"geometry":{"type":"Polygon","coordinates":[[[174.75247,-36.84713],[174.75249,-36.84705],[174.7525,-36.84702],[174.75283,-36.84651],[174.75285,-36.84649],[174.75292,-36.84642],[174.75303,-36.84634],[174.75312,-36.84628],[174.75324,-36.8462],[174.75328,-36.84618],[174.75333,-36.84615],[174.75342,-36.84612],[174.7535,-36.8461],[174.75364,-36.84608],[174.75377,-36.84607],[174.7539,-36.84607],[174.75402,-36.84608],[174.75411,-36.8461],[174.7547,-36.84622],[174.75526,-36.84633],[174.75548,-36.84638],[174.75561,-36.84642],[174.75594,-36.84649],[174.75602,-36.84651],[174.75618,-36.84654],[174.75621,-36.84655],[174.75621,-36.84663],[174.7562,-36.84673],[174.75616,-36.84688],[174.75618,-36.84703],[174.7561,-36.84729],[174.7561,-36.84737],[174.7561,-36.84748],[174.75591,-36.8476],[174.75578,-36.84762],[174.75546,-36.84764],[174.75542,-36.84764],[174.7548,-36.84762],[174.75455,-36.84762],[174.75454,-36.84762],[174.75432,-36.84761],[174.75394,-36.84761],[174.7538,-36.8476],[174.75368,-36.8476],[174.7535,-36.8476],[174.75331,-36.8476],[174.75319,-36.84759],[174.75305,-36.84759],[174.75298,-36.84759],[174.7529,-36.84758],[174.7528,-36.84756],[174.75271,-36.84753],[174.7526,-36.84746],[174.75256,-36.84743],[174.75253,-36.8474],[174.75251,-36.84736],[174.75249,-36.84731],[174.75247,-36.84725],[174.75246,-36.8472],[174.75247,-36.84713]]]}},{"type":"Feature","properties":{"kind":"residential"},"geometry":{"type":"Polygon","coordinates":[[[174.7816,-36.86582],[174.78174,-36.86582],[174.78189,-36.86589],[174.78205,-36.86576],[174.78203,-36.86566],[174.78145,-36.86528],[174.78119,-36.86553],[174.7816,-36.86582]]]}},{"type":"Feature","properties":{"kind":"residential"},"geometry":{"type":"Polygon","coordinates":[[[174.78044,-36.86547],[174.78056,-36.86554],[174.78057,-36.86556],[174.78047,-36.86566],[174.78056,-36.86573],[174.78068,-36.86559],[174.78115,-36.86495],[174.78046,-36.86448],[174.78012,-36.8648],[174.78072,-36.86522],[174.78044,-36.86547]]]}},{"type":"Feature","properties":{"name":"Hirepool","kind":"commercial"},"geometry":{"type":"Polygon","coordinates":[[[174.75421,-36.84236],[174.75406,-36.84273],[174.75455,-36.84286],[174.75457,-36.8428],[174.75468,-36.84255],[174.7547,-36.84249],[174.75421,-36.84236]]]}},{"type":"Feature","properties":{"kind":"residential"},"geometry":{"type":"Polygon","coordinates":[[[174.76134,-36.86843],[174.76098,-36.8684],[174.7609,-36.8686],[174.76095,-36.86861],[174.76133,-36.86856],[174.76134,-36.86843]]]}},{"type":"Feature","properties":{"kind":"recreation_ground"},"geometry":{"type":"Polygon","coordinates":[[[174.77937,-36.8614],[174.77963,-36.86117],[174.77966,-36.86118],[174.78009,-36.86149],[174.78009,-36.8615],[174.77985,-36.86173],[174.77983,-36.86173],[174.77937,-36.8614]]]}},{"type":"Feature","properties":{"kind":"recreation_ground"},"geometry":{"type":"Polygon","coordinates":[[[174.7797,-36.86114],[174.78014,-36.86145],[174.78039,-36.86122],[174.77992,-36.86091],[174.77971,-36.8611],[174.7797,-36.86114]]]}},{"type":"Feature","properties":{"name":"Calliope South Wharf","kind":"industrial"},"geometry":{"type":"Polygon","coordinates":[[[174.7862,-36.8316],[174.78598,-36.83201],[174.78611,-36.83203],[174.7861,-36.83204],[174.7861,-36.83205],[174.78607,-36.83216],[174.78287,-36.83155],[174.78285,-36.83153],[174.78288,-36.83143],[174.7829,-36.83142],[174.78585,-36.83198],[174.78608,-36.83155],[174.7862,-36.8316]]]}},{"type":"Feature","properties":{"kind":"residential"},"geometry":{"type":"Polygon","coordinates":[[[174.76583,-36.86179],[174.76629,-36.86208],[174.76718,-36.86112],[174.76671,-36.86085],[174.76583,-36.86179]]]}},{"type":"Feature","properties":{"kind":"commercial"},"geometry":{"type":"Polygon","coordinates":[[[174.75263,-36.8445],[174.75259,-36.8446],[174.75258,-36.84463],[174.7526,-36.84464],[174.75299,-36.84475],[174.75302,-36.84472],[174.75305,-36.84467],[174.75307,-36.84463],[174.75353,-36.84345],[174.75311,-36.84334],[174.75263,-36.8445]]]}},{"type":"Feature","properties":{"kind":"park"},"geometry":{"type":"Polygon","coordinates":[[[174.76328,-36.86328],[174.76337,-36.86328],[174.76346,-36.86328],[174.7635,-36.86328],[174.76361,-36.86295],[174.76359,-36.86295],[174.76338,-36.86307],[174.76324,-36.8629],[174.76322,-36.86291],[174.76336,-36.86308],[174.76324,-36.86315],[174.76326,-36.86317],[174.76321,-36.86319],[174.76327,-36.86326],[174.76328,-36.86328]]]}},{"type":"Feature","properties":{"kind":"residential"},"geometry":{"type":"Polygon","coordinates":[[[174.77403,-36.82695],[174.77402,-36.82699],[174.77398,-36.82706],[174.77396,-36.8271],[174.77393,-36.82711],[174.77388,-36.82708],[174.77377,-36.8271],[174.77363,-36.8271],[174.77347,-36.82715],[174.7732,-36.82729],[174.77316,-36.82731],[174.773,-36.82739],[174.77325,-36.82783],[174.7731,-36.82789],[174.77334,-36.82831],[174.77383,-36.82813],[174.77365,-36.82779],[174.77407,-36.82764],[174.77426,-36.82757],[174.77445,-36.8279],[174.77502,-36.82769],[174.77508,-36.82714],[174.77473,-36.82711],[174.77471,-36.82729],[174.77459,-36.82728],[174.77403,-36.82695]]]}},{"type":"Feature","properties":{"kind":"residential"},"geometry":{"type":"Polygon","coordinates":[[[174.77403,-36.82695],[174.77459,-36.82728],[174.77471,-36.82729],[174.77473,-36.82711],[174.77508,-36.82714],[174.77511,-36.82687],[174.77406,-36.82691],[174.77403,-36.82695]]]}},{"type":"Feature","properties":{"kind":"residential"},"geometry":{"type":"Polygon","coordinates":[[[174.7731,-36.82789],[174.77306,-36.8279],[174.77307,-36.82787],[174.77284,-36.82748],[174.773,-36.82739],[174.77325,-36.82783],[174.7731,-36.82789]]]}},{"type":"Feature","properties":{"kind":"recreation_ground"},"geometry":{"type":"Polygon","coordinates":[[[174.77864,-36.82558],[174.77892,-36.82549],[174.77894,-36.82549],[174.77893,-36.82545],[174.77914,-36.82516],[174.77912,-36.82514],[174.77866,-36.82491],[174.77839,-36.82483],[174.77831,-36.82483],[174.77822,-36.82483],[174.77864,-36.82558]]]}},{"type":"Feature","properties":{"name":"Stanley Bay Recreation Reserve","kind":"park"},"geometry":{"type":"Polygon","coordinates":[[[174.78027,-36.82505],[174.78032,-36.82505],[174.78037,-36.82505],[174.7804,-36.82504],[174.78042,-36.82504],[174.78043,-36.82503],[174.78045,-36.82501],[174.78047,-36.82502],[174.78049,-36.82501],[174.7805,-36.82504],[174.78042,-36.82508],[174.78036,-36.82513],[174.78032,-36.8252],[174.78027,-36.82534],[174.78023,-36.82549],[174.78009,-36.82526],[174.77986,-36.82516],[174.77992,-36.82514],[174.77992,-36.82513],[174.77992,-36.82511],[174.77994,-36.8251],[174.77997,-36.82509],[174.77999,-36.8251],[174.78,-36.82511],[174.78001,-36.82513],[174.78003,-36.82514],[174.78011,-36.82516],[174.78013,-36.82517],[174.78016,-36.82516],[174.78017,-36.82515],[174.78025,-36.82508],[174.78027,-36.82505]]]}},{"type":"Feature","properties":{"kind":"residential"},"geometry":{"type":"Polygon","coordinates":[[[174.77187,-36.87207],[174.77211,-36.87199],[174.77247,-36.87205],[174.77255,-36.87179],[174.77264,-36.8718],[174.77272,-36.87149],[174.7725,-36.87119],[174.77231,-36.87093],[174.77206,-36.87086],[174.77203,-36.87104],[174.77198,-36.87118],[174.77197,-36.87137],[174.772,-36.87163],[174.77187,-36.87207]]]}},{"type":"Feature","properties":{"kind":"residential"},"geometry":{"type":"Polygon","coordinates":[[[174.76675,-36.85735],[174.76685,-36.85715],[174.76686,-36.85714],[174.76688,-36.85712],[174.76696,-36.85703],[174.76703,-36.85699],[174.76703,-36.85705],[174.76714,-36.8571],[174.76724,-36.85714],[174.76711,-36.85728],[174.76709,-36.85727],[174.767,-36.85727],[174.76694,-36.85722],[174.7669,-36.85723],[174.76689,-36.85725],[174.7669,-36.85729],[174.7669,-36.85732],[174.76689,-36.85735],[174.76687,-36.85735],[174.76682,-36.85737],[174.76675,-36.85735]]]}},{"type":"Feature","properties":{"name":"Point Erin Pump Station","kind":"industrial"},"geometry":{"type":"Polygon","coordinates":[[[174.74064,-36.83766],[174.74059,-36.83767],[174.74056,-36.83768],[174.74054,-36.83765],[174.74052,-36.83763],[174.74037,-36.83774],[174.74002,-36.83807],[174.73994,-36.83815],[174.73996,-36.83816],[174.73999,-36.83818],[174.7403,-36.83787],[174.74033,-36.83786],[174.74039,-36.83786],[174.74044,-36.83788],[174.74059,-36.83798],[174.74075,-36.83786],[174.7407,-36.8378],[174.74064,-36.83766]]]}},{"type":"Feature","properties":{"kind":"residential"},"geometry":{"type":"Polygon","coordinates":[[[174.74142,-36.85298],[174.74133,-36.85299],[174.74133,-36.85304],[174.74107,-36.85307],[174.7411,-36.85329],[174.74178,-36.85323],[174.74174,-36.85295],[174.74142,-36.85298]]]}},{"type":"Feature","properties":{"name":"Ponsonby Gardens","kind":"residential"},"geometry":{"type":"Polygon","coordinates":[[[174.74178,-36.85323],[174.74184,-36.85322],[174.74181,-36.85296],[174.74192,-36.85295],[174.74184,-36.85239],[174.74135,-36.85243],[174.74142,-36.85298],[174.74174,-36.85295],[174.74178,-36.85323]]]}},{"type":"Feature","properties":{"name":"Grace Square","kind":"residential"},"geometry":{"type":"Polygon","coordinates":[[[174.74085,-36.85332],[174.7411,-36.85329],[174.74107,-36.85307],[174.74133,-36.85304],[174.74133,-36.85299],[174.74142,-36.85298],[174.74135,-36.85243],[174.74074,-36.85249],[174.74078,-36.85281],[174.74085,-36.85332]]]}},{"type":"Feature","properties":{"kind":"grass"},"geometry":{"type":"Polygon","coordinates":[[[174.75332,-36.84611],[174.75346,-36.84607],[174.75358,-36.84605],[174.75372,-36.84604],[174.75387,-36.84604],[174.75396,-36.84604],[174.7541,-36.84607],[174.75421,-36.84609],[174.75448,-36.84613],[174.75463,-36.84616],[174.75458,-36.84611],[174.75452,-36.84604],[174.75445,-36.84598],[174.75438,-36.84594],[174.75431,-36.84592],[174.75426,-36.84587],[174.75423,-36.84581],[174.7542,-36.84576],[174.75417,-36.84573],[174.75413,-36.84571],[174.75409,-36.8457],[174.75404,-36.84571],[174.75394,-36.84574],[174.75383,-36.84577],[174.75373,-36.84578],[174.75364,-36.84578],[174.75355,-36.84579],[174.75349,-36.84583],[174.7534,-36.84593],[174.75334,-36.84604],[174.75332,-36.84611]]]}},{"type":"Feature","properties":{"kind":"grass"},"geometry":{"type":"Polygon","coordinates":[[[174.76997,-36.84922],[174.77008,-36.84898],[174.77006,-36.84892],[174.77005,-36.84891],[174.77008,-36.8489],[174.77012,-36.84895],[174.77023,-36.84889],[174.77014,-36.84876],[174.77009,-36.84876],[174.77005,-36.84876],[174.77001,-36.84876],[174.77003,-36.84873],[174.7701,-36.84873],[174.7701,-36.84864],[174.77011,-36.84863],[174.77008,-36.84861],[174.77008,-36.84862],[174.77006,-36.84862],[174.77005,-36.84862],[174.77,-36.84862],[174.77003,-36.84854],[174.77013,-36.84862],[174.77033,-36.84886],[174.77039,-36.8491],[174.77042,-36.84933],[174.77037,-36.84942],[174.77035,-36.84946],[174.7703,-36.84952],[174.7702,-36.84957],[174.77015,-36.84962],[174.7701,-36.84969],[174.77002,-36.8497],[174.76995,-36.84971],[174.76984,-36.84975],[174.7698,-36.84968],[174.76977,-36.84963],[174.76975,-36.84958],[174.76975,-36.84951],[174.76981,-36.84938],[174.76982,-36.84934],[174.7698,-36.8493],[174.7698,-36.84927],[174.7698,-36.8492],[174.76996,-36.84924],[174.76997,-36.84922]]]}},{"type":"Feature","properties":{"kind":"commercial"},"geometry":{"type":"Polygon","coordinates":[[[174.76767,-36.86012],[174.76769,-36.86007],[174.76767,-36.86005],[174.76753,-36.85997],[174.76765,-36.85984],[174.76789,-36.85999],[174.76782,-36.86007],[174.76783,-36.86009],[174.76789,-36.86013],[174.76774,-36.86055],[174.76762,-36.86052],[174.76763,-36.86049],[174.76755,-36.86047],[174.76767,-36.86012]]]}},{"type":"Feature","properties":{"kind":"residential"},"geometry":{"type":"Polygon","coordinates":[[[174.76986,-36.86373],[174.76921,-36.86359],[174.76934,-36.8633],[174.76996,-36.86344],[174.76986,-36.86373]]]}},{"type":"Feature","properties":{"name":"The Turrets","kind":"residential"},"geometry":{"type":"Polygon","coordinates":[[[174.76946,-36.86296],[174.76956,-36.86267],[174.76995,-36.86275],[174.76986,-36.86304],[174.76982,-36.86304],[174.76946,-36.86296]]]}},{"type":"Feature","properties":{"kind":"grass"},"geometry":{"type":"Polygon","coordinates":[[[174.76976,-36.84945],[174.7697,-36.84957],[174.76971,-36.84959],[174.76972,-36.84961],[174.76974,-36.84964],[174.76978,-36.84969],[174.76981,-36.84976],[174.76975,-36.84977],[174.76968,-36.84976],[174.76963,-36.84975],[174.7696,-36.84976],[174.76958,-36.84976],[174.76954,-36.84977],[174.76951,-36.84977],[174.76946,-36.84978],[174.76944,-36.84979],[174.76948,-36.84969],[174.76953,-36.84957],[174.76958,-36.84947],[174.76966,-36.8493],[174.7697,-36.8492],[174.76976,-36.84922],[174.76976,-36.8493],[174.76978,-36.84934],[174.76978,-36.8494],[174.76976,-36.84945]]]}},{"type":"Feature","properties":{"kind":"commercial"},"geometry":{"type":"Polygon","coordinates":[[[174.77704,-36.86626],[174.77732,-36.86632],[174.77722,-36.86665],[174.77693,-36.86659],[174.77694,-36.86658],[174.77704,-36.86626]]]}},{"type":"Feature","properties":{"kind":"residential"},"geometry":{"type":"Polygon","coordinates":[[[174.78993,-36.82943],[174.78956,-36.82939],[174.78957,-36.82935],[174.78964,-36.82901],[174.79001,-36.82906],[174.78993,-36.82943]]]}},{"type":"Feature","properties":{"kind":"commercial"},"geometry":{"type":"Polygon","coordinates":[[[174.77178,-36.86454],[174.77184,-36.86433],[174.77119,-36.8642],[174.77095,-36.86492],[174.77088,-36.86521],[174.77091,-36.86522],[174.77132,-36.86512],[174.77136,-36.86509],[174.77135,-36.86501],[174.77139,-36.86487],[174.7714,-36.86487],[174.77144,-36.86477],[174.77146,-36.86469],[174.77132,-36.86467],[174.77134,-36.8646],[174.77144,-36.86462],[174.77148,-36.86462],[174.77152,-36.86449],[174.77163,-36.86451],[174.77171,-36.86452],[174.77178,-36.86454]]]}},{"type":"Feature","properties":{"kind":"commercial"},"geometry":{"type":"Polygon","coordinates":[[[174.76137,-36.85835],[174.76128,-36.85853],[174.7618,-36.85867],[174.76188,-36.8585],[174.76137,-36.85835]]]}},{"type":"Feature","properties":{"kind":"residential"},"geometry":{"type":"Polygon","coordinates":[[[174.75396,-36.86053],[174.75357,-36.86069],[174.75372,-36.86093],[174.75411,-36.86077],[174.75396,-36.86053]]]}},{"type":"Feature","properties":{"kind":"industrial"},"geometry":{"type":"Polygon","coordinates":[[[174.75728,-36.83939],[174.75736,-36.83932],[174.75743,-36.83926],[174.7575,-36.8392],[174.75766,-36.83905],[174.7577,-36.83907],[174.75781,-36.83916],[174.75777,-36.8392],[174.75767,-36.83928],[174.75765,-36.8393],[174.75765,-36.83931],[174.75764,-36.83931],[174.75758,-36.83937],[174.75746,-36.83947],[174.75744,-36.8395],[174.75731,-36.83941],[174.75728,-36.83939]]]}},{"type":"Feature","properties":{"kind":"grass"},"geometry":{"type":"Polygon","coordinates":[[[174.74858,-36.83567],[174.74988,-36.83579],[174.74986,-36.83588],[174.74844,-36.83575],[174.74841,-36.83575],[174.74858,-36.83567]]]}},{"type":"Feature","properties":{"kind":"residential"},"geometry":{"type":"Polygon","coordinates":[[[174.74791,-36.85883],[174.74815,-36.85868],[174.7484,-36.85893],[174.74815,-36.85909],[174.74791,-36.85883]]]}},{"type":"Feature","properties":{"kind":"retail"},"geometry":{"type":"Polygon","coordinates":[[[174.74444,-36.85088],[174.74439,-36.85069],[174.74436,-36.85068],[174.74403,-36.8507],[174.74409,-36.85091],[174.74417,-36.85091],[174.74425,-36.8509],[174.74444,-36.85088]]]}},{"type":"Feature","properties":{"kind":"industrial"},"geometry":{"type":"Polygon","coordinates":[[[174.74436,-36.85247],[174.74413,-36.85249],[174.74409,-36.85218],[174.74402,-36.85218],[174.74398,-36.85193],[174.74427,-36.8519],[174.74436,-36.85247]]]}},{"type":"Feature","properties":{"kind":"retail"},"geometry":{"type":"Polygon","coordinates":[[[174.75358,-36.85979],[174.75312,-36.86],[174.75293,-36.85973],[174.75322,-36.8595],[174.75323,-36.8595],[174.75358,-36.85979]]]}},{"type":"Feature","properties":{"name":"Point Erin Park","kind":"park"},"geometry":{"type":"Polygon","coordinates":[[[174.74192,-36.84034],[174.74161,-36.84],[174.74153,-36.83984],[174.74144,-36.83965],[174.74142,-36.83951],[174.74143,-36.83937],[174.74165,-36.83884],[174.74179,-36.83891],[174.74175,-36.83902],[174.74171,-36.83915],[174.74167,-36.83929],[174.74168,-36.83942],[174.74168,-36.83947],[174.74203,-36.83952],[174.74225,-36.83954],[174.74243,-36.83953],[174.74261,-36.83952],[174.7428,-36.83969],[174.74311,-36.8399],[174.74343,-36.84005],[174.74352,-36.84015],[174.74364,-36.84022],[174.74381,-36.8403],[174.74399,-36.84037],[174.74418,-36.84043],[174.74437,-36.84052],[174.74441,-36.84049],[174.74347,-36.83994],[174.74301,-36.83968],[174.74268,-36.83945],[174.74256,-36.83937],[174.74247,-36.83932],[174.74235,-36.83924],[174.74212,-36.83905],[174.74198,-36.83893],[174.74185,-36.83879],[174.74174,-36.83866],[174.74163,-36.83858],[174.74146,-36.83826],[174.74138,-36.83808],[174.74131,-36.83783],[174.74128,-36.83763],[174.74127,-36.83749],[174.74131,-36.83704],[174.74123,-36.83709],[174.74121,-36.83712],[174.74117,-36.83719],[174.7411,-36.8373],[174.74095,-36.83728],[174.74112,-36.83715],[174.74123,-36.83702],[174.74126,-36.83697],[174.74124,-36.83696],[174.74118,-36.83702],[174.7411,-36.8371],[174.74058,-36.83749],[174.74053,-36.83754],[174.74026,-36.83773],[174.74003,-36.83792],[174.73985,-36.83815],[174.73982,-36.8382],[174.73975,-36.83834],[174.73967,-36.83854],[174.73961,-36.83874],[174.7396,-36.83902],[174.73959,-36.83989],[174.73959,-36.84076],[174.7417,-36.84038],[174.74192,-36.84034]]]}},{"type":"Feature","properties":{"kind":"residential"},"geometry":{"type":"Polygon","coordinates":[[[174.78378,-36.85873],[174.78418,-36.85855],[174.7845,-36.85874],[174.78451,-36.85875],[174.78436,-36.85883],[174.78411,-36.85894],[174.78394,-36.859],[174.78378,-36.85873]]]}},{"type":"Feature","properties":{"kind":"grass"},"geometry":{"type":"Polygon","coordinates":[[[174.77137,-36.85533],[174.7714,-36.85534],[174.77141,-36.85532],[174.77141,-36.8553],[174.7714,-36.85529],[174.77137,-36.85529],[174.77135,-36.8553],[174.77107,-36.85554],[174.77086,-36.8557],[174.77086,-36.85574],[174.77085,-36.85577],[174.77082,-36.85582],[174.77074,-36.85592],[174.77071,-36.85596],[174.77071,-36.85599],[174.77072,-36.85601],[174.77074,-36.85602],[174.77078,-36.85603],[174.77077,-36.85601],[174.77074,-36.85599],[174.77129,-36.85541],[174.77137,-36.85533]]]}},{"type":"Feature","properties":{"kind":"grass"},"geometry":{"type":"Polygon","coordinates":[[[174.7637,-36.87113],[174.76373,-36.87115],[174.76371,-36.87118],[174.76383,-36.87122],[174.76388,-36.87118],[174.7639,-36.87119],[174.76379,-36.87143],[174.76379,-36.87146],[174.76443,-36.87169],[174.76447,-36.87171],[174.76446,-36.87173],[174.76446,-36.87174],[174.76446,-36.87176],[174.76442,-36.87175],[174.76439,-36.87173],[174.76436,-36.87171],[174.76434,-36.87172],[174.76432,-36.87174],[174.7643,-36.87178],[174.76418,-36.87179],[174.76417,-36.87181],[174.76415,-36.87181],[174.7638,-36.87168],[174.76369,-36.87155],[174.76367,-36.8715],[174.76369,-36.87148],[174.7637,-36.87146],[174.76368,-36.87144],[174.7637,-36.87143],[174.76372,-36.87141],[174.76372,-36.87139],[174.7637,-36.87136],[174.76368,-36.87134],[174.76369,-36.87133],[174.76368,-36.87129],[174.76365,-36.87127],[174.76362,-36.87129],[174.76368,-36.87114],[174.7637,-36.87113]]]}},{"type":"Feature","properties":{"kind":"residential"},"geometry":{"type":"Polygon","coordinates":[[[174.74103,-36.84692],[174.74114,-36.84765],[174.74117,-36.8479],[174.74117,-36.84791],[174.74166,-36.84788],[174.74155,-36.84675],[174.74107,-36.84645],[174.74111,-36.84673],[174.7411,-36.84675],[174.7411,-36.84692],[174.74103,-36.84692]]]}},{"type":"Feature","properties":{"kind":"grass"},"geometry":{"type":"Polygon","coordinates":[[[174.73943,-36.83998],[174.73937,-36.83933],[174.73941,-36.83893],[174.73946,-36.83828],[174.73947,-36.83828],[174.73947,-36.83858],[174.73947,-36.83893],[174.73947,-36.83935],[174.73947,-36.83997],[174.73943,-36.83998]]]}},{"type":"Feature","properties":{"kind":"recreation_ground"},"geometry":{"type":"Polygon","coordinates":[[[174.76792,-36.87069],[174.76797,-36.87071],[174.76799,-36.87065],[174.76797,-36.87064],[174.76802,-36.87052],[174.76794,-36.87048],[174.76747,-36.8702],[174.76726,-36.87007],[174.76705,-36.87011],[174.76703,-36.87008],[174.76693,-36.86979],[174.76661,-36.86986],[174.76671,-36.87012],[174.76641,-36.87005],[174.76636,-36.87004],[174.76635,-36.87008],[174.766,-36.87103],[174.76598,-36.87109],[174.76603,-36.8711],[174.76603,-36.87112],[174.7666,-36.87132],[174.76661,-36.8713],[174.76703,-36.87145],[174.76699,-36.87154],[174.76707,-36.87159],[174.76734,-36.8718],[174.7675,-36.87193],[174.76766,-36.87205],[174.76836,-36.87177],[174.76834,-36.87147],[174.76832,-36.87121],[174.76822,-36.87118],[174.76819,-36.87119],[174.76816,-36.87119],[174.76816,-36.87117],[174.7681,-36.87118],[174.76809,-36.87114],[174.76806,-36.87112],[174.76804,-36.87115],[174.76801,-36.87119],[174.7679,-36.87115],[174.76784,-36.87125],[174.76768,-36.87119],[174.76763,-36.87119],[174.76792,-36.87069]]]}},{"type":"Feature","properties":{"kind":"recreation_ground"},"geometry":{"type":"Polygon","coordinates":[[[174.76747,-36.8702],[174.76756,-36.8701],[174.76761,-36.87005],[174.76771,-36.86995],[174.76786,-36.87003],[174.76785,-36.87004],[174.76815,-36.87023],[174.76812,-36.87027],[174.76804,-36.87048],[174.76798,-36.87044],[174.76794,-36.87048],[174.76747,-36.8702]]]}},{"type":"Feature","properties":{"kind":"grass"},"geometry":{"type":"Polygon","coordinates":[[[174.76586,-36.86852],[174.76611,-36.86966],[174.76616,-36.86967],[174.76622,-36.8697],[174.76624,-36.86971],[174.76624,-36.86973],[174.7673,-36.86946],[174.76734,-36.86946],[174.76735,-36.86948],[174.76737,-36.86945],[174.76735,-36.86941],[174.76735,-36.86938],[174.76735,-36.86937],[174.76735,-36.86936],[174.76736,-36.86934],[174.76742,-36.86928],[174.76749,-36.86922],[174.76754,-36.86919],[174.7676,-36.86916],[174.7677,-36.86914],[174.76776,-36.86912],[174.76782,-36.86909],[174.76788,-36.86906],[174.76782,-36.86895],[174.76777,-36.86886],[174.76767,-36.86876],[174.76765,-36.86868],[174.76749,-36.86832],[174.76759,-36.8683],[174.76751,-36.8681],[174.7675,-36.86807],[174.76586,-36.86852]]]}},{"type":"Feature","properties":{"kind":"commercial"},"geometry":{"type":"Polygon","coordinates":[[[174.76188,-36.87185],[174.76194,-36.87191],[174.76197,-36.87208],[174.76196,-36.87216],[174.7616,-36.87208],[174.76172,-36.87195],[174.76188,-36.87185]]]}},{"type":"Feature","properties":{"kind":"grass"},"geometry":{"type":"Polygon","coordinates":[[[174.74806,-36.84828],[174.74805,-36.8483],[174.74804,-36.84833],[174.74801,-36.84831],[174.74796,-36.84828],[174.74795,-36.84829],[174.74794,-36.84829],[174.74768,-36.84817],[174.74734,-36.84802],[174.74732,-36.84801],[174.74769,-36.84763],[174.74782,-36.84753],[174.74793,-36.84734],[174.74807,-36.84709],[174.74827,-36.84692],[174.74839,-36.8468],[174.74854,-36.8468],[174.74878,-36.84672],[174.7489,-36.84666],[174.74899,-36.84651],[174.74901,-36.84652],[174.74922,-36.8466],[174.74912,-36.84672],[174.749,-36.84667],[174.74884,-36.84687],[174.74886,-36.8469],[174.74892,-36.84692],[174.74896,-36.84691],[174.749,-36.84689],[174.74903,-36.84692],[174.74876,-36.84731],[174.7486,-36.84734],[174.7483,-36.8476],[174.7481,-36.84785],[174.74796,-36.84804],[174.74794,-36.84812],[174.74795,-36.84819],[174.74806,-36.84828]]]}},{"type":"Feature","properties":{"kind":"residential"},"geometry":{"type":"Polygon","coordinates":[[[174.77705,-36.85174],[174.77724,-36.85182],[174.77725,-36.85182],[174.77725,-36.85183],[174.77725,-36.85184],[174.77703,-36.85221],[174.77695,-36.85228],[174.77689,-36.85234],[174.77663,-36.85217],[174.77684,-36.85196],[174.77705,-36.85174]]]}},{"type":"Feature","properties":{"kind":"residential"},"geometry":{"type":"Polygon","coordinates":[[[174.76302,-36.86523],[174.76295,-36.86546],[174.76371,-36.86562],[174.76379,-36.86538],[174.76302,-36.86523]]]}},{"type":"Feature","properties":{"kind":"residential"},"geometry":{"type":"Polygon","coordinates":[[[174.76791,-36.85459],[174.76799,-36.85448],[174.76841,-36.85477],[174.7683,-36.85487],[174.76827,-36.85485],[174.76791,-36.85459]]]}},{"type":"Feature","properties":{"kind":"grass"},"geometry":{"type":"Polygon","coordinates":[[[174.74552,-36.84053],[174.74573,-36.84056],[174.74583,-36.84052],[174.74583,-36.84048],[174.74592,-36.84049],[174.74592,-36.84053],[174.7459,-36.84064],[174.74596,-36.84069],[174.74612,-36.8407],[174.74615,-36.84071],[174.74615,-36.84072],[174.7461,-36.84077],[174.74601,-36.84083],[174.74595,-36.84096],[174.74583,-36.84088],[174.7457,-36.84079],[174.74552,-36.84053]]]}},{"type":"Feature","properties":{"kind":"grass"},"geometry":{"type":"Polygon","coordinates":[[[174.77004,-36.85437],[174.77008,-36.85447],[174.77011,-36.85462],[174.77011,-36.85466],[174.77006,-36.8548],[174.7699,-36.85491],[174.76973,-36.85491],[174.76958,-36.85495],[174.76957,-36.85498],[174.7696,-36.85499],[174.76963,-36.85502],[174.76962,-36.85503],[174.76964,-36.85505],[174.76967,-36.85505],[174.76971,-36.85508],[174.76978,-36.85508],[174.76981,-36.85507],[174.7703,-36.85468],[174.77029,-36.85464],[174.77025,-36.85455],[174.77019,-36.85448],[174.77014,-36.85442],[174.77011,-36.85435],[174.77011,-36.85427],[174.77009,-36.85431],[174.77004,-36.85437]]]}},{"type":"Feature","properties":{"kind":"retail"},"geometry":{"type":"Polygon","coordinates":[[[174.741,-36.85054],[174.74129,-36.85051],[174.74123,-36.85019],[174.74096,-36.85021],[174.741,-36.85054]]]}},{"type":"Feature","properties":{"kind":"residential"},"geometry":{"type":"Polygon","coordinates":[[[174.74123,-36.85019],[174.74129,-36.85051],[174.74173,-36.85047],[174.74168,-36.85015],[174.74123,-36.85019]]]}},{"type":"Feature","properties":{"kind":"grass"},"geometry":{"type":"Polygon","coordinates":[[[174.7698,-36.86129],[174.7698,-36.86127],[174.76982,-36.86127],[174.76983,-36.86125],[174.76993,-36.8613],[174.77002,-36.86136],[174.77009,-36.86144],[174.77019,-36.86168],[174.77018,-36.86169],[174.77017,-36.8617],[174.77016,-36.86171],[174.76998,-36.86176],[174.76996,-36.86176],[174.76995,-36.86175],[174.76995,-36.86174],[174.76987,-36.86155],[174.76982,-36.86145],[174.76979,-36.8614],[174.76978,-36.86136],[174.76978,-36.86134],[174.7698,-36.86129]]]}},{"type":"Feature","properties":{"kind":"residential"},"geometry":{"type":"Polygon","coordinates":[[[174.7834,-36.86704],[174.78376,-36.86674],[174.78396,-36.86657],[174.78437,-36.86624],[174.78392,-36.86584],[174.78285,-36.86662],[174.7834,-36.86704]]]}},{"type":"Feature","properties":{"kind":"grass"},"geometry":{"type":"Polygon","coordinates":[[[174.7738,-36.86424],[174.77387,-36.86416],[174.77396,-36.86407],[174.77407,-36.86396],[174.77425,-36.86379],[174.7743,-36.86374],[174.77441,-36.86364],[174.77448,-36.86358],[174.77455,-36.86353],[174.77463,-36.86348],[174.77472,-36.86343],[174.77482,-36.86338],[174.7749,-36.86334],[174.77501,-36.86331],[174.7751,-36.86327],[174.7752,-36.86325],[174.77524,-36.86324],[174.77527,-36.86323],[174.77528,-36.86322],[174.77528,-36.86321],[174.77528,-36.8632],[174.77528,-36.86319],[174.77528,-36.86318],[174.77563,-36.86308],[174.77564,-36.86309],[174.77566,-36.8631],[174.77567,-36.8631],[174.77568,-36.86309],[174.77573,-36.86306],[174.77576,-36.86304],[174.77577,-36.86303],[174.77577,-36.86302],[174.77578,-36.86301],[174.77579,-36.86301],[174.7758,-36.863],[174.7758,-36.86299],[174.77582,-36.86298],[174.77586,-36.8629],[174.77592,-36.86275],[174.77599,-36.8626],[174.77613,-36.8623],[174.77619,-36.86219],[174.77624,-36.86211],[174.7763,-36.86202],[174.7764,-36.86185],[174.77645,-36.86177],[174.77648,-36.8617],[174.7765,-36.86162],[174.77653,-36.86152],[174.77656,-36.86141],[174.77658,-36.8613],[174.77659,-36.86122],[174.77659,-36.86117],[174.77658,-36.86113],[174.77656,-36.86106],[174.77652,-36.86095],[174.7765,-36.86092],[174.77649,-36.86091],[174.77648,-36.86091],[174.77647,-36.86091],[174.77646,-36.86091],[174.77645,-36.86091],[174.77644,-36.86091],[174.77632,-36.86069],[174.77632,-36.86068],[174.77633,-36.86068],[174.77635,-36.86067],[174.77635,-36.86066],[174.77633,-36.86064],[174.77632,-36.86063],[174.7763,-36.86062],[174.77627,-36.86059],[174.77626,-36.86059],[174.77626,-36.86058],[174.77624,-36.86059],[174.77622,-36.86053],[174.77623,-36.86053],[174.77622,-36.86051],[174.77622,-36.86049],[174.77622,-36.86046],[174.77622,-36.86044],[174.77622,-36.86043],[174.7762,-36.8604],[174.77617,-36.86041],[174.77616,-36.86041],[174.77616,-36.8604],[174.77602,-36.86016],[174.77592,-36.85997],[174.77589,-36.85992],[174.77588,-36.85993],[174.77585,-36.85989],[174.77585,-36.85988],[174.77584,-36.85988],[174.77583,-36.85988],[174.77482,-36.86027],[174.77481,-36.86025],[174.77479,-36.86026],[174.77478,-36.86027],[174.77477,-36.86029],[174.77476,-36.86031],[174.77475,-36.86033],[174.77475,-36.86034],[174.77473,-36.86036],[174.77471,-36.86037],[174.77469,-36.86038],[174.77468,-36.86038],[174.77467,-36.86038],[174.77464,-36.86039],[174.77461,-36.86038],[174.77459,-36.86037],[174.77457,-36.86037],[174.77456,-36.86035],[174.77454,-36.86033],[174.77454,-36.86031],[174.77453,-36.86029],[174.77453,-36.86028],[174.77452,-36.86028],[174.7745,-36.86028],[174.77439,-36.86033],[174.77444,-36.86033],[174.77446,-36.86033],[174.77447,-36.86033],[174.77447,-36.86034],[174.77447,-36.86037],[174.77447,-36.86038],[174.77448,-36.8604],[174.77449,-36.86042],[174.77451,-36.86043],[174.77453,-36.86044],[174.77454,-36.86045],[174.77456,-36.86045],[174.7746,-36.86046],[174.77462,-36.86047],[174.77464,-36.86049],[174.77466,-36.86051],[174.77466,-36.86053],[174.77466,-36.86055],[174.77467,-36.86057],[174.77468,-36.86059],[174.7747,-36.8606],[174.77471,-36.8606],[174.77474,-36.86062],[174.77476,-36.86064],[174.77477,-36.86068],[174.77478,-36.8607],[174.77478,-36.86072],[174.77479,-36.86077],[174.7748,-36.8608],[174.77481,-36.86082],[174.77483,-36.86084],[174.77484,-36.8609],[174.77483,-36.86092],[174.77481,-36.86095],[174.77479,-36.86097],[174.77476,-36.861],[174.77473,-36.86102],[174.77473,-36.86104],[174.77474,-36.86106],[174.77475,-36.86107],[174.77477,-36.86109],[174.77481,-36.86109],[174.7748,-36.86107],[174.77488,-36.86104],[174.77495,-36.86117],[174.77491,-36.86118],[174.77493,-36.86122],[174.77493,-36.86125],[174.77493,-36.86127],[174.77491,-36.86129],[174.7749,-36.86131],[174.77488,-36.86133],[174.77485,-36.86135],[174.77483,-36.86136],[174.77478,-36.86137],[174.77475,-36.86136],[174.7747,-36.86135],[174.77468,-36.8613],[174.77467,-36.86127],[174.77465,-36.86123],[174.77463,-36.8612],[174.77459,-36.86114],[174.77458,-36.86108],[174.77457,-36.86105],[174.77452,-36.86096],[174.77449,-36.86093],[174.77447,-36.8609],[174.77445,-36.86088],[174.77442,-36.86086],[174.7744,-36.86085],[174.77436,-36.86084],[174.77431,-36.86084],[174.77427,-36.86085],[174.77422,-36.86085],[174.77417,-36.86086],[174.77414,-36.86087],[174.77411,-36.86088],[174.77408,-36.8609],[174.77407,-36.86092],[174.77404,-36.86094],[174.77403,-36.86093],[174.77401,-36.86092],[174.77397,-36.86091],[174.77394,-36.8609],[174.77389,-36.86089],[174.77382,-36.86089],[174.77378,-36.86088],[174.77371,-36.86087],[174.77365,-36.86086],[174.77361,-36.86086],[174.77357,-36.86087],[174.77353,-36.86088],[174.77349,-36.86091],[174.77347,-36.86092],[174.77345,-36.86093],[174.77342,-36.86093],[174.77339,-36.86091],[174.77337,-36.86088],[174.77335,-36.86084],[174.77334,-36.86082],[174.77332,-36.86079],[174.77331,-36.86077],[174.77332,-36.86075],[174.77334,-36.86074],[174.77339,-36.86073],[174.77341,-36.86071],[174.77344,-36.86069],[174.77347,-36.86067],[174.7735,-36.86065],[174.77352,-36.86062],[174.77352,-36.8606],[174.77351,-36.86058],[174.77349,-36.86057],[174.77347,-36.86057],[174.77344,-36.86057],[174.7734,-36.86058],[174.77336,-36.8606],[174.77334,-36.8606],[174.77329,-36.8606],[174.77326,-36.86059],[174.77322,-36.86058],[174.77316,-36.86059],[174.77312,-36.8606],[174.77309,-36.8606],[174.77305,-36.86059],[174.77299,-36.86057],[174.77296,-36.86065],[174.77294,-36.86068],[174.77293,-36.8607],[174.77288,-36.86077],[174.77285,-36.86079],[174.77282,-36.86082],[174.77277,-36.86085],[174.77272,-36.86087],[174.77264,-36.8609],[174.77256,-36.86092],[174.77247,-36.86093],[174.77208,-36.86093],[174.77201,-36.86093],[174.77198,-36.86093],[174.77197,-36.86093],[174.77194,-36.86094],[174.77193,-36.86095],[174.77192,-36.86096],[174.7719,-36.861],[174.77184,-36.8611],[174.77183,-36.86113],[174.77176,-36.86123],[174.77169,-36.86137],[174.77159,-36.86154],[174.77148,-36.86175],[174.77143,-36.86185],[174.77141,-36.86189],[174.77139,-36.86195],[174.77138,-36.86202],[174.77136,-36.8621],[174.77136,-36.86215],[174.77135,-36.86221],[174.77135,-36.86226],[174.77135,-36.8623],[174.77136,-36.86234],[174.77136,-36.86237],[174.77138,-36.8624],[174.77139,-36.86243],[174.77142,-36.86246],[174.77148,-36.86252],[174.77167,-36.86273],[174.77169,-36.86275],[174.77171,-36.86278],[174.77181,-36.86293],[174.77191,-36.86287],[174.77192,-36.86288],[174.77225,-36.86324],[174.77215,-36.8633],[174.77239,-36.86351],[174.77256,-36.8637],[174.77257,-36.86369],[174.77258,-36.86369],[174.77259,-36.86369],[174.77258,-36.8637],[174.77257,-36.8637],[174.77256,-36.86371],[174.77274,-36.86389],[174.77281,-36.86394],[174.77286,-36.86397],[174.77306,-36.86409],[174.77325,-36.86416],[174.77328,-36.86417],[174.77346,-36.86423],[174.77348,-36.86418],[174.77357,-36.86422],[174.77356,-36.86422],[174.77368,-36.86427],[174.7737,-36.86428],[174.77372,-36.86428],[174.77374,-36.86428],[174.77376,-36.86428],[174.77378,-36.86427],[174.77379,-36.86426],[174.7738,-36.86424]]]}},{"type":"Feature","properties":{"kind":"residential"},"geometry":{"type":"Polygon","coordinates":[[[174.76346,-36.8565],[174.76366,-36.85633],[174.76394,-36.85654],[174.76375,-36.85669],[174.76374,-36.8567],[174.76346,-36.8565]]]}},{"type":"Feature","properties":{"kind":"commercial"},"geometry":{"type":"Polygon","coordinates":[[[174.75399,-36.84468],[174.7542,-36.84473],[174.75437,-36.84434],[174.75415,-36.84428],[174.75399,-36.84468]]]}},{"type":"Feature","properties":{"kind":"commercial"},"geometry":{"type":"Polygon","coordinates":[[[174.77987,-36.87112],[174.77951,-36.87139],[174.77924,-36.87114],[174.7796,-36.87088],[174.77987,-36.87112]]]}},{"type":"Feature","properties":{"kind":"residential"},"geometry":{"type":"Polygon","coordinates":[[[174.74317,-36.87188],[174.74492,-36.87134],[174.74499,-36.87159],[174.74328,-36.87211],[174.74317,-36.87188]]]}},{"type":"Feature","properties":{"kind":"grass"},"geometry":{"type":"Polygon","coordinates":[[[174.75206,-36.86248],[174.75205,-36.86248],[174.75196,-36.86247],[174.75178,-36.86252],[174.75175,-36.8625],[174.75169,-36.8625],[174.75169,-36.86249],[174.75173,-36.86246],[174.75176,-36.86239],[174.75177,-36.86236],[174.75178,-36.86234],[174.75182,-36.86231],[174.75189,-36.86224],[174.75188,-36.86224],[174.75189,-36.86223],[174.75207,-36.86207],[174.75212,-36.86203],[174.75235,-36.86221],[174.75236,-36.86225],[174.75206,-36.86248]]]}},{"type":"Feature","properties":{"kind":"grass"},"geometry":{"type":"Polygon","coordinates":[[[174.75242,-36.86261],[174.75232,-36.8626],[174.75228,-36.86263],[174.75223,-36.86267],[174.75217,-36.86271],[174.7521,-36.86277],[174.75205,-36.86285],[174.75201,-36.86291],[174.75198,-36.86294],[174.7521,-36.86284],[174.7522,-36.86291],[174.75209,-36.86301],[174.7517,-36.86336],[174.75173,-36.86338],[174.75244,-36.86272],[174.75242,-36.86261]]]}},{"type":"Feature","properties":{"kind":"grass"},"geometry":{"type":"Polygon","coordinates":[[[174.75247,-36.85174],[174.75249,-36.85169],[174.75263,-36.85166],[174.75285,-36.85165],[174.75287,-36.85161],[174.75282,-36.8516],[174.75286,-36.8515],[174.75291,-36.85151],[174.75292,-36.85148],[174.75293,-36.85147],[174.75294,-36.85146],[174.75296,-36.85145],[174.75297,-36.85145],[174.75317,-36.8515],[174.7532,-36.85148],[174.75321,-36.85148],[174.75347,-36.85156],[174.75363,-36.8512],[174.75357,-36.85118],[174.75253,-36.85081],[174.75222,-36.85157],[174.75223,-36.8516],[174.75226,-36.85165],[174.75228,-36.85167],[174.7523,-36.8517],[174.75247,-36.85174]]]}},{"type":"Feature","properties":{"name":"Grey Lynn Pensioner Housing","kind":"residential"},"geometry":{"type":"Polygon","coordinates":[[[174.73759,-36.86618],[174.73815,-36.86654],[174.73784,-36.86676],[174.7377,-36.86671],[174.73747,-36.86655],[174.73744,-36.8663],[174.73751,-36.86622],[174.73756,-36.86617],[174.73759,-36.86618]]]}},{"type":"Feature","properties":{"kind":"grass"},"geometry":{"type":"Polygon","coordinates":[[[174.75748,-36.86758],[174.75845,-36.8672],[174.75855,-36.86733],[174.75768,-36.8677],[174.75765,-36.86767],[174.7576,-36.86767],[174.75757,-36.86767],[174.75753,-36.86765],[174.75748,-36.86758]]]}},{"type":"Feature","properties":{"kind":"grass"},"geometry":{"type":"Polygon","coordinates":[[[174.75864,-36.86712],[174.75874,-36.86724],[174.75891,-36.86717],[174.75931,-36.867],[174.75931,-36.86695],[174.75923,-36.86684],[174.75864,-36.86712]]]}},{"type":"Feature","properties":{"kind":"grass"},"geometry":{"type":"Polygon","coordinates":[[[174.75942,-36.86694],[174.75955,-36.86713],[174.75959,-36.86718],[174.75971,-36.86721],[174.75979,-36.86722],[174.76019,-36.86704],[174.76012,-36.86699],[174.76011,-36.86694],[174.7601,-36.86686],[174.76005,-36.8668],[174.75996,-36.86677],[174.75986,-36.86676],[174.75976,-36.86679],[174.75961,-36.86684],[174.75942,-36.86694]]]}}]}