{"type":"FeatureCollection","name":"auckland_buildings","provenance":"Synthetic","generated_by":"data/generate_buildings.py","seed":7,"schema":{"z":"zone id","k":"kind (tower|office|podium|mixed|residential|industrial|lowrise|park)","h":"height in metres at t=0","dh":"metres added by year 10 under the do-nothing baseline","td":"extra metres by year 10 under transit investment (TOD)","t0":"year the building appears (0 = already standing)","g":"1 = lot can become public realm under pedestrianisation","cbd":"1 = inside the charge cordon","d":"km from city centre"},"features":[{"type":"Feature","id":"B0000","properties":{"z":"Z000","k":"industrial","h":7.4,"dh":3.4,"td":0.1,"t0":0.0,"g":0,"cbd":0,"d":4.26},"geometry":{"type":"Polygon","coordinates":[[[174.7259476,-36.8245202],[174.7271139,-36.8245202],[174.7271139,-36.8235297],[174.7259476,-36.8235297],[174.7259476,-36.8245202]]]}},{"type":"Feature","id":"B0001","properties":{"z":"Z000","k":"industrial","h":15.7,"dh":0.0,"td":0.0,"t0":0.0,"g":0,"cbd":0,"d":4.147},"geometry":{"type":"Polygon","coordinates":[[[174.7275747,-36.8245302],[174.7288461,-36.8245302],[174.7288461,-36.8235197],[174.7275747,-36.8235197],[174.7275747,-36.8245302]]]}},{"type":"Feature","id":"B0002","properties":{"z":"Z000","k":"industrial","h":7.2,"dh":1.6,"td":0.1,"t0":0.0,"g":0,"cbd":0,"d":4.358},"geometry":{"type":"Polygon","coordinates":[[[174.726,-36.8231354],[174.7270615,-36.8231354],[174.7270615,-36.8222263],[174.726,-36.8222263],[174.726,-36.8231354]]]}},{"type":"Feature","id":"B0003","properties":{"z":"Z000","k":"industrial","h":10.7,"dh":2.9,"td":0.0,"t0":0.0,"g":0,"cbd":0,"d":4.246},"geometry":{"type":"Polygon","coordinates":[[[174.7275977,-36.8231048],[174.7288232,-36.8231048],[174.7288232,-36.8222569],[174.7275977,-36.8222569],[174.7275977,-36.8231048]]]}},{"type":"Feature","id":"B0004","properties":{"z":"Z000","k":"industrial","h":11.6,"dh":0.0,"td":0.2,"t0":0.0,"g":0,"cbd":0,"d":3.96},"geometry":{"type":"Polygon","coordinates":[[[174.7304734,-36.8244932],[174.7315968,-36.8244932],[174.7315968,-36.8235567],[174.7304734,-36.8235567],[174.7304734,-36.8244932]]]}},{"type":"Feature","id":"B0005","properties":{"z":"Z000","k":"industrial","h":9.8,"dh":0.0,"td":0.0,"t0":0.0,"g":0,"cbd":0,"d":3.853},"geometry":{"type":"Polygon","coordinates":[[[174.7321733,-36.8244003],[174.7332562,-36.8244003],[174.7332562,-36.8236496],[174.7321733,-36.8236496],[174.7321733,-36.8244003]]]}},{"type":"Feature","id":"B0006","properties":{"z":"Z000","k":"park","h":0.0,"dh":0.0,"td":0.0,"t0":0.0,"g":0,"cbd":0,"d":4.065},"geometry":{"type":"Polygon","coordinates":[[[174.7304164,-36.8231202],[174.7316538,-36.8231202],[174.7316538,-36.8222415],[174.7304164,-36.8222415],[174.7304164,-36.8231202]]]}},{"type":"Feature","id":"B0007","properties":{"z":"Z000","k":"industrial","h":16.2,"dh":0.0,"td":0.0,"t0":0.0,"g":0,"cbd":0,"d":3.96},"geometry":{"type":"Polygon","coordinates":[[[174.7322028,-36.8230745],[174.7332267,-36.8230745],[174.7332267,-36.8222872],[174.7322028,-36.8222872],[174.7322028,-36.8230745]]]}},{"type":"Feature","id":"B0008","properties":{"z":"Z000","k":"industrial","h":11.8,"dh":0.0,"td":0.0,"t0":0.0,"g":0,"cbd":0,"d":4.528},"geometry":{"type":"Polygon","coordinates":[[[174.725975,-36.8208017],[174.7270865,-36.8208017],[174.7270865,-36.8200393],[174.725975,-36.8200393],[174.725975,-36.8208017]]]}},{"type":"Feature","id":"B0009","properties":{"z":"Z000","k":"industrial","h":12.9,"dh":0.0,"td":0.0,"t0":4.46,"g":0,"cbd":0,"d":4.421},"geometry":{"type":"Polygon","coordinates":[[[174.7277657,-36.8208047],[174.7286551,-36.8208047],[174.7286551,-36.8200363],[174.7277657,-36.8200363],[174.7277657,-36.8208047]]]}},{"type":"Feature","id":"B0010","properties":{"z":"Z000","k":"industrial","h":10.9,"dh":0.0,"td":0.0,"t0":0.0,"g":0,"cbd":0,"d":4.632},"geometry":{"type":"Polygon","coordinates":[[[174.7260395,-36.8195752],[174.727022,-36.8195752],[174.727022,-36.8185775],[174.7260395,-36.8185775],[174.7260395,-36.8195752]]]}},{"type":"Feature","id":"B0011","properties":{"z":"Z000","k":"industrial","h":9.7,"dh":0.0,"td":0.0,"t0":0.0,"g":0,"cbd":0,"d":4.528},"geometry":{"type":"Polygon","coordinates":[[[174.727743,-36.819461],[174.7286778,-36.819461],[174.7286778,-36.8186917],[174.727743,-36.8186917],[174.727743,-36.819461]]]}},{"type":"Feature","id":"B0012","properties":{"z":"Z000","k":"industrial","h":9.2,"dh":0.0,"td":0.1,"t0":0.0,"g":0,"cbd":0,"d":4.246},"geometry":{"type":"Polygon","coordinates":[[[174.7304162,-36.8209116],[174.731654,-36.8209116],[174.731654,-36.8199294],[174.7304162,-36.8199294],[174.7304162,-36.8209116]]]}},{"type":"Feature","id":"B0013","properties":{"z":"Z000","k":"industrial","h":14.2,"dh":0.0,"td":0.2,"t0":0.0,"g":0,"cbd":0,"d":4.147},"geometry":{"type":"Polygon","coordinates":[[[174.732141,-36.820847],[174.7332885,-36.820847],[174.7332885,-36.819994],[174.732141,-36.819994],[174.732141,-36.820847]]]}},{"type":"Feature","id":"B0014","properties":{"z":"Z000","k":"industrial","h":10.9,"dh":0.0,"td":0.0,"t0":0.0,"g":0,"cbd":0,"d":4.358},"geometry":{"type":"Polygon","coordinates":[[[174.7305463,-36.8194519],[174.7315239,-36.8194519],[174.7315239,-36.8187009],[174.7305463,-36.8187009],[174.7305463,-36.8194519]]]}},{"type":"Feature","id":"B0015","properties":{"z":"Z000","k":"industrial","h":7.2,"dh":2.7,"td":0.1,"t0":0.0,"g":0,"cbd":0,"d":4.26},"geometry":{"type":"Polygon","coordinates":[[[174.7321078,-36.8195698],[174.7333217,-36.8195698],[174.7333217,-36.818583],[174.7321078,-36.818583],[174.7321078,-36.8195698]]]}},{"type":"Feature","id":"B0016","properties":{"z":"Z001","k":"industrial","h":10.4,"dh":0.0,"td":0.0,"t0":0.0,"g":0,"cbd":0,"d":3.715},"geometry":{"type":"Polygon","coordinates":[[[174.734427,-36.8245206],[174.7354732,-36.8245206],[174.7354732,-36.8235293],[174.734427,-36.8235293],[174.734427,-36.8245206]]]}},{"type":"Feature","id":"B0017","properties":{"z":"Z001","k":"park","h":0.0,"dh":0.0,"td":0.0,"t0":0.0,"g":0,"cbd":0,"d":3.615},"geometry":{"type":"Polygon","coordinates":[[[174.736076,-36.8244651],[174.7371835,-36.8244651],[174.7371835,-36.8235848],[174.736076,-36.8235848],[174.736076,-36.8244651]]]}},{"type":"Feature","id":"B0018","properties":{"z":"Z001","k":"industrial","h":23.5,"dh":0.0,"td":0.4,"t0":8.13,"g":0,"cbd":0,"d":3.826},"geometry":{"type":"Polygon","coordinates":[[[174.7343211,-36.8231444],[174.7355791,-36.8231444],[174.7355791,-36.8222173],[174.7343211,-36.8222173],[174.7343211,-36.8231444]]]}},{"type":"Feature","id":"B0019","properties":{"z":"Z001","k":"industrial","h":16.1,"dh":0.0,"td":0.4,"t0":0.0,"g":0,"cbd":0,"d":3.729},"geometry":{"type":"Polygon","coordinates":[[[174.7359852,-36.8231137],[174.7372743,-36.8231137],[174.7372743,-36.822248],[174.7359852,-36.822248],[174.7359852,-36.8231137]]]}},{"type":"Feature","id":"B0020","properties":{"z":"Z001","k":"industrial","h":9.1,"dh":0.0,"td":0.0,"t0":0.0,"g":0,"cbd":0,"d":3.455},"geometry":{"type":"Polygon","coordinates":[[[174.7389144,-36.8244162],[174.7399944,-36.8244162],[174.7399944,-36.8236337],[174.7389144,-36.8236337],[174.7389144,-36.8244162]]]}},{"type":"Feature","id":"B0021","properties":{"z":"Z001","k":"industrial","h":15.9,"dh":0.0,"td":0.7,"t0":1.21,"g":0,"cbd":0,"d":3.365},"geometry":{"type":"Polygon","coordinates":[[[174.7406532,-36.8244227],[174.7416149,-36.8244227],[174.7416149,-36.8236272],[174.7406532,-36.8236272],[174.7406532,-36.8244227]]]}},{"type":"Feature","id":"B0022","properties":{"z":"Z001","k":"industrial","h":17.4,"dh":0.0,"td":0.3,"t0":0.0,"g":0,"cbd":0,"d":3.574},"geometry":{"type":"Polygon","coordinates":[[[174.7390021,-36.8231271],[174.7399067,-36.8231271],[174.7399067,-36.8222346],[174.7390021,-36.8222346],[174.7390021,-36.8231271]]]}},{"type":"Feature","id":"B0023","properties":{"z":"Z001","k":"industrial","h":15.8,"dh":0.0,"td":0.5,"t0":0.0,"g":0,"cbd":0,"d":3.487},"geometry":{"type":"Polygon","coordinates":[[[174.7405262,-36.8230978],[174.7417419,-36.8230978],[174.7417419,-36.8222639],[174.7405262,-36.8222639],[174.7405262,-36.8230978]]]}},{"type":"Feature","id":"B0024","properties":{"z":"Z001","k":"industrial","h":11.9,"dh":0.0,"td":0.0,"t0":0.0,"g":0,"cbd":0,"d":4.019},"geometry":{"type":"Polygon","coordinates":[[[174.7344881,-36.8208112],[174.735412,-36.8208112],[174.735412,-36.8200297],[174.7344881,-36.8200297],[174.7344881,-36.8208112]]]}},{"type":"Feature","id":"B0025","properties":{"z":"Z001","k":"industrial","h":17.0,"dh":4.1,"td":0.0,"t0":0.0,"g":0,"cbd":0,"d":3.926},"geometry":{"type":"Polygon","coordinates":[[[174.7361806,-36.8208752],[174.7370789,-36.8208752],[174.7370789,-36.8199657],[174.7361806,-36.8199657],[174.7361806,-36.8208752]]]}},{"type":"Feature","id":"B0026","properties":{"z":"Z001","k":"industrial","h":17.3,"dh":0.0,"td":0.1,"t0":0.0,"g":0,"cbd":0,"d":4.136},"geometry":{"type":"Polygon","coordinates":[[[174.7344668,-36.8195724],[174.7354334,-36.8195724],[174.7354334,-36.8185803],[174.7344668,-36.8185803],[174.7344668,-36.8195724]]]}},{"type":"Feature","id":"B0027","properties":{"z":"Z001","k":"industrial","h":16.8,"dh":0.0,"td":0.1,"t0":0.0,"g":0,"cbd":0,"d":4.046},"geometry":{"type":"Polygon","coordinates":[[[174.7361804,-36.8194891],[174.737079,-36.8194891],[174.737079,-36.8186637],[174.7361804,-36.8186637],[174.7361804,-36.8194891]]]}},{"type":"Feature","id":"B0028","properties":{"z":"Z001","k":"industrial","h":9.5,"dh":0.0,"td":0.0,"t0":0.0,"g":0,"cbd":0,"d":3.779},"geometry":{"type":"Polygon","coordinates":[[[174.7388649,-36.8209009],[174.7400439,-36.8209009],[174.7400439,-36.81994],[174.7388649,-36.81994],[174.7388649,-36.8209009]]]}},{"type":"Feature","id":"B0029","properties":{"z":"Z001","k":"industrial","h":11.2,"dh":0.0,"td":0.0,"t0":0.0,"g":0,"cbd":0,"d":3.697},"geometry":{"type":"Polygon","coordinates":[[[174.7405787,-36.8208442],[174.7416894,-36.8208442],[174.7416894,-36.8199968],[174.7405787,-36.8199968],[174.7405787,-36.8208442]]]}},{"type":"Feature","id":"B0030","properties":{"z":"Z001","k":"industrial","h":7.0,"dh":0.0,"td":0.0,"t0":0.0,"g":0,"cbd":0,"d":3.904},"geometry":{"type":"Polygon","coordinates":[[[174.7388081,-36.8195238],[174.7401007,-36.8195238],[174.7401007,-36.818629],[174.7388081,-36.818629],[174.7388081,-36.8195238]]]}},{"type":"Feature","id":"B0031","properties":{"z":"Z001","k":"industrial","h":12.7,"dh":0.0,"td":0.2,"t0":0.0,"g":0,"cbd":0,"d":3.825},"geometry":{"type":"Polygon","coordinates":[[[174.740599,-36.8195427],[174.7416691,-36.8195427],[174.7416691,-36.8186101],[174.740599,-36.8186101],[174.740599,-36.8195427]]]}},{"type":"Feature","id":"B0032","properties":{"z":"Z002","k":"residential","h":16.9,"dh":0.0,"td":0.0,"t0":0.0,"g":0,"cbd":0,"d":3.252},"geometry":{"type":"Polygon","coordinates":[[[174.742879,-36.8244612],[174.7438598,-36.8244612],[174.7438598,-36.8235887],[174.742879,-36.8235887],[174.742879,-36.8244612]]]}},{"type":"Feature","id":"B0033","properties":{"z":"Z002","k":"residential","h":14.1,"dh":0.0,"td":0.0,"t0":0.0,"g":0,"cbd":0,"d":3.173},"geometry":{"type":"Polygon","coordinates":[[[174.7445048,-36.8244305],[174.7455932,-36.8244305],[174.7455932,-36.8236194],[174.7445048,-36.8236194],[174.7445048,-36.8244305]]]}},{"type":"Feature","id":"B0034","properties":{"z":"Z002","k":"residential","h":19.1,"dh":7.9,"td":0.7,"t0":0.0,"g":0,"cbd":0,"d":3.378},"geometry":{"type":"Polygon","coordinates":[[[174.7429142,-36.8231581],[174.7438246,-36.8231581],[174.7438246,-36.8222036],[174.7429142,-36.8222036],[174.7429142,-36.8231581]]]}},{"type":"Feature","id":"B0035","properties":{"z":"Z002","k":"residential","h":18.6,"dh":0.0,"td":1.0,"t0":0.0,"g":0,"cbd":0,"d":3.302},"geometry":{"type":"Polygon","coordinates":[[[174.744414,-36.8230903],[174.7456841,-36.8230903],[174.7456841,-36.8222714],[174.744414,-36.8222714],[174.744414,-36.8230903]]]}},{"type":"Feature","id":"B0036","properties":{"z":"Z002","k":"residential","h":12.5,"dh":0.0,"td":0.7,"t0":0.0,"g":0,"cbd":0,"d":3.051},"geometry":{"type":"Polygon","coordinates":[[[174.7474237,-36.8245089],[174.7483237,-36.8245089],[174.7483237,-36.823541],[174.7474237,-36.823541],[174.7474237,-36.8245089]]]}},{"type":"Feature","id":"B0037","properties":{"z":"Z002","k":"residential","h":16.5,"dh":0.0,"td":0.8,"t0":5.16,"g":0,"cbd":0,"d":2.987},"geometry":{"type":"Polygon","coordinates":[[[174.7490099,-36.8244891],[174.7500969,-36.8244891],[174.7500969,-36.8235608],[174.7490099,-36.8235608],[174.7490099,-36.8244891]]]}},{"type":"Feature","id":"B0038","properties":{"z":"Z002","k":"park","h":0.0,"dh":0.0,"td":0.0,"t0":0.0,"g":0,"cbd":0,"d":3.186},"geometry":{"type":"Polygon","coordinates":[[[174.7473526,-36.8231163],[174.7483948,-36.8231163],[174.7483948,-36.8222454],[174.7473526,-36.8222454],[174.7473526,-36.8231163]]]}},{"type":"Feature","id":"B0039","properties":{"z":"Z002","k":"residential","h":11.3,"dh":0.0,"td":0.5,"t0":6.84,"g":0,"cbd":0,"d":3.124},"geometry":{"type":"Polygon","coordinates":[[[174.749107,-36.8230706],[174.7499997,-36.8230706],[174.7499997,-36.8222911],[174.749107,-36.8222911],[174.749107,-36.8230706]]]}},{"type":"Feature","id":"B0040","properties":{"z":"Z002","k":"residential","h":9.3,"dh":0.0,"td":0.1,"t0":0.0,"g":0,"cbd":0,"d":3.595},"geometry":{"type":"Polygon","coordinates":[[[174.7429078,-36.8208052],[174.743831,-36.8208052],[174.743831,-36.8200358],[174.7429078,-36.8200358],[174.7429078,-36.8208052]]]}},{"type":"Feature","id":"B0041","properties":{"z":"Z002","k":"park","h":0.0,"dh":0.0,"td":0.0,"t0":0.0,"g":0,"cbd":0,"d":3.523},"geometry":{"type":"Polygon","coordinates":[[[174.7445413,-36.8208703],[174.7455568,-36.8208703],[174.7455568,-36.8199706],[174.7445413,-36.8199706],[174.7445413,-36.8208703]]]}},{"type":"Feature","id":"B0042","properties":{"z":"Z002","k":"residential","h":8.5,"dh":0.0,"td":0.0,"t0":0.0,"g":0,"cbd":0,"d":3.726},"geometry":{"type":"Polygon","coordinates":[[[174.7429134,-36.8194916],[174.7438254,-36.8194916],[174.7438254,-36.8186611],[174.7429134,-36.8186611],[174.7429134,-36.8194916]]]}},{"type":"Feature","id":"B0043","properties":{"z":"Z002","k":"residential","h":10.8,"dh":0.0,"td":0.2,"t0":0.0,"g":0,"cbd":0,"d":3.657},"geometry":{"type":"Polygon","coordinates":[[[174.7444691,-36.8195051],[174.745629,-36.8195051],[174.745629,-36.8186477],[174.7444691,-36.8186477],[174.7444691,-36.8195051]]]}},{"type":"Feature","id":"B0044","properties":{"z":"Z002","k":"residential","h":11.3,"dh":0.0,"td":0.3,"t0":0.0,"g":0,"cbd":0,"d":3.415},"geometry":{"type":"Polygon","coordinates":[[[174.747234,-36.8209073],[174.7485134,-36.8209073],[174.7485134,-36.8199336],[174.747234,-36.8199336],[174.747234,-36.8209073]]]}},{"type":"Feature","id":"B0045","properties":{"z":"Z002","k":"park","h":0.0,"dh":0.0,"td":0.0,"t0":0.0,"g":0,"cbd":0,"d":3.357},"geometry":{"type":"Polygon","coordinates":[[[174.748907,-36.8208993],[174.7501998,-36.8208993],[174.7501998,-36.8199417],[174.748907,-36.8199417],[174.748907,-36.8208993]]]}},{"type":"Feature","id":"B0046","properties":{"z":"Z002","k":"residential","h":13.3,"dh":0.0,"td":0.0,"t0":0.0,"g":0,"cbd":0,"d":3.552},"geometry":{"type":"Polygon","coordinates":[[[174.7473752,-36.8195054],[174.7483722,-36.8195054],[174.7483722,-36.8186473],[174.7473752,-36.8186473],[174.7473752,-36.8195054]]]}},{"type":"Feature","id":"B0047","properties":{"z":"Z002","k":"residential","h":13.7,"dh":0.0,"td":0.0,"t0":0.0,"g":0,"cbd":0,"d":3.497},"geometry":{"type":"Polygon","coordinates":[[[174.7490056,-36.8194585],[174.7501011,-36.8194585],[174.7501011,-36.8186943],[174.7490056,-36.8186943],[174.7490056,-36.8194585]]]}},{"type":"Feature","id":"B0048","properties":{"z":"Z003","k":"residential","h":12.0,"dh":7.1,"td":0.8,"t0":0.0,"g":0,"cbd":0,"d":2.911},"geometry":{"type":"Polygon","coordinates":[[[174.7512848,-36.8244399],[174.7522926,-36.8244399],[174.7522926,-36.82361],[174.7512848,-36.82361],[174.7512848,-36.8244399]]]}},{"type":"Feature","id":"B0049","properties":{"z":"Z003","k":"residential","h":16.1,"dh":0.0,"td":0.0,"t0":0.0,"g":0,"cbd":0,"d":2.862},"geometry":{"type":"Polygon","coordinates":[[[174.7528357,-36.8244059],[174.754101,-36.8244059],[174.754101,-36.823644],[174.7528357,-36.823644],[174.7528357,-36.8244059]]]}},{"type":"Feature","id":"B0050","properties":{"z":"Z003","k":"residential","h":19.5,"dh":0.0,"td":0.0,"t0":0.0,"g":0,"cbd":0,"d":3.052},"geometry":{"type":"Polygon","coordinates":[[[174.7511711,-36.8231273],[174.7524063,-36.8231273],[174.7524063,-36.8222344],[174.7511711,-36.8222344],[174.7511711,-36.8231273]]]}},{"type":"Feature","id":"B0051","properties":{"z":"Z003","k":"park","h":0.0,"dh":0.0,"td":0.0,"t0":0.0,"g":0,"cbd":0,"d":3.005},"geometry":{"type":"Polygon","coordinates":[[[174.7528822,-36.8231421],[174.7540545,-36.8231421],[174.7540545,-36.8222196],[174.7528822,-36.8222196],[174.7528822,-36.8231421]]]}},{"type":"Feature","id":"B0052","properties":{"z":"Z003","k":"residential","h":11.5,"dh":0.0,"td":0.0,"t0":2.98,"g":0,"cbd":0,"d":2.795},"geometry":{"type":"Polygon","coordinates":[[[174.7557218,-36.8244666],[174.7568642,-36.8244666],[174.7568642,-36.8235833],[174.7557218,-36.8235833],[174.7557218,-36.8244666]]]}},{"type":"Feature","id":"B0053","properties":{"z":"Z003","k":"residential","h":10.7,"dh":0.0,"td":0.0,"t0":0.0,"g":0,"cbd":0,"d":2.766},"geometry":{"type":"Polygon","coordinates":[[[174.7573312,-36.8245415],[174.7586142,-36.8245415],[174.7586142,-36.8235084],[174.7573312,-36.8235084],[174.7573312,-36.8245415]]]}},{"type":"Feature","id":"B0054","properties":{"z":"Z003","k":"residential","h":11.7,"dh":0.0,"td":0.0,"t0":0.0,"g":0,"cbd":0,"d":2.941},"geometry":{"type":"Polygon","coordinates":[[[174.755791,-36.8230556],[174.7567951,-36.8230556],[174.7567951,-36.8223061],[174.755791,-36.8223061],[174.755791,-36.8230556]]]}},{"type":"Feature","id":"B0055","properties":{"z":"Z003","k":"residential","h":15.5,"dh":7.2,"td":0.0,"t0":0.0,"g":0,"cbd":0,"d":2.913},"geometry":{"type":"Polygon","coordinates":[[[174.7573316,-36.8230628],[174.7586138,-36.8230628],[174.7586138,-36.8222989],[174.7573316,-36.8222989],[174.7573316,-36.8230628]]]}},{"type":"Feature","id":"B0056","properties":{"z":"Z003","k":"residential","h":14.7,"dh":0.0,"td":0.3,"t0":0.0,"g":0,"cbd":0,"d":3.29},"geometry":{"type":"Polygon","coordinates":[[[174.7513113,-36.8208075],[174.7522661,-36.8208075],[174.7522661,-36.8200334],[174.7513113,-36.8200334],[174.7513113,-36.8208075]]]}},{"type":"Feature","id":"B0057","properties":{"z":"Z003","k":"park","h":0.0,"dh":0.0,"td":0.0,"t0":0.0,"g":0,"cbd":0,"d":3.246},"geometry":{"type":"Polygon","coordinates":[[[174.7528457,-36.820881],[174.754091,-36.820881],[174.754091,-36.8199599],[174.7528457,-36.8199599],[174.7528457,-36.820881]]]}},{"type":"Feature","id":"B0058","properties":{"z":"Z003","k":"residential","h":15.2,"dh":9.6,"td":0.0,"t0":0.0,"g":0,"cbd":0,"d":3.432},"geometry":{"type":"Polygon","coordinates":[[[174.7513115,-36.8195042],[174.7522659,-36.8195042],[174.7522659,-36.8186486],[174.7513115,-36.8186486],[174.7513115,-36.8195042]]]}},{"type":"Feature","id":"B0059","properties":{"z":"Z003","k":"residential","h":8.3,"dh":2.6,"td":0.0,"t0":0.0,"g":0,"cbd":0,"d":3.391},"geometry":{"type":"Polygon","coordinates":[[[174.7529223,-36.819508],[174.7540144,-36.819508],[174.7540144,-36.8186447],[174.7529223,-36.8186447],[174.7529223,-36.819508]]]}},{"type":"Feature","id":"B0060","properties":{"z":"Z003","k":"residential","h":13.6,"dh":0.0,"td":0.0,"t0":0.0,"g":0,"cbd":0,"d":3.188},"geometry":{"type":"Polygon","coordinates":[[[174.7556853,-36.8208183],[174.7569007,-36.8208183],[174.7569007,-36.8200227],[174.7556853,-36.8200227],[174.7556853,-36.8208183]]]}},{"type":"Feature","id":"B0061","properties":{"z":"Z003","k":"park","h":0.0,"dh":0.0,"td":0.0,"t0":0.0,"g":0,"cbd":0,"d":3.162},"geometry":{"type":"Polygon","coordinates":[[[174.7574502,-36.8208343],[174.7584952,-36.8208343],[174.7584952,-36.8200066],[174.7574502,-36.8200066],[174.7574502,-36.8208343]]]}},{"type":"Feature","id":"B0062","properties":{"z":"Z003","k":"residential","h":14.4,"dh":0.0,"td":0.0,"t0":1.45,"g":0,"cbd":0,"d":3.334},"geometry":{"type":"Polygon","coordinates":[[[174.7556734,-36.8195546],[174.7569127,-36.8195546],[174.7569127,-36.8185982],[174.7556734,-36.8185982],[174.7556734,-36.8195546]]]}},{"type":"Feature","id":"B0063","properties":{"z":"Z003","k":"residential","h":13.9,"dh":9.5,"td":1.4,"t0":0.0,"g":0,"cbd":0,"d":3.31},"geometry":{"type":"Polygon","coordinates":[[[174.7574657,-36.8194848],[174.7584796,-36.8194848],[174.7584796,-36.818668],[174.7574657,-36.818668],[174.7574657,-36.8194848]]]}},{"type":"Feature","id":"B0064","properties":{"z":"Z004","k":"residential","h":18.1,"dh":0.0,"td":2.3,"t0":0.0,"g":0,"cbd":0,"d":2.738},"geometry":{"type":"Polygon","coordinates":[[[174.7597515,-36.8245423],[174.7606645,-36.8245423],[174.7606645,-36.8235076],[174.7597515,-36.8235076],[174.7597515,-36.8245423]]]}},{"type":"Feature","id":"B0065","properties":{"z":"Z004","k":"park","h":0.0,"dh":0.0,"td":0.0,"t0":0.0,"g":0,"cbd":0,"d":2.727},"geometry":{"type":"Polygon","coordinates":[[[174.7612811,-36.824449],[174.7624942,-36.824449],[174.7624942,-36.8236009],[174.7612811,-36.8236009],[174.7612811,-36.824449]]]}},{"type":"Feature","id":"B0066","properties":{"z":"Z004","k":"park","h":0.0,"dh":0.0,"td":0.0,"t0":0.0,"g":0,"cbd":0,"d":2.887},"geometry":{"type":"Polygon","coordinates":[[[174.7596663,-36.8230434],[174.7607497,-36.8230434],[174.7607497,-36.8223183],[174.7596663,-36.8223183],[174.7596663,-36.8230434]]]}},{"type":"Feature","id":"B0067","properties":{"z":"Z004","k":"residential","h":16.4,"dh":0.0,"td":0.6,"t0":0.0,"g":0,"cbd":0,"d":2.877},"geometry":{"type":"Polygon","coordinates":[[[174.7614072,-36.8231169],[174.7623681,-36.8231169],[174.7623681,-36.8222448],[174.7614072,-36.8222448],[174.7614072,-36.8231169]]]}},{"type":"Feature","id":"B0068","properties":{"z":"Z004","k":"residential","h":9.5,"dh":0.0,"td":1.0,"t0":0.0,"g":0,"cbd":0,"d":2.727},"geometry":{"type":"Polygon","coordinates":[[[174.7641639,-36.8244706],[174.7652608,-36.8244706],[174.7652608,-36.8235793],[174.7641639,-36.8235793],[174.7641639,-36.8244706]]]}},{"type":"Feature","id":"B0069","properties":{"z":"Z004","k":"residential","h":16.8,"dh":0.0,"td":0.0,"t0":0.0,"g":0,"cbd":0,"d":2.738},"geometry":{"type":"Polygon","coordinates":[[[174.7659154,-36.8245253],[174.7668686,-36.8245253],[174.7668686,-36.8235246],[174.7659154,-36.8235246],[174.7659154,-36.8245253]]]}},{"type":"Feature","id":"B0070","properties":{"z":"Z004","k":"residential","h":22.9,"dh":0.0,"td":2.4,"t0":1.76,"g":0,"cbd":0,"d":2.877},"geometry":{"type":"Polygon","coordinates":[[[174.7642688,-36.8231036],[174.7651559,-36.8231036],[174.7651559,-36.8222581],[174.7642688,-36.8222581],[174.7642688,-36.8231036]]]}},{"type":"Feature","id":"B0071","properties":{"z":"Z004","k":"residential","h":10.0,"dh":0.0,"td":0.0,"t0":0.0,"g":0,"cbd":0,"d":2.887},"geometry":{"type":"Polygon","coordinates":[[[174.7657934,-36.8231571],[174.7669906,-36.8231571],[174.7669906,-36.8222046],[174.7657934,-36.8222046],[174.7657934,-36.8231571]]]}},{"type":"Feature","id":"B0072","properties":{"z":"Z004","k":"residential","h":20.6,"dh":0.0,"td":0.0,"t0":6.49,"g":0,"cbd":0,"d":3.138},"geometry":{"type":"Polygon","coordinates":[[[174.7596884,-36.8207895],[174.7607276,-36.8207895],[174.7607276,-36.8200514],[174.7596884,-36.8200514],[174.7596884,-36.8207895]]]}},{"type":"Feature","id":"B0073","properties":{"z":"Z004","k":"park","h":0.0,"dh":0.0,"td":0.0,"t0":0.0,"g":0,"cbd":0,"d":3.128},"geometry":{"type":"Polygon","coordinates":[[[174.7613708,-36.8208934],[174.7624045,-36.8208934],[174.7624045,-36.8199476],[174.7613708,-36.8199476],[174.7613708,-36.8208934]]]}},{"type":"Feature","id":"B0074","properties":{"z":"Z004","k":"residential","h":11.8,"dh":0.0,"td":0.6,"t0":0.0,"g":0,"cbd":0,"d":3.287},"geometry":{"type":"Polygon","coordinates":[[[174.7597496,-36.8195756],[174.7606664,-36.8195756],[174.7606664,-36.8185772],[174.7597496,-36.8185772],[174.7597496,-36.8195756]]]}},{"type":"Feature","id":"B0075","properties":{"z":"Z004","k":"residential","h":9.6,"dh":0.0,"td":0.0,"t0":0.0,"g":0,"cbd":0,"d":3.278},"geometry":{"type":"Polygon","coordinates":[[[174.7612998,-36.8195044],[174.7624756,-36.8195044],[174.7624756,-36.8186484],[174.7612998,-36.8186484],[174.7612998,-36.8195044]]]}},{"type":"Feature","id":"B0076","properties":{"z":"Z004","k":"residential","h":13.1,"dh":4.7,"td":0.7,"t0":0.0,"g":0,"cbd":0,"d":3.128},"geometry":{"type":"Polygon","coordinates":[[[174.7641077,-36.8207907],[174.765317,-36.8207907],[174.765317,-36.8200502],[174.7641077,-36.8200502],[174.7641077,-36.8207907]]]}},{"type":"Feature","id":"B0077","properties":{"z":"Z004","k":"residential","h":16.8,"dh":0.0,"td":0.0,"t0":0.0,"g":0,"cbd":0,"d":3.138},"geometry":{"type":"Polygon","coordinates":[[[174.7657953,-36.8208464],[174.7669887,-36.8208464],[174.7669887,-36.8199945],[174.7657953,-36.8199945],[174.7657953,-36.8208464]]]}},{"type":"Feature","id":"B0078","properties":{"z":"Z004","k":"residential","h":19.5,"dh":0.0,"td":0.0,"t0":0.0,"g":0,"cbd":0,"d":3.278},"geometry":{"type":"Polygon","coordinates":[[[174.7641322,-36.8195864],[174.7652925,-36.8195864],[174.7652925,-36.8185664],[174.7641322,-36.8185664],[174.7641322,-36.8195864]]]}},{"type":"Feature","id":"B0079","properties":{"z":"Z004","k":"residential","h":12.5,"dh":0.0,"td":0.0,"t0":0.0,"g":0,"cbd":0,"d":3.287},"geometry":{"type":"Polygon","coordinates":[[[174.7657865,-36.8195518],[174.7669975,-36.8195518],[174.7669975,-36.818601],[174.7657865,-36.818601],[174.7657865,-36.8195518]]]}},{"type":"Feature","id":"B0080","properties":{"z":"Z005","k":"park","h":0.0,"dh":0.0,"td":0.0,"t0":0.0,"g":0,"cbd":0,"d":2.766},"geometry":{"type":"Polygon","coordinates":[[[174.7679817,-36.8245399],[174.7692729,-36.8245399],[174.7692729,-36.82351],[174.7679817,-36.82351],[174.7679817,-36.8245399]]]}},{"type":"Feature","id":"B0081","properties":{"z":"Z005","k":"park","h":0.0,"dh":0.0,"td":0.0,"t0":0.0,"g":0,"cbd":0,"d":2.795},"geometry":{"type":"Polygon","coordinates":[[[174.7698421,-36.8244669],[174.7707718,-36.8244669],[174.7707718,-36.823583],[174.7698421,-36.823583],[174.7698421,-36.8244669]]]}},{"type":"Feature","id":"B0082","properties":{"z":"Z005","k":"residential","h":8.7,"dh":0.0,"td":0.4,"t0":0.0,"g":0,"cbd":0,"d":2.913},"geometry":{"type":"Polygon","coordinates":[[[174.7679772,-36.8231363],[174.7692774,-36.8231363],[174.7692774,-36.8222254],[174.7679772,-36.8222254],[174.7679772,-36.8231363]]]}},{"type":"Feature","id":"B0083","properties":{"z":"Z005","k":"residential","h":8.0,"dh":0.0,"td":0.0,"t0":0.0,"g":0,"cbd":0,"d":2.941},"geometry":{"type":"Polygon","coordinates":[[[174.7697649,-36.8230882],[174.7708491,-36.8230882],[174.7708491,-36.8222735],[174.7697649,-36.8222735],[174.7697649,-36.8230882]]]}},{"type":"Feature","id":"B0084","properties":{"z":"Z005","k":"park","h":0.0,"dh":0.0,"td":0.0,"t0":0.0,"g":0,"cbd":0,"d":2.862},"geometry":{"type":"Polygon","coordinates":[[[174.7724897,-36.8244157],[174.7737736,-36.8244157],[174.7737736,-36.8236342],[174.7724897,-36.8236342],[174.7724897,-36.8244157]]]}},{"type":"Feature","id":"B0085","properties":{"z":"Z005","k":"park","h":0.0,"dh":0.0,"td":0.0,"t0":0.0,"g":0,"cbd":0,"d":2.911},"geometry":{"type":"Polygon","coordinates":[[[174.7743515,-36.8244384],[174.7752711,-36.8244384],[174.7752711,-36.8236115],[174.7743515,-36.8236115],[174.7743515,-36.8244384]]]}},{"type":"Feature","id":"B0086","properties":{"z":"Z005","k":"park","h":0.0,"dh":0.0,"td":0.0,"t0":0.0,"g":0,"cbd":0,"d":3.005},"geometry":{"type":"Polygon","coordinates":[[[174.772508,-36.8231594],[174.7737553,-36.8231594],[174.7737553,-36.8222023],[174.772508,-36.8222023],[174.772508,-36.8231594]]]}},{"type":"Feature","id":"B0087","properties":{"z":"Z005","k":"park","h":0.0,"dh":0.0,"td":0.0,"t0":0.0,"g":0,"cbd":0,"d":3.052},"geometry":{"type":"Polygon","coordinates":[[[174.7743057,-36.8231825],[174.7753169,-36.8231825],[174.7753169,-36.8221792],[174.7743057,-36.8221792],[174.7743057,-36.8231825]]]}},{"type":"Feature","id":"B0088","properties":{"z":"Z005","k":"park","h":0.0,"dh":0.0,"td":0.0,"t0":0.0,"g":0,"cbd":0,"d":3.162},"geometry":{"type":"Polygon","coordinates":[[[174.7680857,-36.8208442],[174.769169,-36.8208442],[174.769169,-36.8199967],[174.7680857,-36.8199967],[174.7680857,-36.8208442]]]}},{"type":"Feature","id":"B0089","properties":{"z":"Z005","k":"park","h":0.0,"dh":0.0,"td":0.0,"t0":0.0,"g":0,"cbd":0,"d":3.188},"geometry":{"type":"Polygon","coordinates":[[[174.7697031,-36.8208412],[174.7709109,-36.8208412],[174.7709109,-36.8199997],[174.7697031,-36.8199997],[174.7697031,-36.8208412]]]}},{"type":"Feature","id":"B0090","properties":{"z":"Z005","k":"residential","h":7.5,"dh":0.0,"td":0.4,"t0":0.0,"g":0,"cbd":0,"d":3.31},"geometry":{"type":"Polygon","coordinates":[[[174.7680396,-36.8195204],[174.7692151,-36.8195204],[174.7692151,-36.8186324],[174.7680396,-36.8186324],[174.7680396,-36.8195204]]]}},{"type":"Feature","id":"B0091","properties":{"z":"Z005","k":"park","h":0.0,"dh":0.0,"td":0.0,"t0":0.0,"g":0,"cbd":0,"d":3.334},"geometry":{"type":"Polygon","coordinates":[[[174.7698026,-36.8195458],[174.7708113,-36.8195458],[174.7708113,-36.818607],[174.7698026,-36.818607],[174.7698026,-36.8195458]]]}},{"type":"Feature","id":"B0092","properties":{"z":"Z005","k":"park","h":0.0,"dh":0.0,"td":0.0,"t0":0.0,"g":0,"cbd":0,"d":3.246},"geometry":{"type":"Polygon","coordinates":[[[174.7725846,-36.8208291],[174.7736787,-36.8208291],[174.7736787,-36.8200119],[174.7725846,-36.8200119],[174.7725846,-36.8208291]]]}},{"type":"Feature","id":"B0093","properties":{"z":"Z005","k":"residential","h":7.0,"dh":0.0,"td":0.0,"t0":0.0,"g":0,"cbd":0,"d":3.29},"geometry":{"type":"Polygon","coordinates":[[[174.7742144,-36.8208303],[174.7754082,-36.8208303],[174.7754082,-36.8200107],[174.7742144,-36.8200107],[174.7742144,-36.8208303]]]}},{"type":"Feature","id":"B0094","properties":{"z":"Z005","k":"residential","h":7.0,"dh":0.0,"td":0.0,"t0":0.0,"g":0,"cbd":0,"d":3.391},"geometry":{"type":"Polygon","coordinates":[[[174.7725225,-36.8194647],[174.7737408,-36.8194647],[174.7737408,-36.8186881],[174.7725225,-36.8186881],[174.7725225,-36.8194647]]]}},{"type":"Feature","id":"B0095","properties":{"z":"Z005","k":"residential","h":7.0,"dh":0.0,"td":0.2,"t0":0.0,"g":0,"cbd":0,"d":3.432},"geometry":{"type":"Polygon","coordinates":[[[174.7742089,-36.81956],[174.7754137,-36.81956],[174.7754137,-36.8185928],[174.7742089,-36.8185928],[174.7742089,-36.81956]]]}},{"type":"Feature","id":"B0096","properties":{"z":"Z006","k":"park","h":0.0,"dh":0.0,"td":0.0,"t0":0.0,"g":0,"cbd":0,"d":2.987},"geometry":{"type":"Polygon","coordinates":[[[174.7765341,-36.8243882],[174.7775591,-36.8243882],[174.7775591,-36.8236617],[174.7765341,-36.8236617],[174.7765341,-36.8243882]]]}},{"type":"Feature","id":"B0097","properties":{"z":"Z006","k":"park","h":0.0,"dh":0.0,"td":0.0,"t0":0.0,"g":0,"cbd":0,"d":3.124},"geometry":{"type":"Polygon","coordinates":[[[174.776598,-36.8231776],[174.7774953,-36.8231776],[174.7774953,-36.8221841],[174.776598,-36.8221841],[174.776598,-36.8231776]]]}},{"type":"Feature","id":"B0098","properties":{"z":"Z006","k":"residential","h":7.0,"dh":0.0,"td":0.3,"t0":0.0,"g":0,"cbd":0,"d":3.252},"geometry":{"type":"Polygon","coordinates":[[[174.782732,-36.8243801],[174.7837292,-36.8243801],[174.7837292,-36.8236698],[174.782732,-36.8236698],[174.782732,-36.8243801]]]}},{"type":"Feature","id":"B0099","properties":{"z":"Z006","k":"park","h":0.0,"dh":0.0,"td":0.0,"t0":0.0,"g":0,"cbd":0,"d":3.357},"geometry":{"type":"Polygon","coordinates":[[[174.7763971,-36.8208944],[174.7776962,-36.8208944],[174.7776962,-36.8199465],[174.7763971,-36.8199465],[174.7763971,-36.8208944]]]}},{"type":"Feature","id":"B0100","properties":{"z":"Z006","k":"residential","h":7.0,"dh":0.0,"td":0.0,"t0":0.0,"g":0,"cbd":0,"d":3.415},"geometry":{"type":"Polygon","coordinates":[[[174.7782738,-36.8209203],[174.7791788,-36.8209203],[174.7791788,-36.8199207],[174.7782738,-36.8199207],[174.7782738,-36.8209203]]]}},{"type":"Feature","id":"B0101","properties":{"z":"Z006","k":"park","h":0.0,"dh":0.0,"td":0.0,"t0":0.0,"g":0,"cbd":0,"d":3.497},"geometry":{"type":"Polygon","coordinates":[[[174.7764067,-36.8195183],[174.7776866,-36.8195183],[174.7776866,-36.8186345],[174.7764067,-36.8186345],[174.7764067,-36.8195183]]]}},{"type":"Feature","id":"B0102","properties":{"z":"Z006","k":"park","h":0.0,"dh":0.0,"td":0.0,"t0":0.0,"g":0,"cbd":0,"d":3.552},"geometry":{"type":"Polygon","coordinates":[[[174.7782664,-36.8195647],[174.7791862,-36.8195647],[174.7791862,-36.8185881],[174.7782664,-36.8185881],[174.7782664,-36.8195647]]]}},{"type":"Feature","id":"B0103","properties":{"z":"Z007","k":"residential","h":9.0,"dh":0.0,"td":0.0,"t0":0.0,"g":0,"cbd":0,"d":3.365},"geometry":{"type":"Polygon","coordinates":[[[174.7850061,-36.8245027],[174.7859257,-36.8245027],[174.7859257,-36.8235472],[174.7850061,-36.8235472],[174.7850061,-36.8245027]]]}},{"type":"Feature","id":"B0104","properties":{"z":"Z007","k":"park","h":0.0,"dh":0.0,"td":0.0,"t0":0.0,"g":0,"cbd":0,"d":3.455},"geometry":{"type":"Polygon","coordinates":[[[174.7865497,-36.8244266],[174.7877415,-36.8244266],[174.7877415,-36.8236233],[174.7865497,-36.8236233],[174.7865497,-36.8244266]]]}},{"type":"Feature","id":"B0105","properties":{"z":"Z007","k":"residential","h":9.1,"dh":2.6,"td":0.0,"t0":0.0,"g":0,"cbd":0,"d":3.487},"geometry":{"type":"Polygon","coordinates":[[[174.7848728,-36.8232005],[174.7860591,-36.8232005],[174.7860591,-36.8221612],[174.7848728,-36.8221612],[174.7848728,-36.8232005]]]}},{"type":"Feature","id":"B0106","properties":{"z":"Z007","k":"park","h":0.0,"dh":0.0,"td":0.0,"t0":0.0,"g":0,"cbd":0,"d":3.574},"geometry":{"type":"Polygon","coordinates":[[[174.7866934,-36.8230432],[174.7875978,-36.8230432],[174.7875978,-36.8223185],[174.7866934,-36.8223185],[174.7866934,-36.8230432]]]}},{"type":"Feature","id":"B0107","properties":{"z":"Z007","k":"park","h":0.0,"dh":0.0,"td":0.0,"t0":0.0,"g":0,"cbd":0,"d":3.615},"geometry":{"type":"Polygon","coordinates":[[[174.7893721,-36.824474],[174.7905685,-36.824474],[174.7905685,-36.8235759],[174.7893721,-36.8235759],[174.7893721,-36.824474]]]}},{"type":"Feature","id":"B0108","properties":{"z":"Z007","k":"residential","h":8.0,"dh":0.0,"td":0.1,"t0":0.0,"g":0,"cbd":0,"d":3.715},"geometry":{"type":"Polygon","coordinates":[[[174.7911918,-36.8245149],[174.7921081,-36.8245149],[174.7921081,-36.823535],[174.7911918,-36.823535],[174.7911918,-36.8245149]]]}},{"type":"Feature","id":"B0109","properties":{"z":"Z007","k":"park","h":0.0,"dh":0.0,"td":0.0,"t0":0.0,"g":0,"cbd":0,"d":3.729},"geometry":{"type":"Polygon","coordinates":[[[174.789395,-36.8230716],[174.7905456,-36.8230716],[174.7905456,-36.8222901],[174.789395,-36.8222901],[174.789395,-36.8230716]]]}},{"type":"Feature","id":"B0110","properties":{"z":"Z007","k":"park","h":0.0,"dh":0.0,"td":0.0,"t0":0.0,"g":0,"cbd":0,"d":3.826},"geometry":{"type":"Polygon","coordinates":[[[174.7910406,-36.8230765],[174.7922592,-36.8230765],[174.7922592,-36.8222852],[174.7910406,-36.8222852],[174.7910406,-36.8230765]]]}},{"type":"Feature","id":"B0111","properties":{"z":"Z007","k":"park","h":0.0,"dh":0.0,"td":0.0,"t0":0.0,"g":0,"cbd":0,"d":3.697},"geometry":{"type":"Polygon","coordinates":[[[174.7848292,-36.8209351],[174.7861027,-36.8209351],[174.7861027,-36.8199058],[174.7848292,-36.8199058],[174.7848292,-36.8209351]]]}},{"type":"Feature","id":"B0112","properties":{"z":"Z007","k":"residential","h":9.5,"dh":4.3,"td":0.0,"t0":0.0,"g":0,"cbd":0,"d":3.779},"geometry":{"type":"Polygon","coordinates":[[[174.7865628,-36.8207785],[174.7877283,-36.8207785],[174.7877283,-36.8200625],[174.7865628,-36.8200625],[174.7865628,-36.8207785]]]}},{"type":"Feature","id":"B0113","properties":{"z":"Z007","k":"park","h":0.0,"dh":0.0,"td":0.0,"t0":0.0,"g":0,"cbd":0,"d":3.825},"geometry":{"type":"Polygon","coordinates":[[[174.7849083,-36.8195579],[174.7860236,-36.8195579],[174.7860236,-36.8185949],[174.7849083,-36.8185949],[174.7849083,-36.8195579]]]}},{"type":"Feature","id":"B0114","properties":{"z":"Z007","k":"residential","h":8.7,"dh":0.0,"td":0.1,"t0":0.0,"g":0,"cbd":0,"d":3.904},"geometry":{"type":"Polygon","coordinates":[[[174.7866238,-36.819485],[174.7876674,-36.819485],[174.7876674,-36.8186677],[174.7866238,-36.8186677],[174.7866238,-36.819485]]]}},{"type":"Feature","id":"B0115","properties":{"z":"Z007","k":"park","h":0.0,"dh":0.0,"td":0.0,"t0":0.0,"g":0,"cbd":0,"d":3.926},"geometry":{"type":"Polygon","coordinates":[[[174.7893973,-36.8208186],[174.7905433,-36.8208186],[174.7905433,-36.8200224],[174.7893973,-36.8200224],[174.7893973,-36.8208186]]]}},{"type":"Feature","id":"B0116","properties":{"z":"Z007","k":"park","h":0.0,"dh":0.0,"td":0.0,"t0":0.0,"g":0,"cbd":0,"d":4.019},"geometry":{"type":"Polygon","coordinates":[[[174.791051,-36.8209001],[174.7922489,-36.8209001],[174.7922489,-36.8199408],[174.791051,-36.8199408],[174.791051,-36.8209001]]]}},{"type":"Feature","id":"B0117","properties":{"z":"Z007","k":"park","h":0.0,"dh":0.0,"td":0.0,"t0":0.0,"g":0,"cbd":0,"d":4.046},"geometry":{"type":"Polygon","coordinates":[[[174.789503,-36.8195009],[174.7904375,-36.8195009],[174.7904375,-36.8186518],[174.789503,-36.8186518],[174.789503,-36.8195009]]]}},{"type":"Feature","id":"B0118","properties":{"z":"Z007","k":"park","h":0.0,"dh":0.0,"td":0.0,"t0":0.0,"g":0,"cbd":0,"d":4.136},"geometry":{"type":"Polygon","coordinates":[[[174.7910817,-36.8194323],[174.7922181,-36.8194323],[174.7922181,-36.8187204],[174.7910817,-36.8187204],[174.7910817,-36.8194323]]]}},{"type":"Feature","id":"B0119","properties":{"z":"Z008","k":"industrial","h":17.5,"dh":0.0,"td":0.0,"t0":0.0,"g":0,"cbd":0,"d":3.853},"geometry":{"type":"Polygon","coordinates":[[[174.793283,-36.8244114],[174.7944875,-36.8244114],[174.7944875,-36.8236385],[174.793283,-36.8236385],[174.793283,-36.8244114]]]}},{"type":"Feature","id":"B0120","properties":{"z":"Z008","k":"industrial","h":8.0,"dh":0.0,"td":0.0,"t0":0.0,"g":0,"cbd":0,"d":3.96},"geometry":{"type":"Polygon","coordinates":[[[174.7951039,-36.8245385],[174.7960259,-36.8245385],[174.7960259,-36.8235114],[174.7951039,-36.8235114],[174.7951039,-36.8245385]]]}},{"type":"Feature","id":"B0121","properties":{"z":"Z008","k":"industrial","h":9.5,"dh":4.8,"td":0.0,"t0":0.0,"g":0,"cbd":0,"d":3.96},"geometry":{"type":"Polygon","coordinates":[[[174.7933121,-36.8230577],[174.7944584,-36.8230577],[174.7944584,-36.822304],[174.7933121,-36.822304],[174.7933121,-36.8230577]]]}},{"type":"Feature","id":"B0122","properties":{"z":"Z008","k":"industrial","h":8.9,"dh":0.0,"td":0.0,"t0":0.0,"g":0,"cbd":0,"d":4.065},"geometry":{"type":"Polygon","coordinates":[[[174.7949598,-36.8231401],[174.79617,-36.8231401],[174.79617,-36.8222216],[174.7949598,-36.8222216],[174.7949598,-36.8231401]]]}},{"type":"Feature","id":"B0123","properties":{"z":"Z008","k":"industrial","h":10.1,"dh":0.0,"td":0.1,"t0":0.0,"g":0,"cbd":0,"d":4.147},"geometry":{"type":"Polygon","coordinates":[[[174.7978071,-36.8244329],[174.798972,-36.8244329],[174.798972,-36.823617],[174.7978071,-36.823617],[174.7978071,-36.8244329]]]}},{"type":"Feature","id":"B0124","properties":{"z":"Z008","k":"industrial","h":7.6,"dh":0.0,"td":0.0,"t0":0.0,"g":0,"cbd":0,"d":4.26},"geometry":{"type":"Polygon","coordinates":[[[174.7995009,-36.8244541],[174.8006376,-36.8244541],[174.8006376,-36.8235958],[174.7995009,-36.8235958],[174.7995009,-36.8244541]]]}},{"type":"Feature","id":"B0125","properties":{"z":"Z008","k":"industrial","h":10.5,"dh":0.0,"td":0.0,"t0":0.0,"g":0,"cbd":0,"d":4.246},"geometry":{"type":"Polygon","coordinates":[[[174.7979366,-36.8231494],[174.7988425,-36.8231494],[174.7988425,-36.8222123],[174.7979366,-36.8222123],[174.7979366,-36.8231494]]]}},{"type":"Feature","id":"B0126","properties":{"z":"Z008","k":"industrial","h":7.0,"dh":0.0,"td":0.0,"t0":0.0,"g":0,"cbd":0,"d":4.358},"geometry":{"type":"Polygon","coordinates":[[[174.7994599,-36.8230806],[174.8006786,-36.8230806],[174.8006786,-36.8222811],[174.7994599,-36.8222811],[174.7994599,-36.8230806]]]}},{"type":"Feature","id":"B0127","properties":{"z":"Z008","k":"industrial","h":7.0,"dh":0.0,"td":0.1,"t0":0.0,"g":0,"cbd":0,"d":4.147},"geometry":{"type":"Polygon","coordinates":[[[174.7934177,-36.8208644],[174.7943528,-36.8208644],[174.7943528,-36.8199765],[174.7934177,-36.8199765],[174.7934177,-36.8208644]]]}},{"type":"Feature","id":"B0128","properties":{"z":"Z008","k":"industrial","h":9.7,"dh":4.3,"td":0.0,"t0":0.0,"g":0,"cbd":0,"d":4.246},"geometry":{"type":"Polygon","coordinates":[[[174.7949915,-36.8208572],[174.7961383,-36.8208572],[174.7961383,-36.8199837],[174.7949915,-36.8199837],[174.7949915,-36.8208572]]]}},{"type":"Feature","id":"B0129","properties":{"z":"Z008","k":"industrial","h":16.9,"dh":11.9,"td":0.0,"t0":0.0,"g":0,"cbd":0,"d":4.26},"geometry":{"type":"Polygon","coordinates":[[[174.7934351,-36.819564],[174.7943354,-36.819564],[174.7943354,-36.8185888],[174.7934351,-36.8185888],[174.7934351,-36.819564]]]}},{"type":"Feature","id":"B0130","properties":{"z":"Z008","k":"industrial","h":8.4,"dh":0.0,"td":0.0,"t0":0.0,"g":0,"cbd":0,"d":4.358},"geometry":{"type":"Polygon","coordinates":[[[174.7951018,-36.8194939],[174.796028,-36.8194939],[174.796028,-36.8186588],[174.7951018,-36.8186588],[174.7951018,-36.8194939]]]}},{"type":"Feature","id":"B0131","properties":{"z":"Z008","k":"industrial","h":11.0,"dh":3.3,"td":0.0,"t0":0.0,"g":0,"cbd":0,"d":4.421},"geometry":{"type":"Polygon","coordinates":[[[174.797911,-36.8209104],[174.7988682,-36.8209104],[174.7988682,-36.8199305],[174.797911,-36.8199305],[174.797911,-36.8209104]]]}},{"type":"Feature","id":"B0132","properties":{"z":"Z008","k":"industrial","h":14.9,"dh":7.6,"td":0.0,"t0":0.0,"g":0,"cbd":0,"d":4.528},"geometry":{"type":"Polygon","coordinates":[[[174.7996047,-36.8209339],[174.8005338,-36.8209339],[174.8005338,-36.819907],[174.7996047,-36.819907],[174.7996047,-36.8209339]]]}},{"type":"Feature","id":"B0133","properties":{"z":"Z008","k":"industrial","h":13.0,"dh":0.0,"td":0.0,"t0":0.0,"g":0,"cbd":0,"d":4.528},"geometry":{"type":"Polygon","coordinates":[[[174.7978692,-36.8195459],[174.79891,-36.8195459],[174.79891,-36.8186068],[174.7978692,-36.8186068],[174.7978692,-36.8195459]]]}},{"type":"Feature","id":"B0134","properties":{"z":"Z008","k":"industrial","h":9.2,"dh":0.0,"td":0.0,"t0":0.0,"g":0,"cbd":0,"d":4.632},"geometry":{"type":"Polygon","coordinates":[[[174.7994239,-36.8194942],[174.8007145,-36.8194942],[174.8007145,-36.8186586],[174.7994239,-36.8186586],[174.7994239,-36.8194942]]]}},{"type":"Feature","id":"B0135","properties":{"z":"Z009","k":"park","h":0.0,"dh":0.0,"td":0.0,"t0":0.0,"g":0,"cbd":0,"d":3.825},"geometry":{"type":"Polygon","coordinates":[[[174.7259028,-36.8312613],[174.7271588,-36.8312613],[174.7271588,-36.8302633],[174.7259028,-36.8302633],[174.7259028,-36.8312613]]]}},{"type":"Feature","id":"B0136","properties":{"z":"Z009","k":"park","h":0.0,"dh":0.0,"td":0.0,"t0":0.0,"g":0,"cbd":0,"d":3.697},"geometry":{"type":"Polygon","coordinates":[[[174.7275793,-36.8312094],[174.7288416,-36.8312094],[174.7288416,-36.8303152],[174.7275793,-36.8303152],[174.7275793,-36.8312094]]]}},{"type":"Feature","id":"B0137","properties":{"z":"Z009","k":"park","h":0.0,"dh":0.0,"td":0.0,"t0":0.0,"g":0,"cbd":0,"d":3.904},"geometry":{"type":"Polygon","coordinates":[[[174.7258891,-36.8298331],[174.7271725,-36.8298331],[174.7271725,-36.8290033],[174.7258891,-36.8290033],[174.7258891,-36.8298331]]]}},{"type":"Feature","id":"B0138","properties":{"z":"Z009","k":"park","h":0.0,"dh":0.0,"td":0.0,"t0":0.0,"g":0,"cbd":0,"d":3.779},"geometry":{"type":"Polygon","coordinates":[[[174.727712,-36.8298097],[174.7287088,-36.8298097],[174.7287088,-36.8290267],[174.727712,-36.8290267],[174.727712,-36.8298097]]]}},{"type":"Feature","id":"B0139","properties":{"z":"Z009","k":"park","h":0.0,"dh":0.0,"td":0.0,"t0":0.0,"g":0,"cbd":0,"d":3.487},"geometry":{"type":"Polygon","coordinates":[[[174.7303962,-36.8311991],[174.731674,-36.8311991],[174.731674,-36.8303254],[174.7303962,-36.8303254],[174.7303962,-36.8311991]]]}},{"type":"Feature","id":"B0140","properties":{"z":"Z009","k":"residential","h":9.6,"dh":0.0,"td":0.0,"t0":0.0,"g":0,"cbd":0,"d":3.365},"geometry":{"type":"Polygon","coordinates":[[[174.7322613,-36.83126],[174.7331682,-36.83126],[174.7331682,-36.8302646],[174.7322613,-36.8302646],[174.7322613,-36.83126]]]}},{"type":"Feature","id":"B0141","properties":{"z":"Z009","k":"residential","h":7.0,"dh":2.5,"td":0.0,"t0":0.0,"g":0,"cbd":0,"d":3.574},"geometry":{"type":"Polygon","coordinates":[[[174.7304867,-36.8297801],[174.7315835,-36.8297801],[174.7315835,-36.8290563],[174.7304867,-36.8290563],[174.7304867,-36.8297801]]]}},{"type":"Feature","id":"B0142","properties":{"z":"Z009","k":"park","h":0.0,"dh":0.0,"td":0.0,"t0":0.0,"g":0,"cbd":0,"d":3.455},"geometry":{"type":"Polygon","coordinates":[[[174.7320975,-36.82979],[174.733332,-36.82979],[174.733332,-36.8290463],[174.7320975,-36.8290463],[174.7320975,-36.82979]]]}},{"type":"Feature","id":"B0143","properties":{"z":"Z009","k":"park","h":0.0,"dh":0.0,"td":0.0,"t0":0.0,"g":0,"cbd":0,"d":4.046},"geometry":{"type":"Polygon","coordinates":[[[174.7260494,-36.8276543],[174.7270122,-36.8276543],[174.7270122,-36.8266613],[174.7260494,-36.8266613],[174.7260494,-36.8276543]]]}},{"type":"Feature","id":"B0144","properties":{"z":"Z009","k":"park","h":0.0,"dh":0.0,"td":0.0,"t0":0.0,"g":0,"cbd":0,"d":3.926},"geometry":{"type":"Polygon","coordinates":[[[174.7277506,-36.8276436],[174.7286703,-36.8276436],[174.7286703,-36.826672],[174.7277506,-36.826672],[174.7277506,-36.8276436]]]}},{"type":"Feature","id":"B0145","properties":{"z":"Z009","k":"park","h":0.0,"dh":0.0,"td":0.0,"t0":0.0,"g":0,"cbd":0,"d":4.136},"geometry":{"type":"Polygon","coordinates":[[[174.7259853,-36.8262812],[174.7270762,-36.8262812],[174.7270762,-36.8253463],[174.7259853,-36.8253463],[174.7259853,-36.8262812]]]}},{"type":"Feature","id":"B0146","properties":{"z":"Z009","k":"residential","h":7.7,"dh":0.0,"td":0.1,"t0":0.0,"g":0,"cbd":0,"d":4.019},"geometry":{"type":"Polygon","coordinates":[[[174.727598,-36.8263073],[174.7288229,-36.8263073],[174.7288229,-36.8253201],[174.727598,-36.8253201],[174.727598,-36.8263073]]]}},{"type":"Feature","id":"B0147","properties":{"z":"Z009","k":"residential","h":7.0,"dh":5.2,"td":0.0,"t0":0.0,"g":0,"cbd":0,"d":3.729},"geometry":{"type":"Polygon","coordinates":[[[174.7305166,-36.8276185],[174.7315536,-36.8276185],[174.7315536,-36.8266971],[174.7305166,-36.8266971],[174.7305166,-36.8276185]]]}},{"type":"Feature","id":"B0148","properties":{"z":"Z009","k":"park","h":0.0,"dh":0.0,"td":0.0,"t0":0.0,"g":0,"cbd":0,"d":3.615},"geometry":{"type":"Polygon","coordinates":[[[174.7321462,-36.827546],[174.7332833,-36.827546],[174.7332833,-36.8267696],[174.7321462,-36.8267696],[174.7321462,-36.827546]]]}},{"type":"Feature","id":"B0149","properties":{"z":"Z009","k":"park","h":0.0,"dh":0.0,"td":0.0,"t0":0.0,"g":0,"cbd":0,"d":3.826},"geometry":{"type":"Polygon","coordinates":[[[174.7305899,-36.8262384],[174.7314803,-36.8262384],[174.7314803,-36.825389],[174.7305899,-36.825389],[174.7305899,-36.8262384]]]}},{"type":"Feature","id":"B0150","properties":{"z":"Z009","k":"park","h":0.0,"dh":0.0,"td":0.0,"t0":0.0,"g":0,"cbd":0,"d":3.715},"geometry":{"type":"Polygon","coordinates":[[[174.7322228,-36.8262608],[174.7332067,-36.8262608],[174.7332067,-36.8253667],[174.7322228,-36.8253667],[174.7322228,-36.8262608]]]}},{"type":"Feature","id":"B0151","properties":{"z":"Z010","k":"residential","h":10.7,"dh":0.0,"td":0.0,"t0":0.0,"g":0,"cbd":0,"d":3.206},"geometry":{"type":"Polygon","coordinates":[[[174.7344538,-36.8312745],[174.7354464,-36.8312745],[174.7354464,-36.83025],[174.7344538,-36.83025],[174.7344538,-36.8312745]]]}},{"type":"Feature","id":"B0152","properties":{"z":"Z010","k":"park","h":0.0,"dh":0.0,"td":0.0,"t0":0.0,"g":0,"cbd":0,"d":3.089},"geometry":{"type":"Polygon","coordinates":[[[174.7360443,-36.8312822],[174.7372152,-36.8312822],[174.7372152,-36.8302423],[174.7360443,-36.8302423],[174.7360443,-36.8312822]]]}},{"type":"Feature","id":"B0153","properties":{"z":"Z010","k":"residential","h":13.8,"dh":0.0,"td":0.0,"t0":0.0,"g":0,"cbd":0,"d":3.3},"geometry":{"type":"Polygon","coordinates":[[[174.7343308,-36.8298365],[174.7355693,-36.8298365],[174.7355693,-36.8289999],[174.7343308,-36.8289999],[174.7343308,-36.8298365]]]}},{"type":"Feature","id":"B0154","properties":{"z":"Z010","k":"residential","h":8.9,"dh":0.0,"td":0.0,"t0":0.0,"g":0,"cbd":0,"d":3.187},"geometry":{"type":"Polygon","coordinates":[[[174.7359842,-36.829938],[174.7372753,-36.829938],[174.7372753,-36.8288984],[174.7359842,-36.8288984],[174.7359842,-36.829938]]]}},{"type":"Feature","id":"B0155","properties":{"z":"Z010","k":"residential","h":9.3,"dh":1.9,"td":0.0,"t0":0.0,"g":0,"cbd":0,"d":2.9},"geometry":{"type":"Polygon","coordinates":[[[174.7388465,-36.8311793],[174.7400623,-36.8311793],[174.7400623,-36.8303453],[174.7388465,-36.8303453],[174.7388465,-36.8311793]]]}},{"type":"Feature","id":"B0156","properties":{"z":"Z010","k":"residential","h":11.0,"dh":0.0,"td":0.0,"t0":0.0,"g":0,"cbd":0,"d":2.792},"geometry":{"type":"Polygon","coordinates":[[[174.7406642,-36.8311531],[174.741604,-36.8311531],[174.741604,-36.8303715],[174.7406642,-36.8303715],[174.7406642,-36.8311531]]]}},{"type":"Feature","id":"B0157","properties":{"z":"Z010","k":"residential","h":16.7,"dh":7.8,"td":0.0,"t0":0.0,"g":0,"cbd":0,"d":3.004},"geometry":{"type":"Polygon","coordinates":[[[174.7389378,-36.829865],[174.739971,-36.829865],[174.739971,-36.8289714],[174.7389378,-36.8289714],[174.7389378,-36.829865]]]}},{"type":"Feature","id":"B0158","properties":{"z":"Z010","k":"residential","h":7.8,"dh":2.1,"td":0.0,"t0":0.0,"g":0,"cbd":0,"d":2.9},"geometry":{"type":"Polygon","coordinates":[[[174.7405331,-36.8299288],[174.741735,-36.8299288],[174.741735,-36.8289076],[174.7405331,-36.8289076],[174.7405331,-36.8299288]]]}},{"type":"Feature","id":"B0159","properties":{"z":"Z010","k":"residential","h":9.7,"dh":6.6,"td":0.0,"t0":0.0,"g":0,"cbd":0,"d":3.467},"geometry":{"type":"Polygon","coordinates":[[[174.7344048,-36.8275719],[174.7354954,-36.8275719],[174.7354954,-36.8267438],[174.7344048,-36.8267438],[174.7344048,-36.8275719]]]}},{"type":"Feature","id":"B0160","properties":{"z":"Z010","k":"residential","h":16.7,"dh":0.0,"td":0.4,"t0":0.0,"g":0,"cbd":0,"d":3.36},"geometry":{"type":"Polygon","coordinates":[[[174.7361276,-36.827677],[174.7371319,-36.827677],[174.7371319,-36.8266386],[174.7361276,-36.8266386],[174.7361276,-36.827677]]]}},{"type":"Feature","id":"B0161","properties":{"z":"Z010","k":"residential","h":16.7,"dh":0.0,"td":0.5,"t0":0.0,"g":0,"cbd":0,"d":3.572},"geometry":{"type":"Polygon","coordinates":[[[174.734348,-36.8263275],[174.7355522,-36.8263275],[174.7355522,-36.8252999],[174.734348,-36.8252999],[174.734348,-36.8263275]]]}},{"type":"Feature","id":"B0162","properties":{"z":"Z010","k":"residential","h":10.8,"dh":0.0,"td":0.0,"t0":0.0,"g":0,"cbd":0,"d":3.467},"geometry":{"type":"Polygon","coordinates":[[[174.7360698,-36.8262035],[174.7371897,-36.8262035],[174.7371897,-36.825424],[174.7360698,-36.825424],[174.7360698,-36.8262035]]]}},{"type":"Feature","id":"B0163","properties":{"z":"Z010","k":"residential","h":16.7,"dh":0.0,"td":0.0,"t0":0.0,"g":0,"cbd":0,"d":3.187},"geometry":{"type":"Polygon","coordinates":[[[174.7388074,-36.827635],[174.7401014,-36.827635],[174.7401014,-36.8266807],[174.7388074,-36.8266807],[174.7388074,-36.827635]]]}},{"type":"Feature","id":"B0164","properties":{"z":"Z010","k":"residential","h":15.4,"dh":0.0,"td":0.0,"t0":0.0,"g":0,"cbd":0,"d":3.089},"geometry":{"type":"Polygon","coordinates":[[[174.7405519,-36.8276385],[174.7417162,-36.8276385],[174.7417162,-36.8266771],[174.7405519,-36.8266771],[174.7405519,-36.8276385]]]}},{"type":"Feature","id":"B0165","properties":{"z":"Z010","k":"residential","h":12.9,"dh":0.0,"td":0.6,"t0":0.0,"g":0,"cbd":0,"d":3.3},"geometry":{"type":"Polygon","coordinates":[[[174.738978,-36.8262185],[174.7399308,-36.8262185],[174.7399308,-36.8254089],[174.738978,-36.8254089],[174.738978,-36.8262185]]]}},{"type":"Feature","id":"B0166","properties":{"z":"Z010","k":"park","h":0.0,"dh":0.0,"td":0.0,"t0":0.0,"g":0,"cbd":0,"d":3.206},"geometry":{"type":"Polygon","coordinates":[[[174.7405,-36.8261832],[174.7417681,-36.8261832],[174.7417681,-36.8254442],[174.7405,-36.8254442],[174.7405,-36.8261832]]]}},{"type":"Feature","id":"B0167","properties":{"z":"Z011","k":"residential","h":20.1,"dh":0.0,"td":0.0,"t0":1.31,"g":0,"cbd":0,"d":2.655},"geometry":{"type":"Polygon","coordinates":[[[174.7427248,-36.8312649],[174.744014,-36.8312649],[174.744014,-36.8302597],[174.7427248,-36.8302597],[174.7427248,-36.8312649]]]}},{"type":"Feature","id":"B0168","properties":{"z":"Z011","k":"park","h":0.0,"dh":0.0,"td":0.0,"t0":0.0,"g":0,"cbd":0,"d":2.558},"geometry":{"type":"Polygon","coordinates":[[[174.7445431,-36.8311606],[174.745555,-36.8311606],[174.745555,-36.830364],[174.7445431,-36.830364],[174.7445431,-36.8311606]]]}},{"type":"Feature","id":"B0169","properties":{"z":"Z011","k":"residential","h":18.1,"dh":0.0,"td":0.0,"t0":0.0,"g":0,"cbd":0,"d":2.768},"geometry":{"type":"Polygon","coordinates":[[[174.7428414,-36.8298783],[174.7438974,-36.8298783],[174.7438974,-36.8289581],[174.7428414,-36.8289581],[174.7428414,-36.8298783]]]}},{"type":"Feature","id":"B0170","properties":{"z":"Z011","k":"residential","h":9.2,"dh":0.0,"td":0.0,"t0":0.0,"g":0,"cbd":0,"d":2.675},"geometry":{"type":"Polygon","coordinates":[[[174.7445942,-36.8299207],[174.7455038,-36.8299207],[174.7455038,-36.8289157],[174.7445942,-36.8289157],[174.7445942,-36.8299207]]]}},{"type":"Feature","id":"B0171","properties":{"z":"Z011","k":"residential","h":9.6,"dh":0.0,"td":1.1,"t0":0.0,"g":0,"cbd":0,"d":2.406},"geometry":{"type":"Polygon","coordinates":[[[174.7473943,-36.831178],[174.7483532,-36.831178],[174.7483532,-36.8303466],[174.7473943,-36.8303466],[174.7473943,-36.831178]]]}},{"type":"Feature","id":"B0172","properties":{"z":"Z011","k":"residential","h":18.4,"dh":0.0,"td":0.0,"t0":0.0,"g":0,"cbd":0,"d":2.323},"geometry":{"type":"Polygon","coordinates":[[[174.7489076,-36.83124],[174.7501992,-36.83124],[174.7501992,-36.8302845],[174.7489076,-36.8302845],[174.7489076,-36.83124]]]}},{"type":"Feature","id":"B0173","properties":{"z":"Z011","k":"park","h":0.0,"dh":0.0,"td":0.0,"t0":0.0,"g":0,"cbd":0,"d":2.53},"geometry":{"type":"Polygon","coordinates":[[[174.7473997,-36.8298361],[174.7483477,-36.8298361],[174.7483477,-36.8290003],[174.7473997,-36.8290003],[174.7473997,-36.8298361]]]}},{"type":"Feature","id":"B0174","properties":{"z":"Z011","k":"residential","h":12.8,"dh":0.0,"td":0.0,"t0":0.0,"g":0,"cbd":0,"d":2.452},"geometry":{"type":"Polygon","coordinates":[[[174.7489887,-36.8298662],[174.7501181,-36.8298662],[174.7501181,-36.8289702],[174.7489887,-36.8289702],[174.7489887,-36.8298662]]]}},{"type":"Feature","id":"B0175","properties":{"z":"Z011","k":"residential","h":7.6,"dh":0.0,"td":0.5,"t0":0.0,"g":0,"cbd":0,"d":2.966},"geometry":{"type":"Polygon","coordinates":[[[174.7427381,-36.8275424],[174.7440007,-36.8275424],[174.7440007,-36.8267733],[174.7427381,-36.8267733],[174.7427381,-36.8275424]]]}},{"type":"Feature","id":"B0176","properties":{"z":"Z011","k":"residential","h":13.8,"dh":0.0,"td":0.0,"t0":0.0,"g":0,"cbd":0,"d":2.879},"geometry":{"type":"Polygon","coordinates":[[[174.7445006,-36.8275462],[174.7455975,-36.8275462],[174.7455975,-36.8267694],[174.7445006,-36.8267694],[174.7445006,-36.8275462]]]}},{"type":"Feature","id":"B0177","properties":{"z":"Z011","k":"residential","h":13.7,"dh":8.6,"td":0.0,"t0":0.0,"g":0,"cbd":0,"d":3.087},"geometry":{"type":"Polygon","coordinates":[[[174.7427779,-36.8262984],[174.7439608,-36.8262984],[174.7439608,-36.825329],[174.7427779,-36.825329],[174.7427779,-36.8262984]]]}},{"type":"Feature","id":"B0178","properties":{"z":"Z011","k":"residential","h":12.6,"dh":8.6,"td":0.9,"t0":0.0,"g":0,"cbd":0,"d":3.004},"geometry":{"type":"Polygon","coordinates":[[[174.7445617,-36.82623],[174.7455364,-36.82623],[174.7455364,-36.8253974],[174.7445617,-36.8253974],[174.7445617,-36.82623]]]}},{"type":"Feature","id":"B0179","properties":{"z":"Z011","k":"residential","h":12.5,"dh":0.0,"td":0.0,"t0":0.0,"g":0,"cbd":0,"d":2.745},"geometry":{"type":"Polygon","coordinates":[[[174.747278,-36.8275289],[174.7484694,-36.8275289],[174.7484694,-36.8267867],[174.747278,-36.8267867],[174.747278,-36.8275289]]]}},{"type":"Feature","id":"B0180","properties":{"z":"Z011","k":"residential","h":12.3,"dh":0.0,"td":0.0,"t0":0.0,"g":0,"cbd":0,"d":2.673},"geometry":{"type":"Polygon","coordinates":[[[174.7490593,-36.8275534],[174.7500474,-36.8275534],[174.7500474,-36.8267622],[174.7490593,-36.8267622],[174.7490593,-36.8275534]]]}},{"type":"Feature","id":"B0181","properties":{"z":"Z011","k":"residential","h":17.3,"dh":0.0,"td":0.0,"t0":0.0,"g":0,"cbd":0,"d":2.875},"geometry":{"type":"Polygon","coordinates":[[[174.7473771,-36.8263059],[174.7483704,-36.8263059],[174.7483704,-36.8253215],[174.7473771,-36.8253215],[174.7473771,-36.8263059]]]}},{"type":"Feature","id":"B0182","properties":{"z":"Z011","k":"residential","h":16.5,"dh":4.9,"td":1.7,"t0":0.0,"g":0,"cbd":0,"d":2.807},"geometry":{"type":"Polygon","coordinates":[[[174.7489525,-36.8263023],[174.7501543,-36.8263023],[174.7501543,-36.8253252],[174.7489525,-36.8253252],[174.7489525,-36.8263023]]]}},{"type":"Feature","id":"B0183","properties":{"z":"Z012","k":"residential","h":22.9,"dh":0.0,"td":3.1,"t0":0.0,"g":0,"cbd":0,"d":2.225},"geometry":{"type":"Polygon","coordinates":[[[174.7511718,-36.8312282],[174.7524055,-36.8312282],[174.7524055,-36.8302963],[174.7511718,-36.8302963],[174.7511718,-36.8312282]]]}},{"type":"Feature","id":"B0184","properties":{"z":"Z012","k":"residential","h":15.6,"dh":4.3,"td":0.0,"t0":0.0,"g":0,"cbd":0,"d":2.16},"geometry":{"type":"Polygon","coordinates":[[[174.7530217,-36.831151],[174.753915,-36.831151],[174.753915,-36.8303736],[174.7530217,-36.8303736],[174.7530217,-36.831151]]]}},{"type":"Feature","id":"B0185","properties":{"z":"Z012","k":"residential","h":17.9,"dh":0.0,"td":2.6,"t0":0.0,"g":0,"cbd":0,"d":2.359},"geometry":{"type":"Polygon","coordinates":[[[174.7511456,-36.8298724],[174.7524318,-36.8298724],[174.7524318,-36.828964],[174.7511456,-36.828964],[174.7511456,-36.8298724]]]}},{"type":"Feature","id":"B0186","properties":{"z":"Z012","k":"residential","h":14.6,"dh":0.0,"td":2.5,"t0":0.0,"g":0,"cbd":0,"d":2.298},"geometry":{"type":"Polygon","coordinates":[[[174.7529019,-36.8298158],[174.7540348,-36.8298158],[174.7540348,-36.8290206],[174.7529019,-36.8290206],[174.7529019,-36.8298158]]]}},{"type":"Feature","id":"B0187","properties":{"z":"Z012","k":"residential","h":22.9,"dh":0.0,"td":4.6,"t0":0.0,"g":0,"cbd":0,"d":2.071},"geometry":{"type":"Polygon","coordinates":[[[174.7558249,-36.8311544],[174.7567611,-36.8311544],[174.7567611,-36.8303702],[174.7558249,-36.8303702],[174.7558249,-36.8311544]]]}},{"type":"Feature","id":"B0188","properties":{"z":"Z012","k":"residential","h":21.2,"dh":0.0,"td":0.0,"t0":0.0,"g":0,"cbd":0,"d":2.031},"geometry":{"type":"Polygon","coordinates":[[[174.7573428,-36.8312131],[174.7586026,-36.8312131],[174.7586026,-36.8303115],[174.7573428,-36.8303115],[174.7573428,-36.8312131]]]}},{"type":"Feature","id":"B0189","properties":{"z":"Z012","k":"residential","h":22.3,"dh":0.0,"td":0.0,"t0":0.0,"g":0,"cbd":0,"d":2.214},"geometry":{"type":"Polygon","coordinates":[[[174.7557715,-36.8298707],[174.7568146,-36.8298707],[174.7568146,-36.8289657],[174.7557715,-36.8289657],[174.7557715,-36.8298707]]]}},{"type":"Feature","id":"B0190","properties":{"z":"Z012","k":"park","h":0.0,"dh":0.0,"td":0.0,"t0":0.0,"g":0,"cbd":0,"d":2.177},"geometry":{"type":"Polygon","coordinates":[[[174.7574239,-36.8297771],[174.7585215,-36.8297771],[174.7585215,-36.8290593],[174.7574239,-36.8290593],[174.7574239,-36.8297771]]]}},{"type":"Feature","id":"B0191","properties":{"z":"Z012","k":"residential","h":20.1,"dh":0.0,"td":0.0,"t0":0.0,"g":0,"cbd":0,"d":2.588},"geometry":{"type":"Polygon","coordinates":[[[174.751251,-36.8276514],[174.7523264,-36.8276514],[174.7523264,-36.8266642],[174.751251,-36.8266642],[174.751251,-36.8276514]]]}},{"type":"Feature","id":"B0192","properties":{"z":"Z012","k":"residential","h":18.8,"dh":0.0,"td":2.5,"t0":0.0,"g":0,"cbd":0,"d":2.532},"geometry":{"type":"Polygon","coordinates":[[[174.7529666,-36.8275933],[174.7539701,-36.8275933],[174.7539701,-36.8267223],[174.7529666,-36.8267223],[174.7529666,-36.8275933]]]}},{"type":"Feature","id":"B0193","properties":{"z":"Z012","k":"park","h":0.0,"dh":0.0,"td":0.0,"t0":0.0,"g":0,"cbd":0,"d":2.726},"geometry":{"type":"Polygon","coordinates":[[[174.7512198,-36.8262077],[174.7523576,-36.8262077],[174.7523576,-36.8254197],[174.7512198,-36.8254197],[174.7512198,-36.8262077]]]}},{"type":"Feature","id":"B0194","properties":{"z":"Z012","k":"park","h":0.0,"dh":0.0,"td":0.0,"t0":0.0,"g":0,"cbd":0,"d":2.673},"geometry":{"type":"Polygon","coordinates":[[[174.7530219,-36.8262751],[174.7539148,-36.8262751],[174.7539148,-36.8253523],[174.7530219,-36.8253523],[174.7530219,-36.8262751]]]}},{"type":"Feature","id":"B0195","properties":{"z":"Z012","k":"park","h":0.0,"dh":0.0,"td":0.0,"t0":0.0,"g":0,"cbd":0,"d":2.456},"geometry":{"type":"Polygon","coordinates":[[[174.7556996,-36.8276119],[174.7568864,-36.8276119],[174.7568864,-36.8267037],[174.7556996,-36.8267037],[174.7556996,-36.8276119]]]}},{"type":"Feature","id":"B0196","properties":{"z":"Z012","k":"residential","h":12.9,"dh":0.0,"td":0.0,"t0":0.0,"g":0,"cbd":0,"d":2.423},"geometry":{"type":"Polygon","coordinates":[[[174.7574091,-36.8276085],[174.7585362,-36.8276085],[174.7585362,-36.8267072],[174.7574091,-36.8267072],[174.7574091,-36.8276085]]]}},{"type":"Feature","id":"B0197","properties":{"z":"Z012","k":"residential","h":13.0,"dh":0.0,"td":0.0,"t0":0.0,"g":0,"cbd":0,"d":2.601},"geometry":{"type":"Polygon","coordinates":[[[174.7557519,-36.8262977],[174.7568341,-36.8262977],[174.7568341,-36.8253297],[174.7557519,-36.8253297],[174.7557519,-36.8262977]]]}},{"type":"Feature","id":"B0198","properties":{"z":"Z012","k":"residential","h":10.9,"dh":0.0,"td":0.0,"t0":0.0,"g":0,"cbd":0,"d":2.57},"geometry":{"type":"Polygon","coordinates":[[[174.7574538,-36.8262563],[174.7584916,-36.8262563],[174.7584916,-36.8253711],[174.7574538,-36.8253711],[174.7574538,-36.8262563]]]}},{"type":"Feature","id":"B0199","properties":{"z":"Z013","k":"residential","h":19.0,"dh":0.0,"td":0.0,"t0":0.0,"g":0,"cbd":0,"d":1.994},"geometry":{"type":"Polygon","coordinates":[[[174.7597267,-36.8312051],[174.7606893,-36.8312051],[174.7606893,-36.8303195],[174.7597267,-36.8303195],[174.7597267,-36.8312051]]]}},{"type":"Feature","id":"B0200","properties":{"z":"Z013","k":"residential","h":22.2,"dh":0.0,"td":3.4,"t0":6.41,"g":0,"cbd":0,"d":1.979},"geometry":{"type":"Polygon","coordinates":[[[174.7612928,-36.8312203],[174.7624825,-36.8312203],[174.7624825,-36.8303043],[174.7612928,-36.8303043],[174.7612928,-36.8312203]]]}},{"type":"Feature","id":"B0201","properties":{"z":"Z013","k":"residential","h":19.1,"dh":0.0,"td":4.2,"t0":0.0,"g":0,"cbd":0,"d":2.142},"geometry":{"type":"Polygon","coordinates":[[[174.7596571,-36.8298675],[174.7607589,-36.8298675],[174.7607589,-36.8289689],[174.7596571,-36.8289689],[174.7596571,-36.8298675]]]}},{"type":"Feature","id":"B0202","properties":{"z":"Z013","k":"park","h":0.0,"dh":0.0,"td":0.0,"t0":0.0,"g":0,"cbd":0,"d":2.128},"geometry":{"type":"Polygon","coordinates":[[[174.7614249,-36.8298087],[174.7623504,-36.8298087],[174.7623504,-36.8290277],[174.7614249,-36.8290277],[174.7614249,-36.8298087]]]}},{"type":"Feature","id":"B0203","properties":{"z":"Z013","k":"park","h":0.0,"dh":0.0,"td":0.0,"t0":0.0,"g":0,"cbd":0,"d":1.979},"geometry":{"type":"Polygon","coordinates":[[[174.7642342,-36.8311777],[174.7651905,-36.8311777],[174.7651905,-36.8303468],[174.7642342,-36.8303468],[174.7642342,-36.8311777]]]}},{"type":"Feature","id":"B0204","properties":{"z":"Z013","k":"residential","h":14.1,"dh":0.0,"td":0.0,"t0":0.0,"g":0,"cbd":0,"d":1.994},"geometry":{"type":"Polygon","coordinates":[[[174.7657442,-36.831125],[174.7670398,-36.831125],[174.7670398,-36.8303996],[174.7657442,-36.8303996],[174.7657442,-36.831125]]]}},{"type":"Feature","id":"B0205","properties":{"z":"Z013","k":"residential","h":21.2,"dh":0.0,"td":0.0,"t0":0.0,"g":0,"cbd":0,"d":2.128},"geometry":{"type":"Polygon","coordinates":[[[174.7641339,-36.8299132],[174.7652908,-36.8299132],[174.7652908,-36.8289232],[174.7641339,-36.8289232],[174.7641339,-36.8299132]]]}},{"type":"Feature","id":"B0206","properties":{"z":"Z013","k":"residential","h":21.8,"dh":0.0,"td":0.0,"t0":0.0,"g":0,"cbd":0,"d":2.142},"geometry":{"type":"Polygon","coordinates":[[[174.7658801,-36.8297905],[174.7669039,-36.8297905],[174.7669039,-36.8290459],[174.7658801,-36.8290459],[174.7658801,-36.8297905]]]}},{"type":"Feature","id":"B0207","properties":{"z":"Z013","k":"residential","h":11.9,"dh":0.0,"td":1.5,"t0":0.0,"g":0,"cbd":0,"d":2.392},"geometry":{"type":"Polygon","coordinates":[[[174.7596486,-36.827532],[174.7607674,-36.827532],[174.7607674,-36.8267837],[174.7596486,-36.8267837],[174.7596486,-36.827532]]]}},{"type":"Feature","id":"B0208","properties":{"z":"Z013","k":"residential","h":22.7,"dh":0.0,"td":0.0,"t0":7.31,"g":0,"cbd":0,"d":2.379},"geometry":{"type":"Polygon","coordinates":[[[174.7612674,-36.8275967],[174.7625079,-36.8275967],[174.7625079,-36.8267189],[174.7612674,-36.8267189],[174.7612674,-36.8275967]]]}},{"type":"Feature","id":"B0209","properties":{"z":"Z013","k":"residential","h":13.5,"dh":0.0,"td":0.0,"t0":0.0,"g":0,"cbd":0,"d":2.54},"geometry":{"type":"Polygon","coordinates":[[[174.7596955,-36.8261948],[174.7607205,-36.8261948],[174.7607205,-36.8254326],[174.7596955,-36.8254326],[174.7596955,-36.8261948]]]}},{"type":"Feature","id":"B0210","properties":{"z":"Z013","k":"residential","h":20.2,"dh":0.0,"td":0.0,"t0":0.0,"g":0,"cbd":0,"d":2.529},"geometry":{"type":"Polygon","coordinates":[[[174.7612434,-36.826233],[174.7625319,-36.826233],[174.7625319,-36.8253944],[174.7612434,-36.8253944],[174.7612434,-36.826233]]]}},{"type":"Feature","id":"B0211","properties":{"z":"Z013","k":"residential","h":16.8,"dh":0.0,"td":0.0,"t0":0.0,"g":0,"cbd":0,"d":2.379},"geometry":{"type":"Polygon","coordinates":[[[174.7642479,-36.8276725],[174.7651768,-36.8276725],[174.7651768,-36.8266432],[174.7642479,-36.8266432],[174.7642479,-36.8276725]]]}},{"type":"Feature","id":"B0212","properties":{"z":"Z013","k":"residential","h":14.2,"dh":0.0,"td":2.4,"t0":0.0,"g":0,"cbd":0,"d":2.392},"geometry":{"type":"Polygon","coordinates":[[[174.7658506,-36.8275505],[174.7669334,-36.8275505],[174.7669334,-36.8267651],[174.7658506,-36.8267651],[174.7658506,-36.8275505]]]}},{"type":"Feature","id":"B0213","properties":{"z":"Z013","k":"residential","h":14.6,"dh":0.0,"td":1.3,"t0":0.0,"g":0,"cbd":0,"d":2.529},"geometry":{"type":"Polygon","coordinates":[[[174.7641457,-36.8262506],[174.765279,-36.8262506],[174.765279,-36.8253768],[174.7641457,-36.8253768],[174.7641457,-36.8262506]]]}},{"type":"Feature","id":"B0214","properties":{"z":"Z013","k":"residential","h":18.2,"dh":0.0,"td":0.0,"t0":0.0,"g":0,"cbd":0,"d":2.54},"geometry":{"type":"Polygon","coordinates":[[[174.7658037,-36.8262369],[174.7669802,-36.8262369],[174.7669802,-36.8253905],[174.7658037,-36.8253905],[174.7658037,-36.8262369]]]}},{"type":"Feature","id":"B0215","properties":{"z":"Z014","k":"park","h":0.0,"dh":0.0,"td":0.0,"t0":0.0,"g":0,"cbd":0,"d":2.031},"geometry":{"type":"Polygon","coordinates":[[[174.7679875,-36.8312328],[174.7692672,-36.8312328],[174.7692672,-36.8302918],[174.7679875,-36.8302918],[174.7679875,-36.8312328]]]}},{"type":"Feature","id":"B0216","properties":{"z":"Z014","k":"residential","h":19.8,"dh":0.0,"td":0.0,"t0":0.0,"g":0,"cbd":0,"d":2.071},"geometry":{"type":"Polygon","coordinates":[[[174.7696961,-36.83113],[174.7709178,-36.83113],[174.7709178,-36.8303946],[174.7696961,-36.8303946],[174.7696961,-36.83113]]]}},{"type":"Feature","id":"B0217","properties":{"z":"Z014","k":"residential","h":19.1,"dh":0.0,"td":0.0,"t0":0.0,"g":0,"cbd":0,"d":2.177},"geometry":{"type":"Polygon","coordinates":[[[174.7681068,-36.8298232],[174.7691478,-36.8298232],[174.7691478,-36.8290132],[174.7681068,-36.8290132],[174.7681068,-36.8298232]]]}},{"type":"Feature","id":"B0218","properties":{"z":"Z014","k":"park","h":0.0,"dh":0.0,"td":0.0,"t0":0.0,"g":0,"cbd":0,"d":2.214},"geometry":{"type":"Polygon","coordinates":[[[174.7696778,-36.8299084],[174.7709361,-36.8299084],[174.7709361,-36.8289279],[174.7696778,-36.8289279],[174.7696778,-36.8299084]]]}},{"type":"Feature","id":"B0219","properties":{"z":"Z014","k":"residential","h":14.6,"dh":0.0,"td":1.9,"t0":0.0,"g":0,"cbd":0,"d":2.16},"geometry":{"type":"Polygon","coordinates":[[[174.7726417,-36.8311312],[174.7736216,-36.8311312],[174.7736216,-36.8303933],[174.7726417,-36.8303933],[174.7726417,-36.8311312]]]}},{"type":"Feature","id":"B0220","properties":{"z":"Z014","k":"residential","h":16.2,"dh":0.0,"td":0.0,"t0":1.89,"g":0,"cbd":0,"d":2.298},"geometry":{"type":"Polygon","coordinates":[[[174.7725706,-36.8298322],[174.7736927,-36.8298322],[174.7736927,-36.8290042],[174.7725706,-36.8290042],[174.7725706,-36.8298322]]]}},{"type":"Feature","id":"B0221","properties":{"z":"Z014","k":"residential","h":20.8,"dh":0.0,"td":3.0,"t0":0.0,"g":0,"cbd":0,"d":2.423},"geometry":{"type":"Polygon","coordinates":[[[174.7679801,-36.827614],[174.7692745,-36.827614],[174.7692745,-36.8267016],[174.7679801,-36.8267016],[174.7679801,-36.827614]]]}},{"type":"Feature","id":"B0222","properties":{"z":"Z014","k":"park","h":0.0,"dh":0.0,"td":0.0,"t0":0.0,"g":0,"cbd":0,"d":2.456},"geometry":{"type":"Polygon","coordinates":[[[174.7697007,-36.8276529],[174.7709132,-36.8276529],[174.7709132,-36.8266627],[174.7697007,-36.8266627],[174.7697007,-36.8276529]]]}},{"type":"Feature","id":"B0223","properties":{"z":"Z014","k":"park","h":0.0,"dh":0.0,"td":0.0,"t0":0.0,"g":0,"cbd":0,"d":2.57},"geometry":{"type":"Polygon","coordinates":[[[174.7679782,-36.8262208],[174.7692765,-36.8262208],[174.7692765,-36.8254066],[174.7679782,-36.8254066],[174.7679782,-36.8262208]]]}},{"type":"Feature","id":"B0224","properties":{"z":"Z014","k":"residential","h":9.6,"dh":0.0,"td":0.0,"t0":0.0,"g":0,"cbd":0,"d":2.601},"geometry":{"type":"Polygon","coordinates":[[[174.7698567,-36.8263194],[174.7707572,-36.8263194],[174.7707572,-36.825308],[174.7698567,-36.825308],[174.7698567,-36.8263194]]]}},{"type":"Feature","id":"B0225","properties":{"z":"Z014","k":"residential","h":17.3,"dh":9.1,"td":0.0,"t0":0.0,"g":0,"cbd":0,"d":2.532},"geometry":{"type":"Polygon","coordinates":[[[174.7725203,-36.8276698],[174.773743,-36.8276698],[174.773743,-36.8266459],[174.7725203,-36.8266459],[174.7725203,-36.8276698]]]}},{"type":"Feature","id":"B0226","properties":{"z":"Z014","k":"residential","h":32.7,"dh":0.0,"td":0.0,"t0":1.11,"g":0,"cbd":0,"d":2.588},"geometry":{"type":"Polygon","coordinates":[[[174.7742564,-36.8275237],[174.7753662,-36.8275237],[174.7753662,-36.8267919],[174.7742564,-36.8267919],[174.7742564,-36.8275237]]]}},{"type":"Feature","id":"B0227","properties":{"z":"Z014","k":"residential","h":9.9,"dh":3.7,"td":0.0,"t0":0.0,"g":0,"cbd":0,"d":2.673},"geometry":{"type":"Polygon","coordinates":[[[174.772498,-36.8262825],[174.7737653,-36.8262825],[174.7737653,-36.8253449],[174.772498,-36.8253449],[174.772498,-36.8262825]]]}},{"type":"Feature","id":"B0228","properties":{"z":"Z014","k":"park","h":0.0,"dh":0.0,"td":0.0,"t0":0.0,"g":0,"cbd":0,"d":2.726},"geometry":{"type":"Polygon","coordinates":[[[174.7742519,-36.8262219],[174.7753707,-36.8262219],[174.7753707,-36.8254055],[174.7742519,-36.8254055],[174.7742519,-36.8262219]]]}},{"type":"Feature","id":"B0229","properties":{"z":"Z015","k":"residential","h":8.7,"dh":0.0,"td":1.0,"t0":0.0,"g":0,"cbd":0,"d":2.558},"geometry":{"type":"Polygon","coordinates":[[[174.7810631,-36.8311887],[174.7820388,-36.8311887],[174.7820388,-36.8303359],[174.7810631,-36.8303359],[174.7810631,-36.8311887]]]}},{"type":"Feature","id":"B0230","properties":{"z":"Z015","k":"residential","h":11.8,"dh":0.0,"td":0.0,"t0":0.0,"g":0,"cbd":0,"d":2.655},"geometry":{"type":"Polygon","coordinates":[[[174.7827827,-36.8311449],[174.7836786,-36.8311449],[174.7836786,-36.8303796],[174.7827827,-36.8303796],[174.7827827,-36.8311449]]]}},{"type":"Feature","id":"B0231","properties":{"z":"Z015","k":"residential","h":11.4,"dh":0.0,"td":0.0,"t0":0.0,"g":0,"cbd":0,"d":2.675},"geometry":{"type":"Polygon","coordinates":[[[174.7810253,-36.8297901],[174.7820766,-36.8297901],[174.7820766,-36.8290463],[174.7810253,-36.8290463],[174.7810253,-36.8297901]]]}},{"type":"Feature","id":"B0232","properties":{"z":"Z015","k":"park","h":0.0,"dh":0.0,"td":0.0,"t0":0.0,"g":0,"cbd":0,"d":2.768},"geometry":{"type":"Polygon","coordinates":[[[174.7827493,-36.8297915],[174.783712,-36.8297915],[174.783712,-36.8290448],[174.7827493,-36.8290448],[174.7827493,-36.8297915]]]}},{"type":"Feature","id":"B0233","properties":{"z":"Z015","k":"park","h":0.0,"dh":0.0,"td":0.0,"t0":0.0,"g":0,"cbd":0,"d":2.879},"geometry":{"type":"Polygon","coordinates":[[[174.7810898,-36.8276207],[174.7820121,-36.8276207],[174.7820121,-36.826695],[174.7810898,-36.826695],[174.7810898,-36.8276207]]]}},{"type":"Feature","id":"B0234","properties":{"z":"Z015","k":"residential","h":16.9,"dh":0.0,"td":0.0,"t0":0.0,"g":0,"cbd":0,"d":2.966},"geometry":{"type":"Polygon","coordinates":[[[174.782695,-36.8275461],[174.7837662,-36.8275461],[174.7837662,-36.8267696],[174.782695,-36.8267696],[174.782695,-36.8275461]]]}},{"type":"Feature","id":"B0235","properties":{"z":"Z015","k":"residential","h":13.3,"dh":0.0,"td":0.8,"t0":0.0,"g":0,"cbd":0,"d":3.087},"geometry":{"type":"Polygon","coordinates":[[[174.7826332,-36.8262096],[174.7838281,-36.8262096],[174.7838281,-36.8254178],[174.7826332,-36.8254178],[174.7826332,-36.8262096]]]}},{"type":"Feature","id":"B0236","properties":{"z":"Z016","k":"residential","h":13.7,"dh":0.0,"td":1.3,"t0":0.0,"g":0,"cbd":0,"d":2.792},"geometry":{"type":"Polygon","coordinates":[[[174.7850013,-36.831136],[174.7859305,-36.831136],[174.7859305,-36.8303885],[174.7850013,-36.8303885],[174.7850013,-36.831136]]]}},{"type":"Feature","id":"B0237","properties":{"z":"Z016","k":"residential","h":19.3,"dh":0.0,"td":1.5,"t0":8.48,"g":0,"cbd":0,"d":2.9},"geometry":{"type":"Polygon","coordinates":[[[174.7865705,-36.8311891],[174.7877207,-36.8311891],[174.7877207,-36.8303355],[174.7865705,-36.8303355],[174.7865705,-36.8311891]]]}},{"type":"Feature","id":"B0238","properties":{"z":"Z016","k":"residential","h":22.6,"dh":0.0,"td":0.0,"t0":1.25,"g":0,"cbd":0,"d":2.9},"geometry":{"type":"Polygon","coordinates":[[[174.7849787,-36.8299126],[174.7859532,-36.8299126],[174.7859532,-36.8289238],[174.7849787,-36.8289238],[174.7849787,-36.8299126]]]}},{"type":"Feature","id":"B0239","properties":{"z":"Z016","k":"residential","h":17.3,"dh":0.0,"td":0.0,"t0":0.0,"g":0,"cbd":0,"d":3.004},"geometry":{"type":"Polygon","coordinates":[[[174.7865961,-36.8298446],[174.7876951,-36.8298446],[174.7876951,-36.8289918],[174.7865961,-36.8289918],[174.7865961,-36.8298446]]]}},{"type":"Feature","id":"B0240","properties":{"z":"Z016","k":"park","h":0.0,"dh":0.0,"td":0.0,"t0":0.0,"g":0,"cbd":0,"d":3.089},"geometry":{"type":"Polygon","coordinates":[[[174.7895194,-36.8312405],[174.7904211,-36.8312405],[174.7904211,-36.8302841],[174.7895194,-36.8302841],[174.7895194,-36.8312405]]]}},{"type":"Feature","id":"B0241","properties":{"z":"Z016","k":"park","h":0.0,"dh":0.0,"td":0.0,"t0":0.0,"g":0,"cbd":0,"d":3.206},"geometry":{"type":"Polygon","coordinates":[[[174.7910414,-36.8312526],[174.7922585,-36.8312526],[174.7922585,-36.8302719],[174.7910414,-36.8302719],[174.7910414,-36.8312526]]]}},{"type":"Feature","id":"B0242","properties":{"z":"Z016","k":"residential","h":13.2,"dh":6.7,"td":0.0,"t0":0.0,"g":0,"cbd":0,"d":3.187},"geometry":{"type":"Polygon","coordinates":[[[174.7893307,-36.8298462],[174.7906099,-36.8298462],[174.7906099,-36.8289902],[174.7893307,-36.8289902],[174.7893307,-36.8298462]]]}},{"type":"Feature","id":"B0243","properties":{"z":"Z016","k":"residential","h":14.5,"dh":0.0,"td":0.0,"t0":0.0,"g":0,"cbd":0,"d":3.3},"geometry":{"type":"Polygon","coordinates":[[[174.7910246,-36.8297796],[174.7922753,-36.8297796],[174.7922753,-36.8290567],[174.7910246,-36.8290567],[174.7910246,-36.8297796]]]}},{"type":"Feature","id":"B0244","properties":{"z":"Z016","k":"residential","h":26.8,"dh":0.0,"td":0.0,"t0":2.92,"g":0,"cbd":0,"d":3.089},"geometry":{"type":"Polygon","coordinates":[[[174.7849085,-36.8276516],[174.7860233,-36.8276516],[174.7860233,-36.826664],[174.7849085,-36.826664],[174.7849085,-36.8276516]]]}},{"type":"Feature","id":"B0245","properties":{"z":"Z016","k":"park","h":0.0,"dh":0.0,"td":0.0,"t0":0.0,"g":0,"cbd":0,"d":3.187},"geometry":{"type":"Polygon","coordinates":[[[174.7866826,-36.8275395],[174.7876086,-36.8275395],[174.7876086,-36.8267761],[174.7866826,-36.8267761],[174.7866826,-36.8275395]]]}},{"type":"Feature","id":"B0246","properties":{"z":"Z016","k":"residential","h":19.7,"dh":0.0,"td":0.0,"t0":0.0,"g":0,"cbd":0,"d":3.206},"geometry":{"type":"Polygon","coordinates":[[[174.7849785,-36.8262165],[174.7859534,-36.8262165],[174.7859534,-36.8254109],[174.7849785,-36.8254109],[174.7849785,-36.8262165]]]}},{"type":"Feature","id":"B0247","properties":{"z":"Z016","k":"residential","h":16.9,"dh":0.0,"td":0.7,"t0":0.0,"g":0,"cbd":0,"d":3.3},"geometry":{"type":"Polygon","coordinates":[[[174.7866355,-36.8262845],[174.7876557,-36.8262845],[174.7876557,-36.8253429],[174.7866355,-36.8253429],[174.7866355,-36.8262845]]]}},{"type":"Feature","id":"B0248","properties":{"z":"Z016","k":"park","h":0.0,"dh":0.0,"td":0.0,"t0":0.0,"g":0,"cbd":0,"d":3.36},"geometry":{"type":"Polygon","coordinates":[[[174.789355,-36.8276386],[174.7905855,-36.8276386],[174.7905855,-36.826677],[174.789355,-36.826677],[174.789355,-36.8276386]]]}},{"type":"Feature","id":"B0249","properties":{"z":"Z016","k":"residential","h":9.9,"dh":0.0,"td":0.0,"t0":0.0,"g":0,"cbd":0,"d":3.467},"geometry":{"type":"Polygon","coordinates":[[[174.79114,-36.827676],[174.7921599,-36.827676],[174.7921599,-36.8266396],[174.79114,-36.8266396],[174.79114,-36.827676]]]}},{"type":"Feature","id":"B0250","properties":{"z":"Z016","k":"park","h":0.0,"dh":0.0,"td":0.0,"t0":0.0,"g":0,"cbd":0,"d":3.467},"geometry":{"type":"Polygon","coordinates":[[[174.7894994,-36.8261869],[174.7904411,-36.8261869],[174.7904411,-36.8254406],[174.7894994,-36.8254406],[174.7894994,-36.8261869]]]}},{"type":"Feature","id":"B0251","properties":{"z":"Z016","k":"residential","h":17.9,"dh":0.0,"td":0.0,"t0":0.0,"g":0,"cbd":0,"d":3.572},"geometry":{"type":"Polygon","coordinates":[[[174.7910923,-36.8263179],[174.7922075,-36.8263179],[174.7922075,-36.8253095],[174.7910923,-36.8253095],[174.7910923,-36.8263179]]]}},{"type":"Feature","id":"B0252","properties":{"z":"Z017","k":"industrial","h":9.1,"dh":0.0,"td":0.5,"t0":0.0,"g":0,"cbd":0,"d":3.365},"geometry":{"type":"Polygon","coordinates":[[[174.7933339,-36.8311786],[174.7944366,-36.8311786],[174.7944366,-36.830346],[174.7933339,-36.830346],[174.7933339,-36.8311786]]]}},{"type":"Feature","id":"B0253","properties":{"z":"Z017","k":"industrial","h":9.6,"dh":0.0,"td":0.0,"t0":0.0,"g":0,"cbd":0,"d":3.487},"geometry":{"type":"Polygon","coordinates":[[[174.7949699,-36.8312144],[174.7961599,-36.8312144],[174.7961599,-36.8303102],[174.7949699,-36.8303102],[174.7949699,-36.8312144]]]}},{"type":"Feature","id":"B0254","properties":{"z":"Z017","k":"park","h":0.0,"dh":0.0,"td":0.0,"t0":0.0,"g":0,"cbd":0,"d":3.455},"geometry":{"type":"Polygon","coordinates":[[[174.7933009,-36.8297889],[174.7944696,-36.8297889],[174.7944696,-36.8290474],[174.7933009,-36.8290474],[174.7933009,-36.8297889]]]}},{"type":"Feature","id":"B0255","properties":{"z":"Z017","k":"industrial","h":13.9,"dh":0.0,"td":0.2,"t0":0.0,"g":0,"cbd":0,"d":3.574},"geometry":{"type":"Polygon","coordinates":[[[174.7951172,-36.829929],[174.7960126,-36.829929],[174.7960126,-36.8289073],[174.7951172,-36.8289073],[174.7951172,-36.829929]]]}},{"type":"Feature","id":"B0256","properties":{"z":"Z017","k":"industrial","h":16.7,"dh":0.0,"td":0.4,"t0":0.0,"g":0,"cbd":0,"d":3.697},"geometry":{"type":"Polygon","coordinates":[[[174.7978148,-36.8311185],[174.7989644,-36.8311185],[174.7989644,-36.8304061],[174.7978148,-36.8304061],[174.7978148,-36.8311185]]]}},{"type":"Feature","id":"B0257","properties":{"z":"Z017","k":"park","h":0.0,"dh":0.0,"td":0.0,"t0":0.0,"g":0,"cbd":0,"d":3.825},"geometry":{"type":"Polygon","coordinates":[[[174.7994798,-36.8311205],[174.8006586,-36.8311205],[174.8006586,-36.830404],[174.7994798,-36.830404],[174.7994798,-36.8311205]]]}},{"type":"Feature","id":"B0258","properties":{"z":"Z017","k":"industrial","h":7.0,"dh":0.0,"td":0.0,"t0":0.0,"g":0,"cbd":0,"d":3.779},"geometry":{"type":"Polygon","coordinates":[[[174.7979064,-36.829882],[174.7988728,-36.829882],[174.7988728,-36.8289544],[174.7979064,-36.8289544],[174.7979064,-36.829882]]]}},{"type":"Feature","id":"B0259","properties":{"z":"Z017","k":"industrial","h":8.2,"dh":0.0,"td":0.1,"t0":0.0,"g":0,"cbd":0,"d":3.904},"geometry":{"type":"Polygon","coordinates":[[[174.7996077,-36.8299023],[174.8005307,-36.8299023],[174.8005307,-36.8289341],[174.7996077,-36.8289341],[174.7996077,-36.8299023]]]}},{"type":"Feature","id":"B0260","properties":{"z":"Z017","k":"industrial","h":9.6,"dh":0.0,"td":0.0,"t0":0.0,"g":0,"cbd":0,"d":3.615},"geometry":{"type":"Polygon","coordinates":[[[174.7932532,-36.8275773],[174.7945173,-36.8275773],[174.7945173,-36.8267383],[174.7932532,-36.8267383],[174.7932532,-36.8275773]]]}},{"type":"Feature","id":"B0261","properties":{"z":"Z017","k":"park","h":0.0,"dh":0.0,"td":0.0,"t0":0.0,"g":0,"cbd":0,"d":3.729},"geometry":{"type":"Polygon","coordinates":[[[174.7950353,-36.8276446],[174.7960945,-36.8276446],[174.7960945,-36.826671],[174.7950353,-36.826671],[174.7950353,-36.8276446]]]}},{"type":"Feature","id":"B0262","properties":{"z":"Z017","k":"industrial","h":7.3,"dh":0.0,"td":0.0,"t0":0.0,"g":0,"cbd":0,"d":3.715},"geometry":{"type":"Polygon","coordinates":[[[174.7933867,-36.8262664],[174.7943838,-36.8262664],[174.7943838,-36.825361],[174.7933867,-36.825361],[174.7933867,-36.8262664]]]}},{"type":"Feature","id":"B0263","properties":{"z":"Z017","k":"industrial","h":11.8,"dh":0.0,"td":0.0,"t0":0.0,"g":0,"cbd":0,"d":3.826},"geometry":{"type":"Polygon","coordinates":[[[174.7950167,-36.8263314],[174.7961131,-36.8263314],[174.7961131,-36.825296],[174.7950167,-36.825296],[174.7950167,-36.8263314]]]}},{"type":"Feature","id":"B0264","properties":{"z":"Z017","k":"industrial","h":13.1,"dh":0.0,"td":0.0,"t0":0.0,"g":0,"cbd":0,"d":3.926},"geometry":{"type":"Polygon","coordinates":[[[174.7978154,-36.827651],[174.7989638,-36.827651],[174.7989638,-36.8266646],[174.7978154,-36.8266646],[174.7978154,-36.827651]]]}},{"type":"Feature","id":"B0265","properties":{"z":"Z017","k":"industrial","h":16.1,"dh":0.0,"td":0.0,"t0":0.0,"g":0,"cbd":0,"d":4.046},"geometry":{"type":"Polygon","coordinates":[[[174.7994441,-36.8275598],[174.8006944,-36.8275598],[174.8006944,-36.8267558],[174.7994441,-36.8267558],[174.7994441,-36.8275598]]]}},{"type":"Feature","id":"B0266","properties":{"z":"Z017","k":"industrial","h":12.0,"dh":0.0,"td":0.2,"t0":0.0,"g":0,"cbd":0,"d":4.019},"geometry":{"type":"Polygon","coordinates":[[[174.7977521,-36.8261895],[174.7990271,-36.8261895],[174.7990271,-36.8254379],[174.7977521,-36.8254379],[174.7977521,-36.8261895]]]}},{"type":"Feature","id":"B0267","properties":{"z":"Z017","k":"park","h":0.0,"dh":0.0,"td":0.0,"t0":0.0,"g":0,"cbd":0,"d":4.136},"geometry":{"type":"Polygon","coordinates":[[[174.7994654,-36.8263038],[174.8006731,-36.8263038],[174.8006731,-36.8253236],[174.7994654,-36.8253236],[174.7994654,-36.8263038]]]}},{"type":"Feature","id":"B0268","properties":{"z":"Z018","k":"park","h":0.0,"dh":0.0,"td":0.0,"t0":0.0,"g":0,"cbd":0,"d":3.497},"geometry":{"type":"Polygon","coordinates":[[[174.7259324,-36.8378846],[174.7271291,-36.8378846],[174.7271291,-36.8371146],[174.7259324,-36.8371146],[174.7259324,-36.8378846]]]}},{"type":"Feature","id":"B0269","properties":{"z":"Z018","k":"industrial","h":7.0,"dh":0.0,"td":0.0,"t0":0.0,"g":0,"cbd":0,"d":3.357},"geometry":{"type":"Polygon","coordinates":[[[174.7275802,-36.8379042],[174.7288406,-36.8379042],[174.7288406,-36.8370951],[174.7275802,-36.8370951],[174.7275802,-36.8379042]]]}},{"type":"Feature","id":"B0270","properties":{"z":"Z018","k":"industrial","h":7.2,"dh":0.0,"td":0.1,"t0":0.0,"g":0,"cbd":0,"d":3.552},"geometry":{"type":"Polygon","coordinates":[[[174.7259019,-36.8365318],[174.7271596,-36.8365318],[174.7271596,-36.8357792],[174.7259019,-36.8357792],[174.7259019,-36.8365318]]]}},{"type":"Feature","id":"B0271","properties":{"z":"Z018","k":"industrial","h":16.1,"dh":0.0,"td":0.7,"t0":0.0,"g":0,"cbd":0,"d":3.415},"geometry":{"type":"Polygon","coordinates":[[[174.7276442,-36.8366531],[174.7287766,-36.8366531],[174.7287766,-36.8356579],[174.7276442,-36.8356579],[174.7276442,-36.8366531]]]}},{"type":"Feature","id":"B0272","properties":{"z":"Z018","k":"industrial","h":15.9,"dh":0.0,"td":0.0,"t0":0.0,"g":0,"cbd":0,"d":3.124},"geometry":{"type":"Polygon","coordinates":[[[174.7305789,-36.8379555],[174.7314913,-36.8379555],[174.7314913,-36.8370437],[174.7305789,-36.8370437],[174.7305789,-36.8379555]]]}},{"type":"Feature","id":"B0273","properties":{"z":"Z018","k":"industrial","h":11.5,"dh":0.0,"td":0.0,"t0":0.0,"g":0,"cbd":0,"d":2.987},"geometry":{"type":"Polygon","coordinates":[[[174.7321346,-36.8379801],[174.7332949,-36.8379801],[174.7332949,-36.8370192],[174.7321346,-36.8370192],[174.7321346,-36.8379801]]]}},{"type":"Feature","id":"B0274","properties":{"z":"Z018","k":"industrial","h":17.2,"dh":0.0,"td":0.0,"t0":0.0,"g":0,"cbd":0,"d":3.186},"geometry":{"type":"Polygon","coordinates":[[[174.7305603,-36.8366669],[174.7315099,-36.8366669],[174.7315099,-36.8356441],[174.7305603,-36.8356441],[174.7305603,-36.8366669]]]}},{"type":"Feature","id":"B0275","properties":{"z":"Z018","k":"park","h":0.0,"dh":0.0,"td":0.0,"t0":0.0,"g":0,"cbd":0,"d":3.051},"geometry":{"type":"Polygon","coordinates":[[[174.73214,-36.8365879],[174.7332895,-36.8365879],[174.7332895,-36.8357231],[174.73214,-36.8357231],[174.73214,-36.8365879]]]}},{"type":"Feature","id":"B0276","properties":{"z":"Z018","k":"park","h":0.0,"dh":0.0,"td":0.0,"t0":0.0,"g":0,"cbd":0,"d":3.657},"geometry":{"type":"Polygon","coordinates":[[[174.7259702,-36.8343318],[174.7270913,-36.8343318],[174.7270913,-36.8334584],[174.7259702,-36.8334584],[174.7259702,-36.8343318]]]}},{"type":"Feature","id":"B0277","properties":{"z":"Z018","k":"industrial","h":16.9,"dh":0.0,"td":0.0,"t0":0.0,"g":0,"cbd":0,"d":3.523},"geometry":{"type":"Polygon","coordinates":[[[174.7275891,-36.8342549],[174.7288317,-36.8342549],[174.7288317,-36.8335354],[174.7275891,-36.8335354],[174.7275891,-36.8342549]]]}},{"type":"Feature","id":"B0278","properties":{"z":"Z018","k":"industrial","h":14.1,"dh":0.0,"td":0.0,"t0":0.0,"g":0,"cbd":0,"d":3.726},"geometry":{"type":"Polygon","coordinates":[[[174.7258877,-36.8329651],[174.7271738,-36.8329651],[174.7271738,-36.832137],[174.7258877,-36.832137],[174.7258877,-36.8329651]]]}},{"type":"Feature","id":"B0279","properties":{"z":"Z018","k":"industrial","h":17.0,"dh":0.0,"td":0.5,"t0":0.0,"g":0,"cbd":0,"d":3.595},"geometry":{"type":"Polygon","coordinates":[[[174.7276121,-36.8329852],[174.7288087,-36.8329852],[174.7288087,-36.8321169],[174.7276121,-36.8321169],[174.7276121,-36.8329852]]]}},{"type":"Feature","id":"B0280","properties":{"z":"Z018","k":"industrial","h":11.8,"dh":2.7,"td":0.5,"t0":0.0,"g":0,"cbd":0,"d":3.302},"geometry":{"type":"Polygon","coordinates":[[[174.7305827,-36.8343304],[174.7314875,-36.8343304],[174.7314875,-36.8334599],[174.7305827,-36.8334599],[174.7305827,-36.8343304]]]}},{"type":"Feature","id":"B0281","properties":{"z":"Z018","k":"park","h":0.0,"dh":0.0,"td":0.0,"t0":0.0,"g":0,"cbd":0,"d":3.173},"geometry":{"type":"Polygon","coordinates":[[[174.7321243,-36.8343751],[174.7333053,-36.8343751],[174.7333053,-36.8334152],[174.7321243,-36.8334152],[174.7321243,-36.8343751]]]}},{"type":"Feature","id":"B0282","properties":{"z":"Z018","k":"industrial","h":12.9,"dh":0.0,"td":0.0,"t0":0.0,"g":0,"cbd":0,"d":3.378},"geometry":{"type":"Polygon","coordinates":[[[174.730498,-36.8329323],[174.7315722,-36.8329323],[174.7315722,-36.8321698],[174.730498,-36.8321698],[174.730498,-36.8329323]]]}},{"type":"Feature","id":"B0283","properties":{"z":"Z018","k":"industrial","h":10.1,"dh":0.0,"td":0.0,"t0":0.0,"g":0,"cbd":0,"d":3.252},"geometry":{"type":"Polygon","coordinates":[[[174.732178,-36.8329699],[174.7332515,-36.8329699],[174.7332515,-36.8321322],[174.732178,-36.8321322],[174.732178,-36.8329699]]]}},{"type":"Feature","id":"B0284","properties":{"z":"Z019","k":"residential","h":18.5,"dh":0.0,"td":2.2,"t0":0.0,"g":0,"cbd":0,"d":2.807},"geometry":{"type":"Polygon","coordinates":[[[174.7344211,-36.8380179],[174.7354791,-36.8380179],[174.7354791,-36.8369813],[174.7344211,-36.8369813],[174.7344211,-36.8380179]]]}},{"type":"Feature","id":"B0285","properties":{"z":"Z019","k":"park","h":0.0,"dh":0.0,"td":0.0,"t0":0.0,"g":0,"cbd":0,"d":2.673},"geometry":{"type":"Polygon","coordinates":[[[174.7360407,-36.8378921],[174.7372187,-36.8378921],[174.7372187,-36.8371072],[174.7360407,-36.8371072],[174.7360407,-36.8378921]]]}},{"type":"Feature","id":"B0286","properties":{"z":"Z019","k":"residential","h":8.4,"dh":0.0,"td":0.4,"t0":0.0,"g":0,"cbd":0,"d":2.875},"geometry":{"type":"Polygon","coordinates":[[[174.7343138,-36.8365315],[174.7355864,-36.8365315],[174.7355864,-36.8357795],[174.7343138,-36.8357795],[174.7343138,-36.8365315]]]}},{"type":"Feature","id":"B0287","properties":{"z":"Z019","k":"park","h":0.0,"dh":0.0,"td":0.0,"t0":0.0,"g":0,"cbd":0,"d":2.745},"geometry":{"type":"Polygon","coordinates":[[[174.736178,-36.8365535],[174.7370814,-36.8365535],[174.7370814,-36.8357575],[174.736178,-36.8357575],[174.736178,-36.8365535]]]}},{"type":"Feature","id":"B0288","properties":{"z":"Z019","k":"residential","h":16.4,"dh":0.0,"td":0.0,"t0":0.0,"g":0,"cbd":0,"d":2.452},"geometry":{"type":"Polygon","coordinates":[[[174.738874,-36.8379615],[174.7400348,-36.8379615],[174.7400348,-36.8370377],[174.738874,-36.8370377],[174.738874,-36.8379615]]]}},{"type":"Feature","id":"B0289","properties":{"z":"Z019","k":"residential","h":19.4,"dh":13.0,"td":5.7,"t0":0.0,"g":0,"cbd":0,"d":2.323},"geometry":{"type":"Polygon","coordinates":[[[174.7406377,-36.8378941],[174.7416304,-36.8378941],[174.7416304,-36.8371051],[174.7406377,-36.8371051],[174.7406377,-36.8378941]]]}},{"type":"Feature","id":"B0290","properties":{"z":"Z019","k":"residential","h":15.5,"dh":0.0,"td":0.0,"t0":0.0,"g":0,"cbd":0,"d":2.53},"geometry":{"type":"Polygon","coordinates":[[[174.7389255,-36.8365934],[174.7399834,-36.8365934],[174.7399834,-36.8357177],[174.7389255,-36.8357177],[174.7389255,-36.8365934]]]}},{"type":"Feature","id":"B0291","properties":{"z":"Z019","k":"residential","h":18.0,"dh":0.0,"td":0.0,"t0":0.0,"g":0,"cbd":0,"d":2.406},"geometry":{"type":"Polygon","coordinates":[[[174.7405624,-36.8366009],[174.7417057,-36.8366009],[174.7417057,-36.8357101],[174.7405624,-36.8357101],[174.7405624,-36.8366009]]]}},{"type":"Feature","id":"B0292","properties":{"z":"Z019","k":"residential","h":13.8,"dh":0.0,"td":0.9,"t0":0.0,"g":0,"cbd":0,"d":3.004},"geometry":{"type":"Polygon","coordinates":[[[174.7343665,-36.8342851],[174.7355336,-36.8342851],[174.7355336,-36.8335052],[174.7343665,-36.8335052],[174.7343665,-36.8342851]]]}},{"type":"Feature","id":"B0293","properties":{"z":"Z019","k":"residential","h":11.7,"dh":0.0,"td":0.8,"t0":0.0,"g":0,"cbd":0,"d":2.879},"geometry":{"type":"Polygon","coordinates":[[[174.7360999,-36.8344008],[174.7371596,-36.8344008],[174.7371596,-36.8333894],[174.7360999,-36.8333894],[174.7360999,-36.8344008]]]}},{"type":"Feature","id":"B0294","properties":{"z":"Z019","k":"park","h":0.0,"dh":0.0,"td":0.0,"t0":0.0,"g":0,"cbd":0,"d":3.087},"geometry":{"type":"Polygon","coordinates":[[[174.7344883,-36.8330695],[174.7354119,-36.8330695],[174.7354119,-36.8320326],[174.7344883,-36.8320326],[174.7344883,-36.8330695]]]}},{"type":"Feature","id":"B0295","properties":{"z":"Z019","k":"residential","h":17.2,"dh":0.0,"td":0.0,"t0":0.0,"g":0,"cbd":0,"d":2.966},"geometry":{"type":"Polygon","coordinates":[[[174.7360965,-36.832989],[174.737163,-36.832989],[174.737163,-36.8321131],[174.7360965,-36.8321131],[174.7360965,-36.832989]]]}},{"type":"Feature","id":"B0296","properties":{"z":"Z019","k":"residential","h":15.4,"dh":0.0,"td":0.0,"t0":0.0,"g":0,"cbd":0,"d":2.675},"geometry":{"type":"Polygon","coordinates":[[[174.738946,-36.8343509],[174.7399628,-36.8343509],[174.7399628,-36.8334394],[174.738946,-36.8334394],[174.738946,-36.8343509]]]}},{"type":"Feature","id":"B0297","properties":{"z":"Z019","k":"residential","h":15.3,"dh":0.0,"td":0.0,"t0":0.0,"g":0,"cbd":0,"d":2.558},"geometry":{"type":"Polygon","coordinates":[[[174.7405044,-36.8343534],[174.7417637,-36.8343534],[174.7417637,-36.8334369],[174.7405044,-36.8334369],[174.7405044,-36.8343534]]]}},{"type":"Feature","id":"B0298","properties":{"z":"Z019","k":"residential","h":12.1,"dh":0.0,"td":1.5,"t0":0.0,"g":0,"cbd":0,"d":2.768},"geometry":{"type":"Polygon","coordinates":[[[174.7388953,-36.8329679],[174.7400135,-36.8329679],[174.7400135,-36.8321342],[174.7388953,-36.8321342],[174.7388953,-36.8329679]]]}},{"type":"Feature","id":"B0299","properties":{"z":"Z019","k":"park","h":0.0,"dh":0.0,"td":0.0,"t0":0.0,"g":0,"cbd":0,"d":2.655},"geometry":{"type":"Polygon","coordinates":[[[174.7406548,-36.8329865],[174.7416133,-36.8329865],[174.7416133,-36.8321156],[174.7406548,-36.8321156],[174.7406548,-36.8329865]]]}},{"type":"Feature","id":"B0300","properties":{"z":"Z020","k":"mixed","h":30.8,"dh":10.0,"td":0.0,"t0":0.0,"g":0,"cbd":0,"d":2.157},"geometry":{"type":"Polygon","coordinates":[[[174.7429043,-36.8379057],[174.7438345,-36.8379057],[174.7438345,-36.8370936],[174.7429043,-36.8370936],[174.7429043,-36.8379057]]]}},{"type":"Feature","id":"B0301","properties":{"z":"Z020","k":"mixed","h":25.6,"dh":0.0,"td":0.0,"t0":0.0,"g":0,"cbd":0,"d":2.035},"geometry":{"type":"Polygon","coordinates":[[[174.7445033,-36.8379887],[174.7455947,-36.8379887],[174.7455947,-36.8370105],[174.7445033,-36.8370105],[174.7445033,-36.8379887]]]}},{"type":"Feature","id":"B0302","properties":{"z":"Z020","k":"mixed","h":29.9,"dh":0.0,"td":0.0,"t0":3.28,"g":0,"cbd":0,"d":2.245},"geometry":{"type":"Polygon","coordinates":[[[174.742728,-36.8366077],[174.7440108,-36.8366077],[174.7440108,-36.8357034],[174.742728,-36.8357034],[174.742728,-36.8366077]]]}},{"type":"Feature","id":"B0303","properties":{"z":"Z020","k":"mixed","h":22.7,"dh":0.0,"td":0.0,"t0":0.0,"g":0,"cbd":0,"d":2.129},"geometry":{"type":"Polygon","coordinates":[[[174.7445371,-36.8366432],[174.745561,-36.8366432],[174.745561,-36.8356678],[174.7445371,-36.8356678],[174.7445371,-36.8366432]]]}},{"type":"Feature","id":"B0304","properties":{"z":"Z020","k":"mixed","h":18.3,"dh":4.6,"td":0.0,"t0":0.0,"g":0,"cbd":0,"d":1.841},"geometry":{"type":"Polygon","coordinates":[[[174.7473424,-36.8379518],[174.748405,-36.8379518],[174.748405,-36.8370474],[174.7473424,-36.8370474],[174.7473424,-36.8379518]]]}},{"type":"Feature","id":"B0305","properties":{"z":"Z020","k":"lowrise","h":11.5,"dh":0.0,"td":0.0,"t0":0.0,"g":1,"cbd":0,"d":1.732},"geometry":{"type":"Polygon","coordinates":[[[174.7490735,-36.8379184],[174.7500332,-36.8379184],[174.7500332,-36.8370808],[174.7490735,-36.8370808],[174.7490735,-36.8379184]]]}},{"type":"Feature","id":"B0306","properties":{"z":"Z020","k":"mixed","h":26.2,"dh":0.0,"td":7.4,"t0":0.0,"g":0,"cbd":0,"d":1.943},"geometry":{"type":"Polygon","coordinates":[[[174.7472787,-36.8366593],[174.7484687,-36.8366593],[174.7484687,-36.8356517],[174.7472787,-36.8356517],[174.7472787,-36.8366593]]]}},{"type":"Feature","id":"B0307","properties":{"z":"Z020","k":"office","h":52.1,"dh":0.0,"td":16.1,"t0":7.98,"g":0,"cbd":0,"d":1.841},"geometry":{"type":"Polygon","coordinates":[[[174.7490238,-36.8365169],[174.750083,-36.8365169],[174.750083,-36.8357941],[174.7490238,-36.8357941],[174.7490238,-36.8365169]]]}},{"type":"Feature","id":"B0308","properties":{"z":"Z020","k":"mixed","h":27.4,"dh":0.0,"td":0.0,"t0":0.0,"g":0,"cbd":0,"d":2.407},"geometry":{"type":"Polygon","coordinates":[[[174.742888,-36.8343651],[174.7438507,-36.8343651],[174.7438507,-36.8334252],[174.742888,-36.8334252],[174.742888,-36.8343651]]]}},{"type":"Feature","id":"B0309","properties":{"z":"Z020","k":"mixed","h":26.8,"dh":0.0,"td":3.2,"t0":0.0,"g":0,"cbd":0,"d":2.299},"geometry":{"type":"Polygon","coordinates":[[[174.7445475,-36.8343788],[174.7455506,-36.8343788],[174.7455506,-36.8334115],[174.7445475,-36.8334115],[174.7445475,-36.8343788]]]}},{"type":"Feature","id":"B0310","properties":{"z":"Z020","k":"lowrise","h":9.5,"dh":0.0,"td":0.0,"t0":0.0,"g":1,"cbd":0,"d":2.511},"geometry":{"type":"Polygon","coordinates":[[[174.7427578,-36.8329105],[174.7439809,-36.8329105],[174.7439809,-36.8321916],[174.7427578,-36.8321916],[174.7427578,-36.8329105]]]}},{"type":"Feature","id":"B0311","properties":{"z":"Z020","k":"lowrise","h":5.3,"dh":0.0,"td":0.0,"t0":0.0,"g":1,"cbd":0,"d":2.407},"geometry":{"type":"Polygon","coordinates":[[[174.7444716,-36.8330308],[174.7456265,-36.8330308],[174.7456265,-36.8320713],[174.7444716,-36.8320713],[174.7444716,-36.8330308]]]}},{"type":"Feature","id":"B0312","properties":{"z":"Z020","k":"mixed","h":20.6,"dh":7.4,"td":0.0,"t0":0.0,"g":0,"cbd":0,"d":2.129},"geometry":{"type":"Polygon","coordinates":[[[174.7472794,-36.8342772],[174.7484681,-36.8342772],[174.7484681,-36.8335131],[174.7472794,-36.8335131],[174.7472794,-36.8342772]]]}},{"type":"Feature","id":"B0313","properties":{"z":"Z020","k":"mixed","h":32.2,"dh":0.0,"td":7.2,"t0":0.0,"g":0,"cbd":0,"d":2.035},"geometry":{"type":"Polygon","coordinates":[[[174.7489812,-36.8342568],[174.7501255,-36.8342568],[174.7501255,-36.8335335],[174.7489812,-36.8335335],[174.7489812,-36.8342568]]]}},{"type":"Feature","id":"B0314","properties":{"z":"Z020","k":"mixed","h":18.1,"dh":0.0,"td":0.0,"t0":0.0,"g":0,"cbd":0,"d":2.245},"geometry":{"type":"Polygon","coordinates":[[[174.7472775,-36.8329224],[174.7484699,-36.8329224],[174.7484699,-36.8321797],[174.7472775,-36.8321797],[174.7472775,-36.8329224]]]}},{"type":"Feature","id":"B0315","properties":{"z":"Z020","k":"mixed","h":17.0,"dh":0.0,"td":0.0,"t0":0.0,"g":0,"cbd":0,"d":2.157},"geometry":{"type":"Polygon","coordinates":[[[174.7489286,-36.8329864],[174.7501781,-36.8329864],[174.7501781,-36.8321157],[174.7489286,-36.8321157],[174.7489286,-36.8329864]]]}},{"type":"Feature","id":"B0316","properties":{"z":"Z021","k":"park","h":0.0,"dh":0.0,"td":0.0,"t0":0.0,"g":0,"cbd":0,"d":1.597},"geometry":{"type":"Polygon","coordinates":[[[174.7512029,-36.8379553],[174.7523745,-36.8379553],[174.7523745,-36.8370439],[174.7512029,-36.8370439],[174.7512029,-36.8379553]]]}},{"type":"Feature","id":"B0317","properties":{"z":"Z021","k":"lowrise","h":9.8,"dh":0.0,"td":0.0,"t0":0.0,"g":1,"cbd":0,"d":1.506},"geometry":{"type":"Polygon","coordinates":[[[174.7528548,-36.837879],[174.7540819,-36.837879],[174.7540819,-36.8371202],[174.7528548,-36.8371202],[174.7528548,-36.837879]]]}},{"type":"Feature","id":"B0318","properties":{"z":"Z021","k":"mixed","h":23.9,"dh":0.0,"td":0.0,"t0":0.0,"g":0,"cbd":0,"d":1.715},"geometry":{"type":"Polygon","coordinates":[[[174.7511854,-36.8366549],[174.752392,-36.8366549],[174.752392,-36.8356561],[174.7511854,-36.8356561],[174.7511854,-36.8366549]]]}},{"type":"Feature","id":"B0319","properties":{"z":"Z021","k":"mixed","h":18.6,"dh":0.0,"td":0.0,"t0":0.0,"g":0,"cbd":0,"d":1.63},"geometry":{"type":"Polygon","coordinates":[[[174.7529964,-36.8366539],[174.7539403,-36.8366539],[174.7539403,-36.8356571],[174.7529964,-36.8356571],[174.7529964,-36.8366539]]]}},{"type":"Feature","id":"B0320","properties":{"z":"Z021","k":"office","h":56.1,"dh":0.0,"td":24.6,"t0":0.0,"g":0,"cbd":0,"d":1.374},"geometry":{"type":"Polygon","coordinates":[[[174.7557792,-36.8379041],[174.7568068,-36.8379041],[174.7568068,-36.8370951],[174.7557792,-36.8370951],[174.7557792,-36.8379041]]]}},{"type":"Feature","id":"B0321","properties":{"z":"Z021","k":"park","h":0.0,"dh":0.0,"td":0.0,"t0":0.0,"g":0,"cbd":0,"d":1.313},"geometry":{"type":"Polygon","coordinates":[[[174.7574744,-36.8379019],[174.758471,-36.8379019],[174.758471,-36.8370973],[174.7574744,-36.8370973],[174.7574744,-36.8379019]]]}},{"type":"Feature","id":"B0322","properties":{"z":"Z021","k":"office","h":48.2,"dh":0.0,"td":18.3,"t0":3.33,"g":0,"cbd":0,"d":1.509},"geometry":{"type":"Polygon","coordinates":[[[174.7556512,-36.836649],[174.7569349,-36.836649],[174.7569349,-36.8356621],[174.7556512,-36.8356621],[174.7556512,-36.836649]]]}},{"type":"Feature","id":"B0323","properties":{"z":"Z021","k":"mixed","h":36.8,"dh":23.9,"td":0.0,"t0":0.0,"g":0,"cbd":0,"d":1.454},"geometry":{"type":"Polygon","coordinates":[[[174.7574405,-36.8365571],[174.7585049,-36.8365571],[174.7585049,-36.8357539],[174.7574405,-36.8357539],[174.7574405,-36.8365571]]]}},{"type":"Feature","id":"B0324","properties":{"z":"Z021","k":"lowrise","h":7.1,"dh":0.0,"td":0.0,"t0":0.0,"g":1,"cbd":0,"d":1.922},"geometry":{"type":"Polygon","coordinates":[[[174.7511978,-36.8344083],[174.7523796,-36.8344083],[174.7523796,-36.833382],[174.7511978,-36.833382],[174.7511978,-36.8344083]]]}},{"type":"Feature","id":"B0325","properties":{"z":"Z021","k":"mixed","h":32.2,"dh":23.1,"td":0.0,"t0":0.0,"g":0,"cbd":0,"d":1.847},"geometry":{"type":"Polygon","coordinates":[[[174.752836,-36.8343004],[174.7541007,-36.8343004],[174.7541007,-36.8334899],[174.752836,-36.8334899],[174.752836,-36.8343004]]]}},{"type":"Feature","id":"B0326","properties":{"z":"Z021","k":"mixed","h":29.4,"dh":16.7,"td":0.0,"t0":0.0,"g":0,"cbd":0,"d":2.05},"geometry":{"type":"Polygon","coordinates":[[[174.751331,-36.8329568],[174.7522464,-36.8329568],[174.7522464,-36.8321453],[174.751331,-36.8321453],[174.751331,-36.8329568]]]}},{"type":"Feature","id":"B0327","properties":{"z":"Z021","k":"lowrise","h":11.0,"dh":0.0,"td":0.0,"t0":0.0,"g":0,"cbd":0,"d":1.98},"geometry":{"type":"Polygon","coordinates":[[[174.7529241,-36.8329177],[174.7540126,-36.8329177],[174.7540126,-36.8321844],[174.7529241,-36.8321844],[174.7529241,-36.8329177]]]}},{"type":"Feature","id":"B0328","properties":{"z":"Z021","k":"mixed","h":17.5,"dh":0.0,"td":2.5,"t0":0.0,"g":0,"cbd":0,"d":1.742},"geometry":{"type":"Polygon","coordinates":[[[174.7557748,-36.8343254],[174.7568113,-36.8343254],[174.7568113,-36.8334649],[174.7557748,-36.8334649],[174.7557748,-36.8343254]]]}},{"type":"Feature","id":"B0329","properties":{"z":"Z021","k":"mixed","h":23.3,"dh":0.0,"td":0.0,"t0":0.0,"g":0,"cbd":0,"d":1.694},"geometry":{"type":"Polygon","coordinates":[[[174.7574688,-36.8343044],[174.7584766,-36.8343044],[174.7584766,-36.8334859],[174.7574688,-36.8334859],[174.7574688,-36.8343044]]]}},{"type":"Feature","id":"B0330","properties":{"z":"Z021","k":"mixed","h":27.1,"dh":0.0,"td":0.0,"t0":0.0,"g":0,"cbd":0,"d":1.882},"geometry":{"type":"Polygon","coordinates":[[[174.7557048,-36.8329249],[174.7568812,-36.8329249],[174.7568812,-36.8321772],[174.7557048,-36.8321772],[174.7557048,-36.8329249]]]}},{"type":"Feature","id":"B0331","properties":{"z":"Z021","k":"mixed","h":25.6,"dh":8.3,"td":0.0,"t0":0.0,"g":0,"cbd":0,"d":1.838},"geometry":{"type":"Polygon","coordinates":[[[174.7573575,-36.832961],[174.7585878,-36.832961],[174.7585878,-36.8321411],[174.7573575,-36.8321411],[174.7573575,-36.832961]]]}},{"type":"Feature","id":"B0332","properties":{"z":"Z022","k":"mixed","h":35.7,"dh":12.3,"td":0.0,"t0":0.0,"g":0,"cbd":0,"d":1.255},"geometry":{"type":"Polygon","coordinates":[[[174.7596006,-36.8380099],[174.7608154,-36.8380099],[174.7608154,-36.8369893],[174.7596006,-36.8369893],[174.7596006,-36.8380099]]]}},{"type":"Feature","id":"B0333","properties":{"z":"Z022","k":"park","h":0.0,"dh":0.0,"td":0.0,"t0":0.0,"g":0,"cbd":0,"d":1.231},"geometry":{"type":"Polygon","coordinates":[[[174.7613126,-36.837992],[174.7624627,-36.837992],[174.7624627,-36.8370072],[174.7613126,-36.8370072],[174.7613126,-36.837992]]]}},{"type":"Feature","id":"B0334","properties":{"z":"Z022","k":"mixed","h":25.9,"dh":0.0,"td":7.7,"t0":0.0,"g":0,"cbd":0,"d":1.402},"geometry":{"type":"Polygon","coordinates":[[[174.7595601,-36.8365115],[174.7608559,-36.8365115],[174.7608559,-36.8357995],[174.7595601,-36.8357995],[174.7595601,-36.8365115]]]}},{"type":"Feature","id":"B0335","properties":{"z":"Z022","k":"mixed","h":23.7,"dh":0.0,"td":0.0,"t0":0.0,"g":0,"cbd":0,"d":1.38},"geometry":{"type":"Polygon","coordinates":[[[174.7613273,-36.8366444],[174.762448,-36.8366444],[174.762448,-36.8356667],[174.7613273,-36.8356667],[174.7613273,-36.8366444]]]}},{"type":"Feature","id":"B0336","properties":{"z":"Z022","k":"lowrise","h":11.6,"dh":0.0,"td":0.0,"t0":0.0,"g":1,"cbd":0,"d":1.231},"geometry":{"type":"Polygon","coordinates":[[[174.7641972,-36.8379783],[174.7652275,-36.8379783],[174.7652275,-36.837021],[174.7641972,-36.837021],[174.7641972,-36.8379783]]]}},{"type":"Feature","id":"B0337","properties":{"z":"Z022","k":"office","h":63.6,"dh":0.0,"td":0.0,"t0":0.0,"g":0,"cbd":0,"d":1.255},"geometry":{"type":"Polygon","coordinates":[[[174.7659336,-36.837992],[174.7668504,-36.837992],[174.7668504,-36.8370072],[174.7659336,-36.8370072],[174.7659336,-36.837992]]]}},{"type":"Feature","id":"B0338","properties":{"z":"Z022","k":"mixed","h":37.5,"dh":18.4,"td":0.0,"t0":0.0,"g":0,"cbd":0,"d":1.38},"geometry":{"type":"Polygon","coordinates":[[[174.7641284,-36.8366148],[174.7652963,-36.8366148],[174.7652963,-36.8356963],[174.7641284,-36.8356963],[174.7641284,-36.8366148]]]}},{"type":"Feature","id":"B0339","properties":{"z":"Z022","k":"office","h":58.1,"dh":19.2,"td":0.0,"t0":0.0,"g":0,"cbd":0,"d":1.402},"geometry":{"type":"Polygon","coordinates":[[[174.7659114,-36.836559],[174.7668726,-36.836559],[174.7668726,-36.8357521],[174.7659114,-36.8357521],[174.7659114,-36.836559]]]}},{"type":"Feature","id":"B0340","properties":{"z":"Z022","k":"mixed","h":42.8,"dh":0.0,"td":13.4,"t0":1.3,"g":0,"cbd":0,"d":1.649},"geometry":{"type":"Polygon","coordinates":[[[174.7595745,-36.8343015],[174.7608416,-36.8343015],[174.7608416,-36.8334888],[174.7595745,-36.8334888],[174.7595745,-36.8343015]]]}},{"type":"Feature","id":"B0341","properties":{"z":"Z022","k":"mixed","h":40.6,"dh":0.0,"td":0.0,"t0":0.0,"g":0,"cbd":0,"d":1.631},"geometry":{"type":"Polygon","coordinates":[[[174.7612381,-36.8342762],[174.7625372,-36.8342762],[174.7625372,-36.8335141],[174.7612381,-36.8335141],[174.7612381,-36.8342762]]]}},{"type":"Feature","id":"B0342","properties":{"z":"Z022","k":"mixed","h":31.6,"dh":0.0,"td":6.7,"t0":0.0,"g":0,"cbd":0,"d":1.797},"geometry":{"type":"Polygon","coordinates":[[[174.759645,-36.8330152],[174.760771,-36.8330152],[174.760771,-36.8320869],[174.759645,-36.8320869],[174.759645,-36.8330152]]]}},{"type":"Feature","id":"B0343","properties":{"z":"Z022","k":"mixed","h":17.5,"dh":0.0,"td":0.0,"t0":0.0,"g":0,"cbd":0,"d":1.78},"geometry":{"type":"Polygon","coordinates":[[[174.7613541,-36.8330137],[174.7624213,-36.8330137],[174.7624213,-36.8320884],[174.7613541,-36.8320884],[174.7613541,-36.8330137]]]}},{"type":"Feature","id":"B0344","properties":{"z":"Z022","k":"office","h":56.1,"dh":0.0,"td":15.4,"t0":6.07,"g":0,"cbd":0,"d":1.631},"geometry":{"type":"Polygon","coordinates":[[[174.7642412,-36.8342541],[174.7651835,-36.8342541],[174.7651835,-36.8335362],[174.7642412,-36.8335362],[174.7642412,-36.8342541]]]}},{"type":"Feature","id":"B0345","properties":{"z":"Z022","k":"mixed","h":26.0,"dh":6.8,"td":0.0,"t0":0.0,"g":0,"cbd":0,"d":1.649},"geometry":{"type":"Polygon","coordinates":[[[174.765939,-36.8343358],[174.766845,-36.8343358],[174.766845,-36.8334545],[174.765939,-36.8334545],[174.765939,-36.8343358]]]}},{"type":"Feature","id":"B0346","properties":{"z":"Z022","k":"mixed","h":24.7,"dh":0.0,"td":0.0,"t0":0.0,"g":0,"cbd":0,"d":1.78},"geometry":{"type":"Polygon","coordinates":[[[174.7641547,-36.8330572],[174.7652699,-36.8330572],[174.7652699,-36.8320449],[174.7641547,-36.8320449],[174.7641547,-36.8330572]]]}},{"type":"Feature","id":"B0347","properties":{"z":"Z022","k":"mixed","h":37.2,"dh":0.0,"td":4.8,"t0":0.0,"g":0,"cbd":0,"d":1.797},"geometry":{"type":"Polygon","coordinates":[[[174.7658238,-36.8330524],[174.7669601,-36.8330524],[174.7669601,-36.8320497],[174.7658238,-36.8320497],[174.7658238,-36.8330524]]]}},{"type":"Feature","id":"B0348","properties":{"z":"Z023","k":"mixed","h":44.0,"dh":0.0,"td":0.0,"t0":4.06,"g":0,"cbd":0,"d":1.454},"geometry":{"type":"Polygon","coordinates":[[[174.768024,-36.836581],[174.7692306,-36.836581],[174.7692306,-36.8357301],[174.768024,-36.8357301],[174.768024,-36.836581]]]}},{"type":"Feature","id":"B0349","properties":{"z":"Z023","k":"mixed","h":21.5,"dh":0.0,"td":0.0,"t0":0.0,"g":0,"cbd":0,"d":1.597},"geometry":{"type":"Polygon","coordinates":[[[174.7741849,-36.8378559],[174.7754377,-36.8378559],[174.7754377,-36.8371434],[174.7741849,-36.8371434],[174.7741849,-36.8378559]]]}},{"type":"Feature","id":"B0350","properties":{"z":"Z023","k":"park","h":0.0,"dh":0.0,"td":0.0,"t0":0.0,"g":0,"cbd":0,"d":1.715},"geometry":{"type":"Polygon","coordinates":[[[174.7741895,-36.8365473],[174.7754331,-36.8365473],[174.7754331,-36.8357637],[174.7741895,-36.8357637],[174.7741895,-36.8365473]]]}},{"type":"Feature","id":"B0351","properties":{"z":"Z023","k":"park","h":0.0,"dh":0.0,"td":0.0,"t0":0.0,"g":0,"cbd":0,"d":1.694},"geometry":{"type":"Polygon","coordinates":[[[174.7680262,-36.8343538],[174.7692285,-36.8343538],[174.7692285,-36.8334365],[174.7680262,-36.8334365],[174.7680262,-36.8343538]]]}},{"type":"Feature","id":"B0352","properties":{"z":"Z023","k":"mixed","h":34.3,"dh":0.0,"td":0.0,"t0":0.0,"g":0,"cbd":0,"d":1.742},"geometry":{"type":"Polygon","coordinates":[[[174.7697798,-36.8343801],[174.7708342,-36.8343801],[174.7708342,-36.8334102],[174.7697798,-36.8334102],[174.7697798,-36.8343801]]]}},{"type":"Feature","id":"B0353","properties":{"z":"Z023","k":"mixed","h":18.6,"dh":0.0,"td":0.0,"t0":0.0,"g":0,"cbd":0,"d":1.838},"geometry":{"type":"Polygon","coordinates":[[[174.7680936,-36.8329194],[174.769161,-36.8329194],[174.769161,-36.8321827],[174.7680936,-36.8321827],[174.7680936,-36.8329194]]]}},{"type":"Feature","id":"B0354","properties":{"z":"Z023","k":"mixed","h":31.1,"dh":15.9,"td":10.3,"t0":0.0,"g":0,"cbd":0,"d":1.882},"geometry":{"type":"Polygon","coordinates":[[[174.7698276,-36.833051],[174.7707863,-36.833051],[174.7707863,-36.8320511],[174.7698276,-36.8320511],[174.7698276,-36.833051]]]}},{"type":"Feature","id":"B0355","properties":{"z":"Z024","k":"park","h":0.0,"dh":0.0,"td":0.0,"t0":0.0,"g":0,"cbd":0,"d":1.732},"geometry":{"type":"Polygon","coordinates":[[[174.7765168,-36.8380011],[174.7775765,-36.8380011],[174.7775765,-36.8369982],[174.7765168,-36.8369982],[174.7765168,-36.8380011]]]}},{"type":"Feature","id":"B0356","properties":{"z":"Z024","k":"mixed","h":27.8,"dh":0.0,"td":8.4,"t0":0.0,"g":0,"cbd":0,"d":1.841},"geometry":{"type":"Polygon","coordinates":[[[174.778099,-36.8378873],[174.7793536,-36.8378873],[174.7793536,-36.8371119],[174.778099,-36.8371119],[174.778099,-36.8378873]]]}},{"type":"Feature","id":"B0357","properties":{"z":"Z024","k":"lowrise","h":7.9,"dh":0.0,"td":0.0,"t0":0.0,"g":1,"cbd":0,"d":1.841},"geometry":{"type":"Polygon","coordinates":[[[174.7765079,-36.8365616],[174.7775854,-36.8365616],[174.7775854,-36.8357494],[174.7765079,-36.8357494],[174.7765079,-36.8365616]]]}},{"type":"Feature","id":"B0358","properties":{"z":"Z024","k":"mixed","h":28.4,"dh":18.6,"td":0.0,"t0":0.0,"g":0,"cbd":0,"d":1.943},"geometry":{"type":"Polygon","coordinates":[[[174.7780835,-36.8366456],[174.7793691,-36.8366456],[174.7793691,-36.8356654],[174.7780835,-36.8356654],[174.7780835,-36.8366456]]]}},{"type":"Feature","id":"B0359","properties":{"z":"Z024","k":"park","h":0.0,"dh":0.0,"td":0.0,"t0":0.0,"g":0,"cbd":0,"d":2.035},"geometry":{"type":"Polygon","coordinates":[[[174.7810814,-36.8379188],[174.7820205,-36.8379188],[174.7820205,-36.8370805],[174.7810814,-36.8370805],[174.7810814,-36.8379188]]]}},{"type":"Feature","id":"B0360","properties":{"z":"Z024","k":"lowrise","h":6.4,"dh":0.0,"td":0.0,"t0":0.0,"g":1,"cbd":0,"d":2.157},"geometry":{"type":"Polygon","coordinates":[[[174.7826486,-36.8379841],[174.7838126,-36.8379841],[174.7838126,-36.8370152],[174.7826486,-36.8370152],[174.7826486,-36.8379841]]]}},{"type":"Feature","id":"B0361","properties":{"z":"Z024","k":"lowrise","h":8.9,"dh":0.0,"td":0.0,"t0":0.0,"g":1,"cbd":0,"d":2.129},"geometry":{"type":"Polygon","coordinates":[[[174.780974,-36.8366748],[174.7821279,-36.8366748],[174.7821279,-36.8356363],[174.780974,-36.8356363],[174.780974,-36.8366748]]]}},{"type":"Feature","id":"B0362","properties":{"z":"Z024","k":"mixed","h":21.8,"dh":0.0,"td":3.5,"t0":0.0,"g":0,"cbd":0,"d":2.245},"geometry":{"type":"Polygon","coordinates":[[[174.782637,-36.836593],[174.7838242,-36.836593],[174.7838242,-36.835718],[174.782637,-36.835718],[174.782637,-36.836593]]]}},{"type":"Feature","id":"B0363","properties":{"z":"Z024","k":"mixed","h":25.7,"dh":0.0,"td":0.0,"t0":0.0,"g":0,"cbd":0,"d":2.035},"geometry":{"type":"Polygon","coordinates":[[[174.776556,-36.834271],[174.7775373,-36.834271],[174.7775373,-36.8335193],[174.776556,-36.8335193],[174.776556,-36.834271]]]}},{"type":"Feature","id":"B0364","properties":{"z":"Z024","k":"mixed","h":17.9,"dh":0.0,"td":0.0,"t0":0.0,"g":0,"cbd":0,"d":2.129},"geometry":{"type":"Polygon","coordinates":[[[174.7782567,-36.83426],[174.7791959,-36.83426],[174.7791959,-36.8335303],[174.7782567,-36.8335303],[174.7782567,-36.83426]]]}},{"type":"Feature","id":"B0365","properties":{"z":"Z024","k":"mixed","h":17.2,"dh":0.0,"td":1.8,"t0":0.0,"g":0,"cbd":0,"d":2.245},"geometry":{"type":"Polygon","coordinates":[[[174.7781601,-36.8330613],[174.7792924,-36.8330613],[174.7792924,-36.8320408],[174.7781601,-36.8320408],[174.7781601,-36.8330613]]]}},{"type":"Feature","id":"B0366","properties":{"z":"Z024","k":"park","h":0.0,"dh":0.0,"td":0.0,"t0":0.0,"g":0,"cbd":0,"d":2.299},"geometry":{"type":"Polygon","coordinates":[[[174.7809731,-36.834393],[174.7821289,-36.834393],[174.7821289,-36.8333973],[174.7809731,-36.8333973],[174.7809731,-36.834393]]]}},{"type":"Feature","id":"B0367","properties":{"z":"Z024","k":"mixed","h":20.5,"dh":6.8,"td":4.3,"t0":0.0,"g":0,"cbd":0,"d":2.407},"geometry":{"type":"Polygon","coordinates":[[[174.7827606,-36.8343404],[174.7837006,-36.8343404],[174.7837006,-36.8334499],[174.7827606,-36.8334499],[174.7827606,-36.8343404]]]}},{"type":"Feature","id":"B0368","properties":{"z":"Z024","k":"mixed","h":41.2,"dh":0.0,"td":0.0,"t0":2.34,"g":0,"cbd":0,"d":2.407},"geometry":{"type":"Polygon","coordinates":[[[174.7810149,-36.8329161],[174.7820871,-36.8329161],[174.7820871,-36.832186],[174.7810149,-36.832186],[174.7810149,-36.8329161]]]}},{"type":"Feature","id":"B0369","properties":{"z":"Z024","k":"lowrise","h":9.1,"dh":0.0,"td":0.0,"t0":0.0,"g":1,"cbd":0,"d":2.511},"geometry":{"type":"Polygon","coordinates":[[[174.7826543,-36.8329431],[174.7838069,-36.8329431],[174.7838069,-36.832159],[174.7826543,-36.832159],[174.7826543,-36.8329431]]]}},{"type":"Feature","id":"B0370","properties":{"z":"Z025","k":"residential","h":14.0,"dh":0.0,"td":0.0,"t0":0.0,"g":0,"cbd":0,"d":2.323},"geometry":{"type":"Polygon","coordinates":[[[174.7848712,-36.8379033],[174.7860606,-36.8379033],[174.7860606,-36.837096],[174.7848712,-36.837096],[174.7848712,-36.8379033]]]}},{"type":"Feature","id":"B0371","properties":{"z":"Z025","k":"residential","h":16.2,"dh":0.0,"td":0.0,"t0":0.0,"g":0,"cbd":0,"d":2.452},"geometry":{"type":"Polygon","coordinates":[[[174.7865361,-36.8378984],[174.787755,-36.8378984],[174.787755,-36.8371008],[174.7865361,-36.8371008],[174.7865361,-36.8378984]]]}},{"type":"Feature","id":"B0372","properties":{"z":"Z025","k":"residential","h":20.1,"dh":0.0,"td":3.2,"t0":0.0,"g":0,"cbd":0,"d":2.406},"geometry":{"type":"Polygon","coordinates":[[[174.7848441,-36.8366446],[174.7860878,-36.8366446],[174.7860878,-36.8356664],[174.7848441,-36.8356664],[174.7848441,-36.8366446]]]}},{"type":"Feature","id":"B0373","properties":{"z":"Z025","k":"residential","h":12.4,"dh":6.5,"td":2.1,"t0":0.0,"g":0,"cbd":0,"d":2.53},"geometry":{"type":"Polygon","coordinates":[[[174.7866297,-36.8366087],[174.7876615,-36.8366087],[174.7876615,-36.8357024],[174.7866297,-36.8357024],[174.7866297,-36.8366087]]]}},{"type":"Feature","id":"B0374","properties":{"z":"Z025","k":"residential","h":8.0,"dh":0.0,"td":0.8,"t0":0.0,"g":0,"cbd":0,"d":2.673},"geometry":{"type":"Polygon","coordinates":[[[174.7894438,-36.8379773],[174.7904967,-36.8379773],[174.7904967,-36.8370219],[174.7894438,-36.8370219],[174.7894438,-36.8379773]]]}},{"type":"Feature","id":"B0375","properties":{"z":"Z025","k":"park","h":0.0,"dh":0.0,"td":0.0,"t0":0.0,"g":0,"cbd":0,"d":2.807},"geometry":{"type":"Polygon","coordinates":[[[174.7911496,-36.8379654],[174.7921503,-36.8379654],[174.7921503,-36.8370339],[174.7911496,-36.8370339],[174.7911496,-36.8379654]]]}},{"type":"Feature","id":"B0376","properties":{"z":"Z025","k":"residential","h":8.9,"dh":0.0,"td":0.0,"t0":0.0,"g":0,"cbd":0,"d":2.745},"geometry":{"type":"Polygon","coordinates":[[[174.7893524,-36.8366522],[174.7905881,-36.8366522],[174.7905881,-36.8356589],[174.7893524,-36.8356589],[174.7893524,-36.8366522]]]}},{"type":"Feature","id":"B0377","properties":{"z":"Z025","k":"residential","h":11.8,"dh":0.0,"td":0.0,"t0":0.0,"g":0,"cbd":0,"d":2.875},"geometry":{"type":"Polygon","coordinates":[[[174.7911146,-36.836567],[174.7921853,-36.836567],[174.7921853,-36.8357441],[174.7911146,-36.8357441],[174.7911146,-36.836567]]]}},{"type":"Feature","id":"B0378","properties":{"z":"Z025","k":"residential","h":20.7,"dh":0.0,"td":0.0,"t0":0.0,"g":0,"cbd":0,"d":2.558},"geometry":{"type":"Polygon","coordinates":[[[174.7849763,-36.8343642],[174.7859556,-36.8343642],[174.7859556,-36.8334261],[174.7849763,-36.8334261],[174.7849763,-36.8343642]]]}},{"type":"Feature","id":"B0379","properties":{"z":"Z025","k":"residential","h":16.2,"dh":0.0,"td":1.9,"t0":0.0,"g":0,"cbd":0,"d":2.675},"geometry":{"type":"Polygon","coordinates":[[[174.7865227,-36.8344139],[174.7877685,-36.8344139],[174.7877685,-36.8333764],[174.7865227,-36.8333764],[174.7865227,-36.8344139]]]}},{"type":"Feature","id":"B0380","properties":{"z":"Z025","k":"park","h":0.0,"dh":0.0,"td":0.0,"t0":0.0,"g":0,"cbd":0,"d":2.655},"geometry":{"type":"Polygon","coordinates":[[[174.7848344,-36.8330667],[174.7860975,-36.8330667],[174.7860975,-36.8320354],[174.7848344,-36.8320354],[174.7848344,-36.8330667]]]}},{"type":"Feature","id":"B0381","properties":{"z":"Z025","k":"residential","h":10.0,"dh":2.6,"td":0.0,"t0":0.0,"g":0,"cbd":0,"d":2.768},"geometry":{"type":"Polygon","coordinates":[[[174.7865079,-36.8329882],[174.7877833,-36.8329882],[174.7877833,-36.8321139],[174.7865079,-36.8321139],[174.7865079,-36.8329882]]]}},{"type":"Feature","id":"B0382","properties":{"z":"Z025","k":"park","h":0.0,"dh":0.0,"td":0.0,"t0":0.0,"g":0,"cbd":0,"d":2.879},"geometry":{"type":"Polygon","coordinates":[[[174.7895107,-36.8343886],[174.7904298,-36.8343886],[174.7904298,-36.8334017],[174.7895107,-36.8334017],[174.7895107,-36.8343886]]]}},{"type":"Feature","id":"B0383","properties":{"z":"Z025","k":"residential","h":13.8,"dh":0.0,"td":0.0,"t0":0.0,"g":0,"cbd":0,"d":3.004},"geometry":{"type":"Polygon","coordinates":[[[174.7911607,-36.8343752],[174.7921391,-36.8343752],[174.7921391,-36.833415],[174.7911607,-36.833415],[174.7911607,-36.8343752]]]}},{"type":"Feature","id":"B0384","properties":{"z":"Z025","k":"park","h":0.0,"dh":0.0,"td":0.0,"t0":0.0,"g":0,"cbd":0,"d":2.966},"geometry":{"type":"Polygon","coordinates":[[[174.7893871,-36.8329217],[174.7905534,-36.8329217],[174.7905534,-36.8321804],[174.7893871,-36.8321804],[174.7893871,-36.8329217]]]}},{"type":"Feature","id":"B0385","properties":{"z":"Z025","k":"residential","h":17.5,"dh":0.0,"td":0.0,"t0":5.23,"g":0,"cbd":0,"d":3.087},"geometry":{"type":"Polygon","coordinates":[[[174.7911515,-36.8330605],[174.7921483,-36.8330605],[174.7921483,-36.8320416],[174.7911515,-36.8320416],[174.7911515,-36.8330605]]]}},{"type":"Feature","id":"B0386","properties":{"z":"Z026","k":"residential","h":10.7,"dh":0.0,"td":0.8,"t0":0.0,"g":0,"cbd":0,"d":2.987},"geometry":{"type":"Polygon","coordinates":[[[174.7934306,-36.8379161],[174.7943399,-36.8379161],[174.7943399,-36.8370832],[174.7934306,-36.8370832],[174.7934306,-36.8379161]]]}},{"type":"Feature","id":"B0387","properties":{"z":"Z026","k":"residential","h":10.2,"dh":0.0,"td":0.0,"t0":0.0,"g":0,"cbd":0,"d":3.124},"geometry":{"type":"Polygon","coordinates":[[[174.7950477,-36.8379705],[174.7960821,-36.8379705],[174.7960821,-36.8370288],[174.7950477,-36.8370288],[174.7950477,-36.8379705]]]}},{"type":"Feature","id":"B0388","properties":{"z":"Z026","k":"residential","h":11.1,"dh":0.0,"td":0.7,"t0":0.0,"g":0,"cbd":0,"d":3.051},"geometry":{"type":"Polygon","coordinates":[[[174.7932904,-36.8365514],[174.7944801,-36.8365514],[174.7944801,-36.8357597],[174.7932904,-36.8357597],[174.7932904,-36.8365514]]]}},{"type":"Feature","id":"B0389","properties":{"z":"Z026","k":"residential","h":18.4,"dh":0.0,"td":0.0,"t0":0.0,"g":0,"cbd":0,"d":3.186},"geometry":{"type":"Polygon","coordinates":[[[174.7950384,-36.8366008],[174.7960914,-36.8366008],[174.7960914,-36.8357103],[174.7950384,-36.8357103],[174.7950384,-36.8366008]]]}},{"type":"Feature","id":"B0390","properties":{"z":"Z026","k":"residential","h":37.1,"dh":0.0,"td":1.9,"t0":1.84,"g":0,"cbd":0,"d":3.357},"geometry":{"type":"Polygon","coordinates":[[[174.797918,-36.8379897],[174.7988611,-36.8379897],[174.7988611,-36.8370095],[174.797918,-36.8370095],[174.797918,-36.8379897]]]}},{"type":"Feature","id":"B0391","properties":{"z":"Z026","k":"park","h":0.0,"dh":0.0,"td":0.0,"t0":0.0,"g":0,"cbd":0,"d":3.497},"geometry":{"type":"Polygon","coordinates":[[[174.7994503,-36.837898],[174.8006882,-36.837898],[174.8006882,-36.8371012],[174.7994503,-36.8371012],[174.7994503,-36.837898]]]}},{"type":"Feature","id":"B0392","properties":{"z":"Z026","k":"park","h":0.0,"dh":0.0,"td":0.0,"t0":0.0,"g":0,"cbd":0,"d":3.415},"geometry":{"type":"Polygon","coordinates":[[[174.7977743,-36.8365628],[174.7990048,-36.8365628],[174.7990048,-36.8357483],[174.7977743,-36.8357483],[174.7977743,-36.8365628]]]}},{"type":"Feature","id":"B0393","properties":{"z":"Z026","k":"residential","h":31.6,"dh":0.0,"td":0.0,"t0":2.76,"g":0,"cbd":0,"d":3.552},"geometry":{"type":"Polygon","coordinates":[[[174.7994893,-36.8365237],[174.8006491,-36.8365237],[174.8006491,-36.8357873],[174.7994893,-36.8357873],[174.7994893,-36.8365237]]]}},{"type":"Feature","id":"B0394","properties":{"z":"Z026","k":"residential","h":17.0,"dh":0.0,"td":0.0,"t0":8.43,"g":0,"cbd":0,"d":3.173},"geometry":{"type":"Polygon","coordinates":[[[174.7932429,-36.8343318],[174.7945276,-36.8343318],[174.7945276,-36.8334584],[174.7932429,-36.8334584],[174.7932429,-36.8343318]]]}},{"type":"Feature","id":"B0395","properties":{"z":"Z026","k":"park","h":0.0,"dh":0.0,"td":0.0,"t0":0.0,"g":0,"cbd":0,"d":3.302},"geometry":{"type":"Polygon","coordinates":[[[174.7949397,-36.8343347],[174.7961901,-36.8343347],[174.7961901,-36.8334556],[174.7949397,-36.8334556],[174.7949397,-36.8343347]]]}},{"type":"Feature","id":"B0396","properties":{"z":"Z026","k":"residential","h":9.4,"dh":3.4,"td":0.0,"t0":0.0,"g":0,"cbd":0,"d":3.252},"geometry":{"type":"Polygon","coordinates":[[[174.7933237,-36.8330417],[174.7944468,-36.8330417],[174.7944468,-36.8320604],[174.7933237,-36.8320604],[174.7933237,-36.8330417]]]}},{"type":"Feature","id":"B0397","properties":{"z":"Z026","k":"residential","h":19.4,"dh":0.0,"td":0.5,"t0":0.0,"g":0,"cbd":0,"d":3.378},"geometry":{"type":"Polygon","coordinates":[[[174.7951048,-36.8330135],[174.796025,-36.8330135],[174.796025,-36.8320886],[174.7951048,-36.8320886],[174.7951048,-36.8330135]]]}},{"type":"Feature","id":"B0398","properties":{"z":"Z026","k":"residential","h":12.5,"dh":7.1,"td":0.0,"t0":0.0,"g":0,"cbd":0,"d":3.523},"geometry":{"type":"Polygon","coordinates":[[[174.7977537,-36.8344083],[174.7990255,-36.8344083],[174.7990255,-36.833382],[174.7977537,-36.833382],[174.7977537,-36.8344083]]]}},{"type":"Feature","id":"B0399","properties":{"z":"Z026","k":"residential","h":19.6,"dh":0.0,"td":0.4,"t0":0.0,"g":0,"cbd":0,"d":3.657},"geometry":{"type":"Polygon","coordinates":[[[174.7995316,-36.8343246],[174.8006068,-36.8343246],[174.8006068,-36.8334657],[174.7995316,-36.8334657],[174.7995316,-36.8343246]]]}},{"type":"Feature","id":"B0400","properties":{"z":"Z026","k":"residential","h":12.5,"dh":6.5,"td":0.0,"t0":0.0,"g":0,"cbd":0,"d":3.595},"geometry":{"type":"Polygon","coordinates":[[[174.7979407,-36.8330072],[174.7988385,-36.8330072],[174.7988385,-36.8320949],[174.7979407,-36.8320949],[174.7979407,-36.8330072]]]}},{"type":"Feature","id":"B0401","properties":{"z":"Z026","k":"residential","h":10.5,"dh":0.0,"td":0.0,"t0":0.0,"g":0,"cbd":0,"d":3.726},"geometry":{"type":"Polygon","coordinates":[[[174.7994718,-36.8329702],[174.8006667,-36.8329702],[174.8006667,-36.8321319],[174.7994718,-36.8321319],[174.7994718,-36.8329702]]]}},{"type":"Feature","id":"B0402","properties":{"z":"Z027","k":"residential","h":11.5,"dh":0.0,"td":0.0,"t0":0.0,"g":0,"cbd":0,"d":3.31},"geometry":{"type":"Polygon","coordinates":[[[174.7260686,-36.844749],[174.726993,-36.844749],[174.726993,-36.8437249],[174.7260686,-36.8437249],[174.7260686,-36.844749]]]}},{"type":"Feature","id":"B0403","properties":{"z":"Z027","k":"residential","h":13.9,"dh":0.0,"td":0.0,"t0":0.0,"g":0,"cbd":0,"d":3.162},"geometry":{"type":"Polygon","coordinates":[[[174.7275605,-36.8446337],[174.7288604,-36.8446337],[174.7288604,-36.8438402],[174.7275605,-36.8438402],[174.7275605,-36.8446337]]]}},{"type":"Feature","id":"B0404","properties":{"z":"Z027","k":"residential","h":12.4,"dh":0.0,"td":0.5,"t0":0.0,"g":0,"cbd":0,"d":3.334},"geometry":{"type":"Polygon","coordinates":[[[174.7260344,-36.8433504],[174.7270271,-36.8433504],[174.7270271,-36.8424353],[174.7260344,-36.8424353],[174.7260344,-36.8433504]]]}},{"type":"Feature","id":"B0405","properties":{"z":"Z027","k":"residential","h":10.8,"dh":0.0,"td":0.0,"t0":0.0,"g":0,"cbd":0,"d":3.188},"geometry":{"type":"Polygon","coordinates":[[[174.7276726,-36.8433762],[174.7287482,-36.8433762],[174.7287482,-36.8424096],[174.7276726,-36.8424096],[174.7276726,-36.8433762]]]}},{"type":"Feature","id":"B0406","properties":{"z":"Z027","k":"park","h":0.0,"dh":0.0,"td":0.0,"t0":0.0,"g":0,"cbd":0,"d":2.913},"geometry":{"type":"Polygon","coordinates":[[[174.7304836,-36.8447206],[174.7315866,-36.8447206],[174.7315866,-36.8437533],[174.7304836,-36.8437533],[174.7304836,-36.8447206]]]}},{"type":"Feature","id":"B0407","properties":{"z":"Z027","k":"residential","h":14.4,"dh":0.0,"td":0.0,"t0":0.0,"g":0,"cbd":0,"d":2.766},"geometry":{"type":"Polygon","coordinates":[[[174.7322564,-36.8446697],[174.7331731,-36.8446697],[174.7331731,-36.8438042],[174.7322564,-36.8438042],[174.7322564,-36.8446697]]]}},{"type":"Feature","id":"B0408","properties":{"z":"Z027","k":"residential","h":33.0,"dh":0.0,"td":0.0,"t0":3.86,"g":0,"cbd":0,"d":2.941},"geometry":{"type":"Polygon","coordinates":[[[174.7304802,-36.8433071],[174.73159,-36.8433071],[174.73159,-36.8424786],[174.7304802,-36.8424786],[174.7304802,-36.8433071]]]}},{"type":"Feature","id":"B0409","properties":{"z":"Z027","k":"residential","h":9.0,"dh":0.0,"td":0.0,"t0":0.0,"g":0,"cbd":0,"d":2.795},"geometry":{"type":"Polygon","coordinates":[[[174.7320901,-36.8433876],[174.7333394,-36.8433876],[174.7333394,-36.8423981],[174.7320901,-36.8423981],[174.7320901,-36.8433876]]]}},{"type":"Feature","id":"B0410","properties":{"z":"Z027","k":"residential","h":16.1,"dh":0.0,"td":0.0,"t0":0.0,"g":0,"cbd":0,"d":3.391},"geometry":{"type":"Polygon","coordinates":[[[174.7258988,-36.8410873],[174.7271627,-36.8410873],[174.7271627,-36.8401777],[174.7258988,-36.8401777],[174.7258988,-36.8410873]]]}},{"type":"Feature","id":"B0411","properties":{"z":"Z027","k":"residential","h":14.0,"dh":0.0,"td":0.0,"t0":0.0,"g":0,"cbd":0,"d":3.246},"geometry":{"type":"Polygon","coordinates":[[[174.7275913,-36.8410401],[174.7288296,-36.8410401],[174.7288296,-36.8402248],[174.7275913,-36.8402248],[174.7275913,-36.8410401]]]}},{"type":"Feature","id":"B0412","properties":{"z":"Z027","k":"residential","h":8.2,"dh":0.0,"td":0.2,"t0":0.0,"g":0,"cbd":0,"d":3.432},"geometry":{"type":"Polygon","coordinates":[[[174.7258843,-36.8397754],[174.7271772,-36.8397754],[174.7271772,-36.8388014],[174.7258843,-36.8388014],[174.7258843,-36.8397754]]]}},{"type":"Feature","id":"B0413","properties":{"z":"Z027","k":"residential","h":18.1,"dh":0.0,"td":0.0,"t0":0.0,"g":0,"cbd":0,"d":3.29},"geometry":{"type":"Polygon","coordinates":[[[174.7277328,-36.8397935],[174.728688,-36.8397935],[174.728688,-36.8387832],[174.7277328,-36.8387832],[174.7277328,-36.8397935]]]}},{"type":"Feature","id":"B0414","properties":{"z":"Z027","k":"residential","h":12.2,"dh":0.0,"td":0.0,"t0":0.0,"g":0,"cbd":0,"d":3.005},"geometry":{"type":"Polygon","coordinates":[[[174.7304618,-36.8411455],[174.7316084,-36.8411455],[174.7316084,-36.8401195],[174.7304618,-36.8401195],[174.7304618,-36.8411455]]]}},{"type":"Feature","id":"B0415","properties":{"z":"Z027","k":"residential","h":14.9,"dh":0.0,"td":0.0,"t0":0.0,"g":0,"cbd":0,"d":2.862},"geometry":{"type":"Polygon","coordinates":[[[174.7322323,-36.8410944],[174.7331972,-36.8410944],[174.7331972,-36.8401705],[174.7322323,-36.8401705],[174.7322323,-36.8410944]]]}},{"type":"Feature","id":"B0416","properties":{"z":"Z027","k":"residential","h":8.5,"dh":0.0,"td":0.0,"t0":0.0,"g":0,"cbd":0,"d":3.052},"geometry":{"type":"Polygon","coordinates":[[[174.730462,-36.8396985],[174.7316082,-36.8396985],[174.7316082,-36.8388783],[174.730462,-36.8388783],[174.730462,-36.8396985]]]}},{"type":"Feature","id":"B0417","properties":{"z":"Z027","k":"park","h":0.0,"dh":0.0,"td":0.0,"t0":0.0,"g":0,"cbd":0,"d":2.911},"geometry":{"type":"Polygon","coordinates":[[[174.7322511,-36.8396833],[174.7331784,-36.8396833],[174.7331784,-36.8388934],[174.7322511,-36.8388934],[174.7322511,-36.8396833]]]}},{"type":"Feature","id":"B0418","properties":{"z":"Z028","k":"residential","h":18.8,"dh":0.0,"td":0.0,"t0":0.0,"g":0,"cbd":0,"d":2.57},"geometry":{"type":"Polygon","coordinates":[[[174.7344226,-36.8446806],[174.7354776,-36.8446806],[174.7354776,-36.8437933],[174.7344226,-36.8437933],[174.7344226,-36.8446806]]]}},{"type":"Feature","id":"B0419","properties":{"z":"Z028","k":"residential","h":17.2,"dh":9.6,"td":0.0,"t0":0.0,"g":0,"cbd":0,"d":2.423},"geometry":{"type":"Polygon","coordinates":[[[174.7360812,-36.8446725],[174.7371782,-36.8446725],[174.7371782,-36.8438014],[174.7360812,-36.8438014],[174.7360812,-36.8446725]]]}},{"type":"Feature","id":"B0420","properties":{"z":"Z028","k":"park","h":0.0,"dh":0.0,"td":0.0,"t0":0.0,"g":0,"cbd":0,"d":2.601},"geometry":{"type":"Polygon","coordinates":[[[174.7344591,-36.8432857],[174.7354411,-36.8432857],[174.7354411,-36.8425],[174.7344591,-36.8425],[174.7344591,-36.8432857]]]}},{"type":"Feature","id":"B0421","properties":{"z":"Z028","k":"residential","h":9.5,"dh":0.0,"td":1.3,"t0":0.0,"g":0,"cbd":0,"d":2.456},"geometry":{"type":"Polygon","coordinates":[[[174.7360252,-36.8434003],[174.7372342,-36.8434003],[174.7372342,-36.8423854],[174.7360252,-36.8423854],[174.7360252,-36.8434003]]]}},{"type":"Feature","id":"B0422","properties":{"z":"Z028","k":"park","h":0.0,"dh":0.0,"td":0.0,"t0":0.0,"g":0,"cbd":0,"d":2.177},"geometry":{"type":"Polygon","coordinates":[[[174.7389514,-36.8446773],[174.7399575,-36.8446773],[174.7399575,-36.8437966],[174.7389514,-36.8437966],[174.7389514,-36.8446773]]]}},{"type":"Feature","id":"B0423","properties":{"z":"Z028","k":"residential","h":25.8,"dh":9.0,"td":0.0,"t0":0.0,"g":0,"cbd":0,"d":2.031},"geometry":{"type":"Polygon","coordinates":[[[174.7406269,-36.844688],[174.7416413,-36.844688],[174.7416413,-36.8437859],[174.7406269,-36.8437859],[174.7406269,-36.844688]]]}},{"type":"Feature","id":"B0424","properties":{"z":"Z028","k":"residential","h":12.7,"dh":0.0,"td":0.0,"t0":0.0,"g":0,"cbd":0,"d":2.214},"geometry":{"type":"Polygon","coordinates":[[[174.7388055,-36.8432494],[174.7401033,-36.8432494],[174.7401033,-36.8425363],[174.7388055,-36.8425363],[174.7388055,-36.8432494]]]}},{"type":"Feature","id":"B0425","properties":{"z":"Z028","k":"park","h":0.0,"dh":0.0,"td":0.0,"t0":0.0,"g":0,"cbd":0,"d":2.071},"geometry":{"type":"Polygon","coordinates":[[[174.7405896,-36.8433435],[174.7416785,-36.8433435],[174.7416785,-36.8424422],[174.7405896,-36.8424422],[174.7405896,-36.8433435]]]}},{"type":"Feature","id":"B0426","properties":{"z":"Z028","k":"residential","h":18.7,"dh":8.9,"td":0.0,"t0":0.0,"g":0,"cbd":0,"d":2.673},"geometry":{"type":"Polygon","coordinates":[[[174.7343629,-36.8410093],[174.7355372,-36.8410093],[174.7355372,-36.8402557],[174.7343629,-36.8402557],[174.7343629,-36.8410093]]]}},{"type":"Feature","id":"B0427","properties":{"z":"Z028","k":"residential","h":12.8,"dh":0.0,"td":0.0,"t0":0.0,"g":0,"cbd":0,"d":2.532},"geometry":{"type":"Polygon","coordinates":[[[174.7360756,-36.8410718],[174.7371838,-36.8410718],[174.7371838,-36.8401932],[174.7360756,-36.8401932],[174.7360756,-36.8410718]]]}},{"type":"Feature","id":"B0428","properties":{"z":"Z028","k":"residential","h":12.9,"dh":0.0,"td":0.0,"t0":0.0,"g":0,"cbd":0,"d":2.726},"geometry":{"type":"Polygon","coordinates":[[[174.7343105,-36.8397566],[174.7355896,-36.8397566],[174.7355896,-36.8388201],[174.7343105,-36.8388201],[174.7343105,-36.8397566]]]}},{"type":"Feature","id":"B0429","properties":{"z":"Z028","k":"residential","h":15.6,"dh":0.0,"td":0.0,"t0":0.0,"g":0,"cbd":0,"d":2.588},"geometry":{"type":"Polygon","coordinates":[[[174.7360399,-36.839691],[174.7372196,-36.839691],[174.7372196,-36.8388857],[174.7360399,-36.8388857],[174.7360399,-36.839691]]]}},{"type":"Feature","id":"B0430","properties":{"z":"Z028","k":"residential","h":9.2,"dh":0.0,"td":1.9,"t0":0.0,"g":0,"cbd":0,"d":2.298},"geometry":{"type":"Polygon","coordinates":[[[174.7388162,-36.8410809],[174.7400926,-36.8410809],[174.7400926,-36.840184],[174.7388162,-36.840184],[174.7388162,-36.8410809]]]}},{"type":"Feature","id":"B0431","properties":{"z":"Z028","k":"residential","h":19.1,"dh":0.0,"td":0.0,"t0":0.0,"g":0,"cbd":0,"d":2.16},"geometry":{"type":"Polygon","coordinates":[[[174.7406,-36.8410202],[174.7416681,-36.8410202],[174.7416681,-36.8402448],[174.7406,-36.8402448],[174.7406,-36.8410202]]]}},{"type":"Feature","id":"B0432","properties":{"z":"Z028","k":"residential","h":9.8,"dh":0.0,"td":0.0,"t0":0.0,"g":0,"cbd":0,"d":2.359},"geometry":{"type":"Polygon","coordinates":[[[174.7388344,-36.8396567],[174.7400744,-36.8396567],[174.7400744,-36.8389201],[174.7388344,-36.8389201],[174.7388344,-36.8396567]]]}},{"type":"Feature","id":"B0433","properties":{"z":"Z028","k":"residential","h":20.3,"dh":0.0,"td":0.0,"t0":6.22,"g":0,"cbd":0,"d":2.225},"geometry":{"type":"Polygon","coordinates":[[[174.7406202,-36.839766],[174.7416479,-36.839766],[174.7416479,-36.8388108],[174.7406202,-36.8388108],[174.7406202,-36.839766]]]}},{"type":"Feature","id":"B0434","properties":{"z":"Z029","k":"mixed","h":22.2,"dh":0.0,"td":6.6,"t0":0.0,"g":0,"cbd":0,"d":1.838},"geometry":{"type":"Polygon","coordinates":[[[174.74278,-36.8447187],[174.7439588,-36.8447187],[174.7439588,-36.8437552],[174.74278,-36.8437552],[174.74278,-36.8447187]]]}},{"type":"Feature","id":"B0435","properties":{"z":"Z029","k":"lowrise","h":8.2,"dh":0.0,"td":0.0,"t0":0.0,"g":1,"cbd":0,"d":1.694},"geometry":{"type":"Polygon","coordinates":[[[174.7444303,-36.8446249],[174.7456678,-36.8446249],[174.7456678,-36.843849],[174.7444303,-36.843849],[174.7444303,-36.8446249]]]}},{"type":"Feature","id":"B0436","properties":{"z":"Z029","k":"lowrise","h":12.0,"dh":0.0,"td":0.0,"t0":0.0,"g":0,"cbd":0,"d":1.882},"geometry":{"type":"Polygon","coordinates":[[[174.7428153,-36.8432926],[174.7439235,-36.8432926],[174.7439235,-36.8424931],[174.7428153,-36.8424931],[174.7428153,-36.8432926]]]}},{"type":"Feature","id":"B0437","properties":{"z":"Z029","k":"mixed","h":35.5,"dh":15.6,"td":0.0,"t0":0.0,"g":0,"cbd":0,"d":1.742},"geometry":{"type":"Polygon","coordinates":[[[174.7445078,-36.843365],[174.7455903,-36.843365],[174.7455903,-36.8424207],[174.7445078,-36.8424207],[174.7445078,-36.843365]]]}},{"type":"Feature","id":"B0438","properties":{"z":"Z029","k":"park","h":0.0,"dh":0.0,"td":0.0,"t0":0.0,"g":0,"cbd":0,"d":1.454},"geometry":{"type":"Polygon","coordinates":[[[174.7473472,-36.8446677],[174.7484002,-36.8446677],[174.7484002,-36.8438062],[174.7473472,-36.8438062],[174.7473472,-36.8446677]]]}},{"type":"Feature","id":"B0439","properties":{"z":"Z029","k":"lowrise","h":24.1,"dh":0.0,"td":0.0,"t0":5.49,"g":0,"cbd":0,"d":1.313},"geometry":{"type":"Polygon","coordinates":[[[174.7489321,-36.8447123],[174.7501746,-36.8447123],[174.7501746,-36.8437616],[174.7489321,-36.8437616],[174.7489321,-36.8447123]]]}},{"type":"Feature","id":"B0440","properties":{"z":"Z029","k":"mixed","h":35.1,"dh":0.0,"td":0.0,"t0":0.0,"g":0,"cbd":0,"d":1.509},"geometry":{"type":"Polygon","coordinates":[[[174.7473594,-36.8434048],[174.748388,-36.8434048],[174.748388,-36.8423809],[174.7473594,-36.8423809],[174.7473594,-36.8434048]]]}},{"type":"Feature","id":"B0441","properties":{"z":"Z029","k":"mixed","h":27.2,"dh":0.0,"td":0.0,"t0":0.0,"g":0,"cbd":0,"d":1.374},"geometry":{"type":"Polygon","coordinates":[[[174.7489649,-36.8434016],[174.7501418,-36.8434016],[174.7501418,-36.8423841],[174.7489649,-36.8423841],[174.7489649,-36.8434016]]]}},{"type":"Feature","id":"B0442","properties":{"z":"Z029","k":"park","h":0.0,"dh":0.0,"td":0.0,"t0":0.0,"g":0,"cbd":0,"d":1.98},"geometry":{"type":"Polygon","coordinates":[[[174.7427262,-36.8410678],[174.7440126,-36.8410678],[174.7440126,-36.8401972],[174.7427262,-36.8401972],[174.7427262,-36.8410678]]]}},{"type":"Feature","id":"B0443","properties":{"z":"Z029","k":"mixed","h":22.9,"dh":0.0,"td":7.2,"t0":0.0,"g":0,"cbd":0,"d":1.847},"geometry":{"type":"Polygon","coordinates":[[[174.7445327,-36.8411309],[174.7455654,-36.8411309],[174.7455654,-36.8401341],[174.7445327,-36.8401341],[174.7445327,-36.8411309]]]}},{"type":"Feature","id":"B0444","properties":{"z":"Z029","k":"lowrise","h":5.8,"dh":0.0,"td":0.0,"t0":0.0,"g":1,"cbd":0,"d":2.05},"geometry":{"type":"Polygon","coordinates":[[[174.7427879,-36.8396692],[174.7439509,-36.8396692],[174.7439509,-36.8389076],[174.7427879,-36.8389076],[174.7427879,-36.8396692]]]}},{"type":"Feature","id":"B0445","properties":{"z":"Z029","k":"mixed","h":25.0,"dh":0.0,"td":3.1,"t0":0.0,"g":0,"cbd":0,"d":1.922},"geometry":{"type":"Polygon","coordinates":[[[174.7444957,-36.8397815],[174.7456024,-36.8397815],[174.7456024,-36.8387953],[174.7444957,-36.8387953],[174.7444957,-36.8397815]]]}},{"type":"Feature","id":"B0446","properties":{"z":"Z029","k":"lowrise","h":13.0,"dh":0.0,"td":0.0,"t0":0.0,"g":1,"cbd":0,"d":1.63},"geometry":{"type":"Polygon","coordinates":[[[174.7472732,-36.8410085],[174.7484742,-36.8410085],[174.7484742,-36.8402565],[174.7472732,-36.8402565],[174.7472732,-36.8410085]]]}},{"type":"Feature","id":"B0447","properties":{"z":"Z029","k":"lowrise","h":8.3,"dh":0.0,"td":0.0,"t0":0.0,"g":1,"cbd":0,"d":1.506},"geometry":{"type":"Polygon","coordinates":[[[174.7489507,-36.8410286],[174.7501561,-36.8410286],[174.7501561,-36.8402364],[174.7489507,-36.8402364],[174.7489507,-36.8410286]]]}},{"type":"Feature","id":"B0448","properties":{"z":"Z029","k":"office","h":58.1,"dh":0.0,"td":0.0,"t0":2.84,"g":0,"cbd":0,"d":1.715},"geometry":{"type":"Polygon","coordinates":[[[174.7473433,-36.8397699],[174.7484042,-36.8397699],[174.7484042,-36.8388068],[174.7473433,-36.8388068],[174.7473433,-36.8397699]]]}},{"type":"Feature","id":"B0449","properties":{"z":"Z029","k":"mixed","h":42.9,"dh":0.0,"td":0.0,"t0":0.0,"g":0,"cbd":0,"d":1.597},"geometry":{"type":"Polygon","coordinates":[[[174.7489118,-36.8397063],[174.750195,-36.8397063],[174.750195,-36.8388705],[174.7489118,-36.8388705],[174.7489118,-36.8397063]]]}},{"type":"Feature","id":"B0450","properties":{"z":"Z030","k":"lowrise","h":7.1,"dh":0.0,"td":0.0,"t0":0.0,"g":1,"cbd":1,"d":1.13},"geometry":{"type":"Polygon","coordinates":[[[174.7511408,-36.8446016],[174.7524366,-36.8446016],[174.7524366,-36.8438724],[174.7511408,-36.8438724],[174.7511408,-36.8446016]]]}},{"type":"Feature","id":"B0451","properties":{"z":"Z030","k":"tower","h":116.8,"dh":0.0,"td":0.0,"t0":0.0,"g":0,"cbd":1,"d":0.996},"geometry":{"type":"Polygon","coordinates":[[[174.7528592,-36.8447209],[174.7540775,-36.8447209],[174.7540775,-36.8437531],[174.7528592,-36.8437531],[174.7528592,-36.8447209]]]}},{"type":"Feature","id":"B0452","properties":{"z":"Z030","k":"podium","h":18.8,"dh":0.0,"td":0.0,"t0":0.0,"g":0,"cbd":1,"d":0.996},"geometry":{"type":"Polygon","coordinates":[[[174.7527591,-36.8448045],[174.7541776,-36.8448045],[174.7541776,-36.8436694],[174.7527591,-36.8436694],[174.7527591,-36.8448045]]]}},{"type":"Feature","id":"B0453","properties":{"z":"Z030","k":"office","h":47.6,"dh":0.0,"td":19.7,"t0":0.0,"g":0,"cbd":1,"d":1.2},"geometry":{"type":"Polygon","coordinates":[[[174.7513264,-36.8432887],[174.752251,-36.8432887],[174.752251,-36.842497],[174.7513264,-36.842497],[174.7513264,-36.8432887]]]}},{"type":"Feature","id":"B0454","properties":{"z":"Z030","k":"office","h":86.7,"dh":0.0,"td":0.0,"t0":0.0,"g":0,"cbd":1,"d":1.075},"geometry":{"type":"Polygon","coordinates":[[[174.7528904,-36.8433863],[174.7540463,-36.8433863],[174.7540463,-36.8423995],[174.7528904,-36.8423995],[174.7528904,-36.8433863]]]}},{"type":"Feature","id":"B0455","properties":{"z":"Z030","k":"podium","h":20.0,"dh":0.0,"td":0.0,"t0":0.0,"g":0,"cbd":1,"d":1.075},"geometry":{"type":"Polygon","coordinates":[[[174.7527591,-36.8434604],[174.7541776,-36.8434604],[174.7541776,-36.8423253],[174.7527591,-36.8423253],[174.7527591,-36.8434604]]]}},{"type":"Feature","id":"B0456","properties":{"z":"Z030","k":"tower","h":109.2,"dh":0.0,"td":0.0,"t0":0.0,"g":0,"cbd":1,"d":0.784},"geometry":{"type":"Polygon","coordinates":[[[174.755797,-36.8446194],[174.7567891,-36.8446194],[174.7567891,-36.8438545],[174.755797,-36.8438545],[174.755797,-36.8446194]]]}},{"type":"Feature","id":"B0457","properties":{"z":"Z030","k":"podium","h":14.0,"dh":0.0,"td":0.0,"t0":0.0,"g":0,"cbd":1,"d":0.784},"geometry":{"type":"Polygon","coordinates":[[[174.7555838,-36.8448045],[174.7570023,-36.8448045],[174.7570023,-36.8436694],[174.7555838,-36.8436694],[174.7555838,-36.8448045]]]}},{"type":"Feature","id":"B0458","properties":{"z":"Z030","k":"office","h":72.9,"dh":0.0,"td":0.0,"t0":0.0,"g":0,"cbd":1,"d":0.671},"geometry":{"type":"Polygon","coordinates":[[[174.7575213,-36.8446692],[174.758424,-36.8446692],[174.758424,-36.8438047],[174.7575213,-36.8438047],[174.7575213,-36.8446692]]]}},{"type":"Feature","id":"B0459","properties":{"z":"Z030","k":"office","h":70.1,"dh":0.0,"td":0.0,"t0":0.0,"g":0,"cbd":1,"d":0.883},"geometry":{"type":"Polygon","coordinates":[[[174.7556909,-36.8433803],[174.7568952,-36.8433803],[174.7568952,-36.8424054],[174.7556909,-36.8424054],[174.7556909,-36.8433803]]]}},{"type":"Feature","id":"B0460","properties":{"z":"Z030","k":"tower","h":117.6,"dh":0.0,"td":55.5,"t0":0.0,"g":0,"cbd":1,"d":0.784},"geometry":{"type":"Polygon","coordinates":[[[174.7574036,-36.8432834],[174.7585417,-36.8432834],[174.7585417,-36.8425024],[174.7574036,-36.8425024],[174.7574036,-36.8432834]]]}},{"type":"Feature","id":"B0461","properties":{"z":"Z030","k":"podium","h":19.4,"dh":0.0,"td":0.0,"t0":0.0,"g":0,"cbd":1,"d":0.784},"geometry":{"type":"Polygon","coordinates":[[[174.7572634,-36.8434604],[174.7586819,-36.8434604],[174.7586819,-36.8423253],[174.7572634,-36.8423253],[174.7572634,-36.8434604]]]}},{"type":"Feature","id":"B0462","properties":{"z":"Z030","k":"lowrise","h":15.9,"dh":0.0,"td":0.0,"t0":1.83,"g":1,"cbd":1,"d":1.349},"geometry":{"type":"Polygon","coordinates":[[[174.7512088,-36.8410543],[174.7523686,-36.8410543],[174.7523686,-36.8402107],[174.7512088,-36.8402107],[174.7512088,-36.8410543]]]}},{"type":"Feature","id":"B0463","properties":{"z":"Z030","k":"office","h":54.2,"dh":0.0,"td":13.6,"t0":0.0,"g":0,"cbd":1,"d":1.239},"geometry":{"type":"Polygon","coordinates":[[[174.7529128,-36.8410972],[174.7540239,-36.8410972],[174.7540239,-36.8401677],[174.7529128,-36.8401677],[174.7529128,-36.8410972]]]}},{"type":"Feature","id":"B0464","properties":{"z":"Z030","k":"lowrise","h":13.0,"dh":0.0,"td":0.0,"t0":7.17,"g":1,"cbd":1,"d":1.45},"geometry":{"type":"Polygon","coordinates":[[[174.7512836,-36.8397355],[174.7522938,-36.8397355],[174.7522938,-36.8388413],[174.7512836,-36.8388413],[174.7512836,-36.8397355]]]}},{"type":"Feature","id":"B0465","properties":{"z":"Z030","k":"lowrise","h":9.2,"dh":0.0,"td":0.0,"t0":0.0,"g":1,"cbd":1,"d":1.349},"geometry":{"type":"Polygon","coordinates":[[[174.7528646,-36.8396613],[174.7540721,-36.8396613],[174.7540721,-36.8389154],[174.7528646,-36.8389154],[174.7528646,-36.8396613]]]}},{"type":"Feature","id":"B0466","properties":{"z":"Z030","k":"lowrise","h":13.0,"dh":0.0,"td":0.0,"t0":0.0,"g":1,"cbd":1,"d":1.075},"geometry":{"type":"Polygon","coordinates":[[[174.7558147,-36.8411259],[174.7567713,-36.8411259],[174.7567713,-36.8401391],[174.7558147,-36.8401391],[174.7558147,-36.8411259]]]}},{"type":"Feature","id":"B0467","properties":{"z":"Z030","k":"office","h":72.7,"dh":0.0,"td":30.7,"t0":0.0,"g":0,"cbd":1,"d":0.996},"geometry":{"type":"Polygon","coordinates":[[[174.7574369,-36.84101],[174.7585085,-36.84101],[174.7585085,-36.840255],[174.7574369,-36.840255],[174.7574369,-36.84101]]]}},{"type":"Feature","id":"B0468","properties":{"z":"Z030","k":"office","h":74.7,"dh":0.0,"td":0.0,"t0":0.0,"g":0,"cbd":1,"d":1.2},"geometry":{"type":"Polygon","coordinates":[[[174.7557348,-36.8396501],[174.7568513,-36.8396501],[174.7568513,-36.8389267],[174.7557348,-36.8389267],[174.7557348,-36.8396501]]]}},{"type":"Feature","id":"B0469","properties":{"z":"Z030","k":"lowrise","h":12.1,"dh":0.0,"td":0.0,"t0":0.0,"g":1,"cbd":1,"d":1.13},"geometry":{"type":"Polygon","coordinates":[[[174.7575102,-36.8397262],[174.7584352,-36.8397262],[174.7584352,-36.8388506],[174.7575102,-36.8388506],[174.7575102,-36.8397262]]]}},{"type":"Feature","id":"B0470","properties":{"z":"Z031","k":"lowrise","h":6.2,"dh":0.0,"td":0.0,"t0":0.0,"g":1,"cbd":1,"d":0.549},"geometry":{"type":"Polygon","coordinates":[[[174.7597422,-36.8446366],[174.7606738,-36.8446366],[174.7606738,-36.8438373],[174.7597422,-36.8438373],[174.7597422,-36.8446366]]]}},{"type":"Feature","id":"B0471","properties":{"z":"Z031","k":"lowrise","h":11.5,"dh":0.0,"td":0.0,"t0":0.0,"g":0,"cbd":1,"d":0.491},"geometry":{"type":"Polygon","coordinates":[[[174.7612472,-36.8446923],[174.7625281,-36.8446923],[174.7625281,-36.8437816],[174.7612472,-36.8437816],[174.7612472,-36.8446923]]]}},{"type":"Feature","id":"B0472","properties":{"z":"Z031","k":"tower","h":98.5,"dh":0.0,"td":26.6,"t0":0.0,"g":0,"cbd":1,"d":0.682},"geometry":{"type":"Polygon","coordinates":[[[174.7596921,-36.8432799],[174.7607239,-36.8432799],[174.7607239,-36.8425058],[174.7596921,-36.8425058],[174.7596921,-36.8432799]]]}},{"type":"Feature","id":"B0473","properties":{"z":"Z031","k":"podium","h":16.8,"dh":0.0,"td":0.0,"t0":0.0,"g":0,"cbd":1,"d":0.682},"geometry":{"type":"Polygon","coordinates":[[[174.7594988,-36.8434604],[174.7609173,-36.8434604],[174.7609173,-36.8423253],[174.7594988,-36.8423253],[174.7594988,-36.8434604]]]}},{"type":"Feature","id":"B0474","properties":{"z":"Z031","k":"office","h":77.4,"dh":0.0,"td":0.0,"t0":0.0,"g":0,"cbd":1,"d":0.637},"geometry":{"type":"Polygon","coordinates":[[[174.7614084,-36.8432817],[174.762367,-36.8432817],[174.762367,-36.842504],[174.7614084,-36.842504],[174.7614084,-36.8432817]]]}},{"type":"Feature","id":"B0475","properties":{"z":"Z031","k":"office","h":74.4,"dh":0.0,"td":0.0,"t0":0.0,"g":0,"cbd":1,"d":0.918},"geometry":{"type":"Polygon","coordinates":[[[174.7596219,-36.8409965],[174.7607941,-36.8409965],[174.7607941,-36.8402684],[174.7596219,-36.8402684],[174.7596219,-36.8409965]]]}},{"type":"Feature","id":"B0476","properties":{"z":"Z031","k":"office","h":67.3,"dh":0.0,"td":0.0,"t0":0.0,"g":0,"cbd":1,"d":0.885},"geometry":{"type":"Polygon","coordinates":[[[174.7613173,-36.8409932],[174.7624581,-36.8409932],[174.7624581,-36.8402717],[174.7613173,-36.8402717],[174.7613173,-36.8409932]]]}},{"type":"Feature","id":"B0477","properties":{"z":"Z031","k":"tower","h":93.8,"dh":0.0,"td":0.0,"t0":0.0,"g":0,"cbd":1,"d":1.062},"geometry":{"type":"Polygon","coordinates":[[[174.7597189,-36.8397565],[174.7606971,-36.8397565],[174.7606971,-36.8388202],[174.7597189,-36.8388202],[174.7597189,-36.8397565]]]}},{"type":"Feature","id":"B0478","properties":{"z":"Z031","k":"podium","h":13.8,"dh":0.0,"td":0.0,"t0":0.0,"g":0,"cbd":1,"d":1.062},"geometry":{"type":"Polygon","coordinates":[[[174.7594988,-36.8398559],[174.7609173,-36.8398559],[174.7609173,-36.8387208],[174.7594988,-36.8387208],[174.7594988,-36.8398559]]]}},{"type":"Feature","id":"B0479","properties":{"z":"Z031","k":"office","h":63.6,"dh":0.0,"td":31.4,"t0":0.0,"g":0,"cbd":1,"d":1.033},"geometry":{"type":"Polygon","coordinates":[[[174.7613126,-36.8396568],[174.7624628,-36.8396568],[174.7624628,-36.83892],[174.7613126,-36.83892],[174.7613126,-36.8396568]]]}},{"type":"Feature","id":"B0480","properties":{"z":"Z031","k":"lowrise","h":5.6,"dh":0.0,"td":0.0,"t0":0.0,"g":1,"cbd":1,"d":0.885},"geometry":{"type":"Polygon","coordinates":[[[174.7641794,-36.8410942],[174.7652453,-36.8410942],[174.7652453,-36.8401708],[174.7641794,-36.8401708],[174.7641794,-36.8410942]]]}},{"type":"Feature","id":"B0481","properties":{"z":"Z031","k":"office","h":88.1,"dh":0.0,"td":0.0,"t0":0.0,"g":0,"cbd":1,"d":1.033},"geometry":{"type":"Polygon","coordinates":[[[174.7641257,-36.8397019],[174.765299,-36.8397019],[174.765299,-36.8388749],[174.7641257,-36.8388749],[174.7641257,-36.8397019]]]}},{"type":"Feature","id":"B0482","properties":{"z":"Z031","k":"podium","h":18.4,"dh":0.0,"td":0.0,"t0":0.0,"g":0,"cbd":1,"d":1.033},"geometry":{"type":"Polygon","coordinates":[[[174.7640031,-36.8398559],[174.7654216,-36.8398559],[174.7654216,-36.8387208],[174.7640031,-36.8387208],[174.7640031,-36.8398559]]]}},{"type":"Feature","id":"B0483","properties":{"z":"Z031","k":"lowrise","h":12.4,"dh":0.0,"td":0.0,"t0":0.0,"g":0,"cbd":1,"d":1.062},"geometry":{"type":"Polygon","coordinates":[[[174.7658125,-36.8397437],[174.7669714,-36.8397437],[174.7669714,-36.8388331],[174.7658125,-36.8388331],[174.7658125,-36.8397437]]]}},{"type":"Feature","id":"B0484","properties":{"z":"Z032","k":"tower","h":132.9,"dh":0.0,"td":0.0,"t0":0.0,"g":0,"cbd":1,"d":0.784},"geometry":{"type":"Polygon","coordinates":[[[174.7696705,-36.8446888],[174.7709435,-36.8446888],[174.7709435,-36.8437851],[174.7696705,-36.8437851],[174.7696705,-36.8446888]]]}},{"type":"Feature","id":"B0485","properties":{"z":"Z032","k":"podium","h":13.7,"dh":0.0,"td":0.0,"t0":0.0,"g":0,"cbd":1,"d":0.784},"geometry":{"type":"Polygon","coordinates":[[[174.7695977,-36.8448045],[174.7710162,-36.8448045],[174.7710162,-36.8436694],[174.7695977,-36.8436694],[174.7695977,-36.8448045]]]}},{"type":"Feature","id":"B0486","properties":{"z":"Z032","k":"tower","h":112.9,"dh":0.0,"td":0.0,"t0":0.0,"g":0,"cbd":1,"d":0.883},"geometry":{"type":"Polygon","coordinates":[[[174.7698303,-36.8433881],[174.7707837,-36.8433881],[174.7707837,-36.8423976],[174.7698303,-36.8423976],[174.7698303,-36.8433881]]]}},{"type":"Feature","id":"B0487","properties":{"z":"Z032","k":"podium","h":19.2,"dh":0.0,"td":0.0,"t0":0.0,"g":0,"cbd":1,"d":0.883},"geometry":{"type":"Polygon","coordinates":[[[174.7695977,-36.8434604],[174.7710162,-36.8434604],[174.7710162,-36.8423253],[174.7695977,-36.8423253],[174.7695977,-36.8434604]]]}},{"type":"Feature","id":"B0488","properties":{"z":"Z032","k":"tower","h":96.8,"dh":0.0,"td":40.1,"t0":0.0,"g":0,"cbd":1,"d":0.996},"geometry":{"type":"Polygon","coordinates":[[[174.7726157,-36.8446118],[174.7736476,-36.8446118],[174.7736476,-36.8438621],[174.7726157,-36.8438621],[174.7726157,-36.8446118]]]}},{"type":"Feature","id":"B0489","properties":{"z":"Z032","k":"podium","h":19.2,"dh":0.0,"td":0.0,"t0":0.0,"g":0,"cbd":1,"d":0.996},"geometry":{"type":"Polygon","coordinates":[[[174.7724224,-36.8448045],[174.7738409,-36.8448045],[174.7738409,-36.8436694],[174.7724224,-36.8436694],[174.7724224,-36.8448045]]]}},{"type":"Feature","id":"B0490","properties":{"z":"Z032","k":"mixed","h":44.8,"dh":0.0,"td":0.0,"t0":0.0,"g":0,"cbd":1,"d":1.13},"geometry":{"type":"Polygon","coordinates":[[[174.7742176,-36.8447219],[174.775405,-36.8447219],[174.775405,-36.843752],[174.7742176,-36.843752],[174.7742176,-36.8447219]]]}},{"type":"Feature","id":"B0491","properties":{"z":"Z032","k":"lowrise","h":10.3,"dh":0.0,"td":0.0,"t0":0.0,"g":1,"cbd":1,"d":1.075},"geometry":{"type":"Polygon","coordinates":[[[174.7726262,-36.8434012],[174.7736371,-36.8434012],[174.7736371,-36.8423845],[174.7726262,-36.8423845],[174.7726262,-36.8434012]]]}},{"type":"Feature","id":"B0492","properties":{"z":"Z032","k":"lowrise","h":10.4,"dh":0.0,"td":0.0,"t0":0.0,"g":1,"cbd":1,"d":1.2},"geometry":{"type":"Polygon","coordinates":[[[174.7743282,-36.8434066],[174.7752944,-36.8434066],[174.7752944,-36.8423792],[174.7743282,-36.8423792],[174.7743282,-36.8434066]]]}},{"type":"Feature","id":"B0493","properties":{"z":"Z032","k":"park","h":0.0,"dh":0.0,"td":0.0,"t0":0.0,"g":0,"cbd":1,"d":1.239},"geometry":{"type":"Polygon","coordinates":[[[174.7725859,-36.8410826],[174.7736774,-36.8410826],[174.7736774,-36.8401824],[174.7725859,-36.8401824],[174.7725859,-36.8410826]]]}},{"type":"Feature","id":"B0494","properties":{"z":"Z032","k":"office","h":50.1,"dh":0.0,"td":0.0,"t0":0.0,"g":0,"cbd":1,"d":1.349},"geometry":{"type":"Polygon","coordinates":[[[174.7742915,-36.8410328],[174.7753311,-36.8410328],[174.7753311,-36.8402322],[174.7742915,-36.8402322],[174.7742915,-36.8410328]]]}},{"type":"Feature","id":"B0495","properties":{"z":"Z032","k":"office","h":54.2,"dh":0.0,"td":0.0,"t0":4.58,"g":0,"cbd":1,"d":1.349},"geometry":{"type":"Polygon","coordinates":[[[174.7726875,-36.8396755],[174.7735758,-36.8396755],[174.7735758,-36.8389012],[174.7726875,-36.8389012],[174.7726875,-36.8396755]]]}},{"type":"Feature","id":"B0496","properties":{"z":"Z032","k":"lowrise","h":8.4,"dh":0.0,"td":0.0,"t0":0.0,"g":1,"cbd":1,"d":1.45},"geometry":{"type":"Polygon","coordinates":[[[174.7743024,-36.8396914],[174.7753202,-36.8396914],[174.7753202,-36.8388854],[174.7743024,-36.8388854],[174.7743024,-36.8396914]]]}},{"type":"Feature","id":"B0497","properties":{"z":"Z033","k":"mixed","h":33.4,"dh":0.0,"td":0.0,"t0":0.0,"g":0,"cbd":0,"d":1.313},"geometry":{"type":"Polygon","coordinates":[[[174.7764872,-36.8447245],[174.777606,-36.8447245],[174.777606,-36.8437494],[174.7764872,-36.8437494],[174.7764872,-36.8447245]]]}},{"type":"Feature","id":"B0498","properties":{"z":"Z033","k":"office","h":49.8,"dh":0.0,"td":0.0,"t0":2.54,"g":0,"cbd":0,"d":1.454},"geometry":{"type":"Polygon","coordinates":[[[174.7782308,-36.8446002],[174.7792218,-36.8446002],[174.7792218,-36.8438737],[174.7782308,-36.8438737],[174.7782308,-36.8446002]]]}},{"type":"Feature","id":"B0499","properties":{"z":"Z033","k":"lowrise","h":10.4,"dh":0.0,"td":0.0,"t0":0.0,"g":1,"cbd":0,"d":1.374},"geometry":{"type":"Polygon","coordinates":[[[174.7765458,-36.8433088],[174.7775474,-36.8433088],[174.7775474,-36.8424769],[174.7765458,-36.8424769],[174.7765458,-36.8433088]]]}},{"type":"Feature","id":"B0500","properties":{"z":"Z033","k":"lowrise","h":6.3,"dh":0.0,"td":0.0,"t0":0.0,"g":0,"cbd":0,"d":1.509},"geometry":{"type":"Polygon","coordinates":[[[174.7782621,-36.8432799],[174.7791905,-36.8432799],[174.7791905,-36.8425058],[174.7782621,-36.8425058],[174.7782621,-36.8432799]]]}},{"type":"Feature","id":"B0501","properties":{"z":"Z033","k":"lowrise","h":9.8,"dh":0.0,"td":1.2,"t0":0.0,"g":0,"cbd":0,"d":1.694},"geometry":{"type":"Polygon","coordinates":[[[174.7810652,-36.8446784],[174.7820367,-36.8446784],[174.7820367,-36.8437955],[174.7810652,-36.8437955],[174.7810652,-36.8446784]]]}},{"type":"Feature","id":"B0502","properties":{"z":"Z033","k":"mixed","h":25.0,"dh":0.0,"td":0.0,"t0":0.0,"g":0,"cbd":0,"d":1.838},"geometry":{"type":"Polygon","coordinates":[[[174.7827274,-36.8446007],[174.7837338,-36.8446007],[174.7837338,-36.8438732],[174.7827274,-36.8438732],[174.7827274,-36.8446007]]]}},{"type":"Feature","id":"B0503","properties":{"z":"Z033","k":"office","h":53.6,"dh":0.0,"td":0.0,"t0":7.23,"g":0,"cbd":0,"d":1.742},"geometry":{"type":"Polygon","coordinates":[[[174.7809285,-36.843411],[174.7821734,-36.843411],[174.7821734,-36.8423747],[174.7809285,-36.8423747],[174.7809285,-36.843411]]]}},{"type":"Feature","id":"B0504","properties":{"z":"Z033","k":"mixed","h":15.7,"dh":0.0,"td":0.0,"t0":0.0,"g":0,"cbd":0,"d":1.882},"geometry":{"type":"Polygon","coordinates":[[[174.7825894,-36.8432659],[174.7838718,-36.8432659],[174.7838718,-36.8425198],[174.7825894,-36.8425198],[174.7825894,-36.8432659]]]}},{"type":"Feature","id":"B0505","properties":{"z":"Z033","k":"office","h":50.4,"dh":0.0,"td":9.6,"t0":0.0,"g":0,"cbd":0,"d":1.506},"geometry":{"type":"Polygon","coordinates":[[[174.7765288,-36.8411187],[174.7775645,-36.8411187],[174.7775645,-36.8401463],[174.7765288,-36.8401463],[174.7765288,-36.8411187]]]}},{"type":"Feature","id":"B0506","properties":{"z":"Z033","k":"mixed","h":42.0,"dh":0.0,"td":0.0,"t0":6.43,"g":0,"cbd":0,"d":1.63},"geometry":{"type":"Polygon","coordinates":[[[174.7781706,-36.8410558],[174.779282,-36.8410558],[174.779282,-36.8402091],[174.7781706,-36.8402091],[174.7781706,-36.8410558]]]}},{"type":"Feature","id":"B0507","properties":{"z":"Z033","k":"mixed","h":25.6,"dh":0.0,"td":9.6,"t0":0.0,"g":0,"cbd":0,"d":1.597},"geometry":{"type":"Polygon","coordinates":[[[174.7764793,-36.8396972],[174.777614,-36.8396972],[174.777614,-36.8388795],[174.7764793,-36.8388795],[174.7764793,-36.8396972]]]}},{"type":"Feature","id":"B0508","properties":{"z":"Z033","k":"lowrise","h":8.3,"dh":0.0,"td":0.0,"t0":0.0,"g":1,"cbd":0,"d":1.715},"geometry":{"type":"Polygon","coordinates":[[[174.7782001,-36.8397983],[174.7792525,-36.8397983],[174.7792525,-36.8387785],[174.7782001,-36.8387785],[174.7782001,-36.8397983]]]}},{"type":"Feature","id":"B0509","properties":{"z":"Z033","k":"lowrise","h":5.4,"dh":0.0,"td":1.4,"t0":0.0,"g":0,"cbd":0,"d":1.847},"geometry":{"type":"Polygon","coordinates":[[[174.7809087,-36.8411372],[174.7821932,-36.8411372],[174.7821932,-36.8401277],[174.7809087,-36.8401277],[174.7809087,-36.8411372]]]}},{"type":"Feature","id":"B0510","properties":{"z":"Z033","k":"lowrise","h":11.4,"dh":0.0,"td":0.0,"t0":0.0,"g":1,"cbd":0,"d":1.98},"geometry":{"type":"Polygon","coordinates":[[[174.7827126,-36.8410006],[174.7837486,-36.8410006],[174.7837486,-36.8402644],[174.7827126,-36.8402644],[174.7827126,-36.8410006]]]}},{"type":"Feature","id":"B0511","properties":{"z":"Z033","k":"mixed","h":16.0,"dh":0.0,"td":4.4,"t0":0.0,"g":0,"cbd":0,"d":1.922},"geometry":{"type":"Polygon","coordinates":[[[174.7810678,-36.8397817],[174.7820341,-36.8397817],[174.7820341,-36.8387951],[174.7810678,-36.8387951],[174.7810678,-36.8397817]]]}},{"type":"Feature","id":"B0512","properties":{"z":"Z033","k":"mixed","h":25.1,"dh":4.6,"td":0.0,"t0":0.0,"g":0,"cbd":0,"d":2.05},"geometry":{"type":"Polygon","coordinates":[[[174.7826955,-36.8396727],[174.7837658,-36.8396727],[174.7837658,-36.8389041],[174.7826955,-36.8389041],[174.7826955,-36.8396727]]]}},{"type":"Feature","id":"B0513","properties":{"z":"Z034","k":"park","h":0.0,"dh":0.0,"td":0.0,"t0":0.0,"g":0,"cbd":0,"d":2.031},"geometry":{"type":"Polygon","coordinates":[[[174.784876,-36.8446915],[174.7860559,-36.8446915],[174.7860559,-36.8437824],[174.784876,-36.8437824],[174.784876,-36.8446915]]]}},{"type":"Feature","id":"B0514","properties":{"z":"Z034","k":"residential","h":21.0,"dh":0.0,"td":3.1,"t0":0.0,"g":0,"cbd":0,"d":2.177},"geometry":{"type":"Polygon","coordinates":[[[174.7866496,-36.8447532],[174.7876416,-36.8447532],[174.7876416,-36.8437207],[174.7866496,-36.8437207],[174.7866496,-36.8447532]]]}},{"type":"Feature","id":"B0515","properties":{"z":"Z034","k":"residential","h":15.1,"dh":0.0,"td":0.0,"t0":0.0,"g":0,"cbd":0,"d":2.071},"geometry":{"type":"Polygon","coordinates":[[[174.7848386,-36.8432515],[174.7860932,-36.8432515],[174.7860932,-36.8425342],[174.7848386,-36.8425342],[174.7848386,-36.8432515]]]}},{"type":"Feature","id":"B0516","properties":{"z":"Z034","k":"residential","h":19.9,"dh":0.0,"td":0.0,"t0":0.0,"g":0,"cbd":0,"d":2.214},"geometry":{"type":"Polygon","coordinates":[[[174.7865164,-36.8433523],[174.7877747,-36.8433523],[174.7877747,-36.8424334],[174.7865164,-36.8424334],[174.7865164,-36.8433523]]]}},{"type":"Feature","id":"B0517","properties":{"z":"Z034","k":"park","h":0.0,"dh":0.0,"td":0.0,"t0":0.0,"g":0,"cbd":0,"d":2.423},"geometry":{"type":"Polygon","coordinates":[[[174.7893216,-36.8447448],[174.790619,-36.8447448],[174.790619,-36.8437291],[174.7893216,-36.8437291],[174.7893216,-36.8447448]]]}},{"type":"Feature","id":"B0518","properties":{"z":"Z034","k":"residential","h":13.9,"dh":0.0,"td":0.0,"t0":0.0,"g":0,"cbd":0,"d":2.57},"geometry":{"type":"Polygon","coordinates":[[[174.791143,-36.8446581],[174.7921568,-36.8446581],[174.7921568,-36.8438158],[174.791143,-36.8438158],[174.791143,-36.8446581]]]}},{"type":"Feature","id":"B0519","properties":{"z":"Z034","k":"residential","h":34.2,"dh":0.0,"td":0.0,"t0":6.11,"g":0,"cbd":0,"d":2.456},"geometry":{"type":"Polygon","coordinates":[[[174.7894717,-36.8432813],[174.7904688,-36.8432813],[174.7904688,-36.8425045],[174.7894717,-36.8425045],[174.7894717,-36.8432813]]]}},{"type":"Feature","id":"B0520","properties":{"z":"Z034","k":"residential","h":13.6,"dh":0.0,"td":0.0,"t0":0.0,"g":0,"cbd":0,"d":2.601},"geometry":{"type":"Polygon","coordinates":[[[174.7911814,-36.8433833],[174.7921184,-36.8433833],[174.7921184,-36.8424024],[174.7911814,-36.8424024],[174.7911814,-36.8433833]]]}},{"type":"Feature","id":"B0521","properties":{"z":"Z034","k":"residential","h":23.7,"dh":0.0,"td":0.0,"t0":0.0,"g":0,"cbd":0,"d":2.16},"geometry":{"type":"Polygon","coordinates":[[[174.7848829,-36.8411371],[174.786049,-36.8411371],[174.786049,-36.8401279],[174.7848829,-36.8401279],[174.7848829,-36.8411371]]]}},{"type":"Feature","id":"B0522","properties":{"z":"Z034","k":"residential","h":21.7,"dh":0.0,"td":0.0,"t0":2.73,"g":0,"cbd":0,"d":2.298},"geometry":{"type":"Polygon","coordinates":[[[174.7867011,-36.8410281],[174.7875901,-36.8410281],[174.7875901,-36.8402368],[174.7867011,-36.8402368],[174.7867011,-36.8410281]]]}},{"type":"Feature","id":"B0523","properties":{"z":"Z034","k":"residential","h":21.6,"dh":14.0,"td":6.1,"t0":0.0,"g":0,"cbd":0,"d":2.225},"geometry":{"type":"Polygon","coordinates":[[[174.7848838,-36.8396811],[174.7860481,-36.8396811],[174.7860481,-36.8388957],[174.7848838,-36.8388957],[174.7848838,-36.8396811]]]}},{"type":"Feature","id":"B0524","properties":{"z":"Z034","k":"residential","h":10.6,"dh":0.0,"td":0.0,"t0":0.0,"g":0,"cbd":0,"d":2.359},"geometry":{"type":"Polygon","coordinates":[[[174.7865714,-36.8397197],[174.7877198,-36.8397197],[174.7877198,-36.8388571],[174.7865714,-36.8388571],[174.7865714,-36.8397197]]]}},{"type":"Feature","id":"B0525","properties":{"z":"Z034","k":"residential","h":20.7,"dh":0.0,"td":0.0,"t0":0.0,"g":0,"cbd":0,"d":2.532},"geometry":{"type":"Polygon","coordinates":[[[174.7894044,-36.8410015],[174.7905361,-36.8410015],[174.7905361,-36.8402635],[174.7894044,-36.8402635],[174.7894044,-36.8410015]]]}},{"type":"Feature","id":"B0526","properties":{"z":"Z034","k":"residential","h":20.4,"dh":0.0,"td":0.0,"t0":0.0,"g":0,"cbd":0,"d":2.673},"geometry":{"type":"Polygon","coordinates":[[[174.7910026,-36.8411097],[174.7922972,-36.8411097],[174.7922972,-36.8401553],[174.7910026,-36.8401553],[174.7910026,-36.8411097]]]}},{"type":"Feature","id":"B0527","properties":{"z":"Z034","k":"residential","h":11.2,"dh":0.0,"td":1.7,"t0":0.0,"g":0,"cbd":0,"d":2.588},"geometry":{"type":"Polygon","coordinates":[[[174.7894745,-36.839684],[174.7904661,-36.839684],[174.7904661,-36.8388928],[174.7894745,-36.8388928],[174.7894745,-36.839684]]]}},{"type":"Feature","id":"B0528","properties":{"z":"Z034","k":"residential","h":15.3,"dh":2.9,"td":1.4,"t0":0.0,"g":0,"cbd":0,"d":2.726},"geometry":{"type":"Polygon","coordinates":[[[174.7911329,-36.8397108],[174.792167,-36.8397108],[174.792167,-36.838866],[174.7911329,-36.838866],[174.7911329,-36.8397108]]]}},{"type":"Feature","id":"B0529","properties":{"z":"Z035","k":"residential","h":20.0,"dh":0.0,"td":1.0,"t0":0.0,"g":0,"cbd":0,"d":2.766},"geometry":{"type":"Polygon","coordinates":[[[174.7932645,-36.8447385],[174.794506,-36.8447385],[174.794506,-36.8437354],[174.7932645,-36.8437354],[174.7932645,-36.8447385]]]}},{"type":"Feature","id":"B0530","properties":{"z":"Z035","k":"residential","h":13.2,"dh":0.0,"td":0.0,"t0":0.0,"g":0,"cbd":0,"d":2.913},"geometry":{"type":"Polygon","coordinates":[[[174.7949775,-36.8446895],[174.7961523,-36.8446895],[174.7961523,-36.8437844],[174.7949775,-36.8437844],[174.7949775,-36.8446895]]]}},{"type":"Feature","id":"B0531","properties":{"z":"Z035","k":"residential","h":10.5,"dh":0.0,"td":0.4,"t0":0.0,"g":0,"cbd":0,"d":2.795},"geometry":{"type":"Polygon","coordinates":[[[174.7934073,-36.843408],[174.7943632,-36.843408],[174.7943632,-36.8423777],[174.7934073,-36.8423777],[174.7934073,-36.843408]]]}},{"type":"Feature","id":"B0532","properties":{"z":"Z035","k":"park","h":0.0,"dh":0.0,"td":0.0,"t0":0.0,"g":0,"cbd":0,"d":2.941},"geometry":{"type":"Polygon","coordinates":[[[174.7949541,-36.8432633],[174.7961757,-36.8432633],[174.7961757,-36.8425224],[174.7949541,-36.8425224],[174.7949541,-36.8432633]]]}},{"type":"Feature","id":"B0533","properties":{"z":"Z035","k":"residential","h":9.8,"dh":0.0,"td":0.0,"t0":0.0,"g":0,"cbd":0,"d":3.162},"geometry":{"type":"Polygon","coordinates":[[[174.7978758,-36.84466],[174.7989033,-36.84466],[174.7989033,-36.8438139],[174.7978758,-36.8438139],[174.7978758,-36.84466]]]}},{"type":"Feature","id":"B0534","properties":{"z":"Z035","k":"residential","h":8.3,"dh":6.1,"td":0.0,"t0":0.0,"g":0,"cbd":0,"d":3.31},"geometry":{"type":"Polygon","coordinates":[[[174.799554,-36.8446629],[174.8005844,-36.8446629],[174.8005844,-36.843811],[174.799554,-36.843811],[174.799554,-36.8446629]]]}},{"type":"Feature","id":"B0535","properties":{"z":"Z035","k":"residential","h":10.7,"dh":3.2,"td":0.0,"t0":0.0,"g":0,"cbd":0,"d":3.188},"geometry":{"type":"Polygon","coordinates":[[[174.7978889,-36.8433902],[174.7988902,-36.8433902],[174.7988902,-36.8423955],[174.7978889,-36.8423955],[174.7978889,-36.8433902]]]}},{"type":"Feature","id":"B0536","properties":{"z":"Z035","k":"residential","h":10.3,"dh":0.0,"td":0.0,"t0":0.0,"g":0,"cbd":0,"d":3.334},"geometry":{"type":"Polygon","coordinates":[[[174.7994781,-36.8433501],[174.8006604,-36.8433501],[174.8006604,-36.8424356],[174.7994781,-36.8424356],[174.7994781,-36.8433501]]]}},{"type":"Feature","id":"B0537","properties":{"z":"Z035","k":"residential","h":8.3,"dh":0.0,"td":0.6,"t0":0.0,"g":0,"cbd":0,"d":2.862},"geometry":{"type":"Polygon","coordinates":[[[174.7933678,-36.8410746],[174.7944027,-36.8410746],[174.7944027,-36.8401903],[174.7933678,-36.8401903],[174.7933678,-36.8410746]]]}},{"type":"Feature","id":"B0538","properties":{"z":"Z035","k":"residential","h":8.8,"dh":0.0,"td":0.5,"t0":0.0,"g":0,"cbd":0,"d":3.005},"geometry":{"type":"Polygon","coordinates":[[[174.7949387,-36.8410766],[174.7961911,-36.8410766],[174.7961911,-36.8401884],[174.7949387,-36.8401884],[174.7949387,-36.8410766]]]}},{"type":"Feature","id":"B0539","properties":{"z":"Z035","k":"residential","h":13.5,"dh":3.8,"td":0.0,"t0":0.0,"g":0,"cbd":0,"d":2.911},"geometry":{"type":"Polygon","coordinates":[[[174.7932596,-36.8397974],[174.7945109,-36.8397974],[174.7945109,-36.8387794],[174.7932596,-36.8387794],[174.7932596,-36.8397974]]]}},{"type":"Feature","id":"B0540","properties":{"z":"Z035","k":"residential","h":18.2,"dh":0.0,"td":0.7,"t0":0.0,"g":0,"cbd":0,"d":3.052},"geometry":{"type":"Polygon","coordinates":[[[174.7950312,-36.8396646],[174.7960986,-36.8396646],[174.7960986,-36.8389122],[174.7950312,-36.8389122],[174.7950312,-36.8396646]]]}},{"type":"Feature","id":"B0541","properties":{"z":"Z035","k":"park","h":0.0,"dh":0.0,"td":0.0,"t0":0.0,"g":0,"cbd":0,"d":3.246},"geometry":{"type":"Polygon","coordinates":[[[174.7979183,-36.8411176],[174.7988609,-36.8411176],[174.7988609,-36.8401474],[174.7979183,-36.8401474],[174.7979183,-36.8411176]]]}},{"type":"Feature","id":"B0542","properties":{"z":"Z035","k":"residential","h":16.5,"dh":0.0,"td":0.7,"t0":0.0,"g":0,"cbd":0,"d":3.391},"geometry":{"type":"Polygon","coordinates":[[[174.799474,-36.8409998],[174.8006645,-36.8409998],[174.8006645,-36.8402652],[174.799474,-36.8402652],[174.799474,-36.8409998]]]}},{"type":"Feature","id":"B0543","properties":{"z":"Z035","k":"residential","h":20.0,"dh":0.0,"td":0.8,"t0":5.9,"g":0,"cbd":0,"d":3.29},"geometry":{"type":"Polygon","coordinates":[[[174.7978142,-36.8397888],[174.798965,-36.8397888],[174.798965,-36.8387879],[174.7978142,-36.8387879],[174.7978142,-36.8397888]]]}},{"type":"Feature","id":"B0544","properties":{"z":"Z035","k":"residential","h":13.7,"dh":8.6,"td":0.0,"t0":0.0,"g":0,"cbd":0,"d":3.432},"geometry":{"type":"Polygon","coordinates":[[[174.7995723,-36.8397197],[174.8005662,-36.8397197],[174.8005662,-36.838857],[174.7995723,-36.838857],[174.7995723,-36.8397197]]]}},{"type":"Feature","id":"B0545","properties":{"z":"Z036","k":"industrial","h":16.5,"dh":0.0,"td":0.0,"t0":0.0,"g":0,"cbd":0,"d":3.287},"geometry":{"type":"Polygon","coordinates":[[[174.7260338,-36.8513526],[174.7270278,-36.8513526],[174.7270278,-36.8505959],[174.7260338,-36.8505959],[174.7260338,-36.8513526]]]}},{"type":"Feature","id":"B0546","properties":{"z":"Z036","k":"park","h":0.0,"dh":0.0,"td":0.0,"t0":0.0,"g":0,"cbd":0,"d":3.138},"geometry":{"type":"Polygon","coordinates":[[[174.7275772,-36.8514586],[174.7288436,-36.8514586],[174.7288436,-36.8504899],[174.7275772,-36.8504899],[174.7275772,-36.8514586]]]}},{"type":"Feature","id":"B0547","properties":{"z":"Z036","k":"industrial","h":14.9,"dh":0.0,"td":0.0,"t0":0.0,"g":0,"cbd":0,"d":3.278},"geometry":{"type":"Polygon","coordinates":[[[174.7259714,-36.8501272],[174.7270901,-36.8501272],[174.7270901,-36.8491332],[174.7259714,-36.8491332],[174.7259714,-36.8501272]]]}},{"type":"Feature","id":"B0548","properties":{"z":"Z036","k":"industrial","h":11.9,"dh":0.0,"td":0.0,"t0":0.0,"g":0,"cbd":0,"d":3.128},"geometry":{"type":"Polygon","coordinates":[[[174.7275629,-36.8499935],[174.728858,-36.8499935],[174.728858,-36.8492669],[174.7275629,-36.8492669],[174.7275629,-36.8499935]]]}},{"type":"Feature","id":"B0549","properties":{"z":"Z036","k":"industrial","h":9.0,"dh":0.0,"td":0.0,"t0":0.0,"g":0,"cbd":0,"d":2.887},"geometry":{"type":"Polygon","coordinates":[[[174.7305135,-36.8514587],[174.7315567,-36.8514587],[174.7315567,-36.8504898],[174.7305135,-36.8504898],[174.7305135,-36.8514587]]]}},{"type":"Feature","id":"B0550","properties":{"z":"Z036","k":"industrial","h":14.4,"dh":0.0,"td":0.0,"t0":0.0,"g":0,"cbd":0,"d":2.738},"geometry":{"type":"Polygon","coordinates":[[[174.7321312,-36.8514272],[174.7332983,-36.8514272],[174.7332983,-36.8505214],[174.7321312,-36.8505214],[174.7321312,-36.8514272]]]}},{"type":"Feature","id":"B0551","properties":{"z":"Z036","k":"industrial","h":11.8,"dh":3.5,"td":1.6,"t0":0.0,"g":0,"cbd":0,"d":2.877},"geometry":{"type":"Polygon","coordinates":[[[174.730385,-36.8500499],[174.7316852,-36.8500499],[174.7316852,-36.8492105],[174.730385,-36.8492105],[174.730385,-36.8500499]]]}},{"type":"Feature","id":"B0552","properties":{"z":"Z036","k":"industrial","h":16.0,"dh":0.0,"td":0.0,"t0":2.76,"g":0,"cbd":0,"d":2.727},"geometry":{"type":"Polygon","coordinates":[[[174.7320955,-36.8501278],[174.733334,-36.8501278],[174.733334,-36.8491326],[174.7320955,-36.8491326],[174.7320955,-36.8501278]]]}},{"type":"Feature","id":"B0553","properties":{"z":"Z036","k":"industrial","h":13.9,"dh":0.0,"td":0.0,"t0":0.0,"g":0,"cbd":0,"d":3.278},"geometry":{"type":"Polygon","coordinates":[[[174.7259742,-36.8478224],[174.7270873,-36.8478224],[174.7270873,-36.8469172],[174.7259742,-36.8469172],[174.7259742,-36.8478224]]]}},{"type":"Feature","id":"B0554","properties":{"z":"Z036","k":"industrial","h":7.8,"dh":0.0,"td":0.0,"t0":0.0,"g":0,"cbd":0,"d":3.128},"geometry":{"type":"Polygon","coordinates":[[[174.7276446,-36.8478815],[174.7287762,-36.8478815],[174.7287762,-36.8468581],[174.7276446,-36.8468581],[174.7276446,-36.8478815]]]}},{"type":"Feature","id":"B0555","properties":{"z":"Z036","k":"industrial","h":16.0,"dh":0.0,"td":0.5,"t0":0.0,"g":0,"cbd":0,"d":3.287},"geometry":{"type":"Polygon","coordinates":[[[174.7260607,-36.8464764],[174.7270008,-36.8464764],[174.7270008,-36.845575],[174.7260607,-36.845575],[174.7260607,-36.8464764]]]}},{"type":"Feature","id":"B0556","properties":{"z":"Z036","k":"industrial","h":16.6,"dh":11.4,"td":0.0,"t0":0.0,"g":0,"cbd":0,"d":3.138},"geometry":{"type":"Polygon","coordinates":[[[174.7276964,-36.8464489],[174.7287244,-36.8464489],[174.7287244,-36.8456025],[174.7276964,-36.8456025],[174.7276964,-36.8464489]]]}},{"type":"Feature","id":"B0557","properties":{"z":"Z036","k":"industrial","h":9.4,"dh":0.0,"td":0.8,"t0":0.0,"g":0,"cbd":0,"d":2.877},"geometry":{"type":"Polygon","coordinates":[[[174.7304225,-36.8477755],[174.7316477,-36.8477755],[174.7316477,-36.8469641],[174.7304225,-36.8469641],[174.7304225,-36.8477755]]]}},{"type":"Feature","id":"B0558","properties":{"z":"Z036","k":"industrial","h":15.9,"dh":0.0,"td":0.0,"t0":0.0,"g":0,"cbd":0,"d":2.727},"geometry":{"type":"Polygon","coordinates":[[[174.7321937,-36.847812],[174.7332358,-36.847812],[174.7332358,-36.8469276],[174.7321937,-36.8469276],[174.7321937,-36.847812]]]}},{"type":"Feature","id":"B0559","properties":{"z":"Z036","k":"industrial","h":15.5,"dh":0.0,"td":1.0,"t0":0.0,"g":0,"cbd":0,"d":2.887},"geometry":{"type":"Polygon","coordinates":[[[174.7305189,-36.8465161],[174.7315513,-36.8465161],[174.7315513,-36.8455353],[174.7305189,-36.8455353],[174.7305189,-36.8465161]]]}},{"type":"Feature","id":"B0560","properties":{"z":"Z036","k":"industrial","h":15.1,"dh":0.0,"td":0.9,"t0":0.0,"g":0,"cbd":0,"d":2.738},"geometry":{"type":"Polygon","coordinates":[[[174.7322635,-36.846397],[174.733166,-36.846397],[174.733166,-36.8456545],[174.7322635,-36.8456545],[174.7322635,-36.846397]]]}},{"type":"Feature","id":"B0561","properties":{"z":"Z037","k":"park","h":0.0,"dh":0.0,"td":0.0,"t0":0.0,"g":0,"cbd":0,"d":2.54},"geometry":{"type":"Polygon","coordinates":[[[174.7343444,-36.8514505],[174.7355558,-36.8514505],[174.7355558,-36.8504981],[174.7343444,-36.8504981],[174.7343444,-36.8514505]]]}},{"type":"Feature","id":"B0562","properties":{"z":"Z037","k":"residential","h":9.3,"dh":0.0,"td":0.0,"t0":0.0,"g":0,"cbd":0,"d":2.392},"geometry":{"type":"Polygon","coordinates":[[[174.7360077,-36.8514273],[174.7372517,-36.8514273],[174.7372517,-36.8505213],[174.7360077,-36.8505213],[174.7360077,-36.8514273]]]}},{"type":"Feature","id":"B0563","properties":{"z":"Z037","k":"residential","h":14.3,"dh":0.0,"td":0.0,"t0":0.0,"g":0,"cbd":0,"d":2.529},"geometry":{"type":"Polygon","coordinates":[[[174.7344457,-36.8500781],[174.7354545,-36.8500781],[174.7354545,-36.8491823],[174.7344457,-36.8491823],[174.7344457,-36.8500781]]]}},{"type":"Feature","id":"B0564","properties":{"z":"Z037","k":"residential","h":17.1,"dh":0.0,"td":2.8,"t0":0.0,"g":0,"cbd":0,"d":2.379},"geometry":{"type":"Polygon","coordinates":[[[174.7361787,-36.8500235],[174.7370808,-36.8500235],[174.7370808,-36.8492369],[174.7361787,-36.8492369],[174.7361787,-36.8500235]]]}},{"type":"Feature","id":"B0565","properties":{"z":"Z037","k":"residential","h":18.2,"dh":0.0,"td":1.5,"t0":0.0,"g":0,"cbd":0,"d":2.142},"geometry":{"type":"Polygon","coordinates":[[[174.7388665,-36.8514522],[174.7400423,-36.8514522],[174.7400423,-36.8504964],[174.7388665,-36.8504964],[174.7388665,-36.8514522]]]}},{"type":"Feature","id":"B0566","properties":{"z":"Z037","k":"residential","h":11.2,"dh":0.0,"td":1.5,"t0":0.0,"g":0,"cbd":0,"d":1.994},"geometry":{"type":"Polygon","coordinates":[[[174.7405946,-36.8513744],[174.7416736,-36.8513744],[174.7416736,-36.8505741],[174.7405946,-36.8505741],[174.7405946,-36.8513744]]]}},{"type":"Feature","id":"B0567","properties":{"z":"Z037","k":"residential","h":9.5,"dh":0.0,"td":1.3,"t0":0.0,"g":0,"cbd":0,"d":2.128},"geometry":{"type":"Polygon","coordinates":[[[174.7388591,-36.8500327],[174.7400497,-36.8500327],[174.7400497,-36.8492276],[174.7388591,-36.8492276],[174.7388591,-36.8500327]]]}},{"type":"Feature","id":"B0568","properties":{"z":"Z037","k":"residential","h":21.5,"dh":0.0,"td":4.7,"t0":1.63,"g":0,"cbd":0,"d":1.979},"geometry":{"type":"Polygon","coordinates":[[[174.740592,-36.8500974],[174.7416762,-36.8500974],[174.7416762,-36.8491629],[174.740592,-36.8491629],[174.740592,-36.8500974]]]}},{"type":"Feature","id":"B0569","properties":{"z":"Z037","k":"residential","h":17.5,"dh":0.0,"td":0.0,"t0":0.0,"g":0,"cbd":0,"d":2.529},"geometry":{"type":"Polygon","coordinates":[[[174.734444,-36.8478465],[174.7354561,-36.8478465],[174.7354561,-36.8468931],[174.734444,-36.8468931],[174.734444,-36.8478465]]]}},{"type":"Feature","id":"B0570","properties":{"z":"Z037","k":"park","h":0.0,"dh":0.0,"td":0.0,"t0":0.0,"g":0,"cbd":0,"d":2.379},"geometry":{"type":"Polygon","coordinates":[[[174.7360955,-36.8478816],[174.737164,-36.8478816],[174.737164,-36.846858],[174.7360955,-36.846858],[174.7360955,-36.8478816]]]}},{"type":"Feature","id":"B0571","properties":{"z":"Z037","k":"residential","h":11.0,"dh":5.5,"td":2.2,"t0":0.0,"g":0,"cbd":0,"d":2.54},"geometry":{"type":"Polygon","coordinates":[[[174.7344432,-36.8464822],[174.7354569,-36.8464822],[174.7354569,-36.8455692],[174.7344432,-36.8455692],[174.7344432,-36.8464822]]]}},{"type":"Feature","id":"B0572","properties":{"z":"Z037","k":"residential","h":9.6,"dh":2.5,"td":0.0,"t0":0.0,"g":0,"cbd":0,"d":2.392},"geometry":{"type":"Polygon","coordinates":[[[174.7361459,-36.846415],[174.7371136,-36.846415],[174.7371136,-36.8456364],[174.7361459,-36.8456364],[174.7361459,-36.846415]]]}},{"type":"Feature","id":"B0573","properties":{"z":"Z037","k":"residential","h":13.2,"dh":0.0,"td":2.7,"t0":0.0,"g":0,"cbd":0,"d":2.128},"geometry":{"type":"Polygon","coordinates":[[[174.7388266,-36.8477851],[174.7400822,-36.8477851],[174.7400822,-36.8469545],[174.7388266,-36.8469545],[174.7388266,-36.8477851]]]}},{"type":"Feature","id":"B0574","properties":{"z":"Z037","k":"residential","h":21.6,"dh":0.0,"td":4.9,"t0":0.0,"g":0,"cbd":0,"d":1.979},"geometry":{"type":"Polygon","coordinates":[[[174.7405296,-36.8478419],[174.7417385,-36.8478419],[174.7417385,-36.8468977],[174.7405296,-36.8468977],[174.7405296,-36.8478419]]]}},{"type":"Feature","id":"B0575","properties":{"z":"Z037","k":"residential","h":20.8,"dh":0.0,"td":0.0,"t0":0.0,"g":0,"cbd":0,"d":2.142},"geometry":{"type":"Polygon","coordinates":[[[174.7388582,-36.8465199],[174.7400506,-36.8465199],[174.7400506,-36.8455315],[174.7388582,-36.8455315],[174.7388582,-36.8465199]]]}},{"type":"Feature","id":"B0576","properties":{"z":"Z037","k":"residential","h":11.0,"dh":5.0,"td":4.4,"t0":0.0,"g":0,"cbd":0,"d":1.994},"geometry":{"type":"Polygon","coordinates":[[[174.740548,-36.8464938],[174.7417201,-36.8464938],[174.7417201,-36.8455577],[174.740548,-36.8455577],[174.740548,-36.8464938]]]}},{"type":"Feature","id":"B0577","properties":{"z":"Z038","k":"mixed","h":18.1,"dh":0.0,"td":0.0,"t0":0.0,"g":0,"cbd":0,"d":1.797},"geometry":{"type":"Polygon","coordinates":[[[174.7429007,-36.8514181],[174.7438381,-36.8514181],[174.7438381,-36.8505305],[174.7429007,-36.8505305],[174.7429007,-36.8514181]]]}},{"type":"Feature","id":"B0578","properties":{"z":"Z038","k":"park","h":0.0,"dh":0.0,"td":0.0,"t0":0.0,"g":0,"cbd":0,"d":1.649},"geometry":{"type":"Polygon","coordinates":[[[174.7445084,-36.8513662],[174.7455897,-36.8513662],[174.7455897,-36.8505824],[174.7445084,-36.8505824],[174.7445084,-36.8513662]]]}},{"type":"Feature","id":"B0579","properties":{"z":"Z038","k":"mixed","h":21.7,"dh":0.0,"td":0.0,"t0":0.0,"g":0,"cbd":0,"d":1.78},"geometry":{"type":"Polygon","coordinates":[[[174.7427337,-36.8500864],[174.744005,-36.8500864],[174.744005,-36.849174],[174.7427337,-36.849174],[174.7427337,-36.8500864]]]}},{"type":"Feature","id":"B0580","properties":{"z":"Z038","k":"mixed","h":30.7,"dh":0.0,"td":7.5,"t0":0.0,"g":0,"cbd":0,"d":1.631},"geometry":{"type":"Polygon","coordinates":[[[174.7445463,-36.8500229],[174.7455518,-36.8500229],[174.7455518,-36.8492374],[174.7445463,-36.8492374],[174.7445463,-36.8500229]]]}},{"type":"Feature","id":"B0581","properties":{"z":"Z038","k":"park","h":0.0,"dh":0.0,"td":0.0,"t0":0.0,"g":0,"cbd":0,"d":1.402},"geometry":{"type":"Polygon","coordinates":[[[174.7473553,-36.8514484],[174.7483921,-36.8514484],[174.7483921,-36.8505001],[174.7473553,-36.8505001],[174.7473553,-36.8514484]]]}},{"type":"Feature","id":"B0582","properties":{"z":"Z038","k":"office","h":47.5,"dh":28.5,"td":0.0,"t0":0.0,"g":0,"cbd":0,"d":1.255},"geometry":{"type":"Polygon","coordinates":[[[174.7491062,-36.851344],[174.7500005,-36.851344],[174.7500005,-36.8506046],[174.7491062,-36.8506046],[174.7491062,-36.851344]]]}},{"type":"Feature","id":"B0583","properties":{"z":"Z038","k":"office","h":45.9,"dh":0.0,"td":8.1,"t0":3.16,"g":0,"cbd":0,"d":1.38},"geometry":{"type":"Polygon","coordinates":[[[174.7473141,-36.8501363],[174.7484334,-36.8501363],[174.7484334,-36.8491241],[174.7473141,-36.8491241],[174.7473141,-36.8501363]]]}},{"type":"Feature","id":"B0584","properties":{"z":"Z038","k":"lowrise","h":6.5,"dh":0.0,"td":0.0,"t0":0.0,"g":1,"cbd":0,"d":1.231},"geometry":{"type":"Polygon","coordinates":[[[174.7489178,-36.8501233],[174.7501889,-36.8501233],[174.7501889,-36.8491371],[174.7489178,-36.8491371],[174.7489178,-36.8501233]]]}},{"type":"Feature","id":"B0585","properties":{"z":"Z038","k":"mixed","h":34.0,"dh":0.0,"td":0.0,"t0":0.0,"g":0,"cbd":0,"d":1.78},"geometry":{"type":"Polygon","coordinates":[[[174.7429203,-36.8478707],[174.7438185,-36.8478707],[174.7438185,-36.8468689],[174.7429203,-36.8468689],[174.7429203,-36.8478707]]]}},{"type":"Feature","id":"B0586","properties":{"z":"Z038","k":"mixed","h":38.6,"dh":0.0,"td":0.0,"t0":0.0,"g":0,"cbd":0,"d":1.631},"geometry":{"type":"Polygon","coordinates":[[[174.7445239,-36.8478423],[174.7455742,-36.8478423],[174.7455742,-36.8468973],[174.7445239,-36.8468973],[174.7445239,-36.8478423]]]}},{"type":"Feature","id":"B0587","properties":{"z":"Z038","k":"mixed","h":21.3,"dh":0.0,"td":6.6,"t0":0.0,"g":0,"cbd":0,"d":1.797},"geometry":{"type":"Polygon","coordinates":[[[174.7427414,-36.8464113],[174.7439974,-36.8464113],[174.7439974,-36.8456401],[174.7427414,-36.8456401],[174.7427414,-36.8464113]]]}},{"type":"Feature","id":"B0588","properties":{"z":"Z038","k":"lowrise","h":8.6,"dh":0.0,"td":0.0,"t0":0.0,"g":1,"cbd":0,"d":1.649},"geometry":{"type":"Polygon","coordinates":[[[174.7444654,-36.8465174],[174.7456327,-36.8465174],[174.7456327,-36.8455341],[174.7444654,-36.8455341],[174.7444654,-36.8465174]]]}},{"type":"Feature","id":"B0589","properties":{"z":"Z038","k":"office","h":59.8,"dh":0.0,"td":15.6,"t0":0.0,"g":0,"cbd":0,"d":1.38},"geometry":{"type":"Polygon","coordinates":[[[174.7473815,-36.8477897],[174.7483659,-36.8477897],[174.7483659,-36.84695],[174.7473815,-36.84695],[174.7473815,-36.8477897]]]}},{"type":"Feature","id":"B0590","properties":{"z":"Z038","k":"lowrise","h":12.7,"dh":0.0,"td":0.0,"t0":0.0,"g":1,"cbd":0,"d":1.231},"geometry":{"type":"Polygon","coordinates":[[[174.7489807,-36.8478317],[174.750126,-36.8478317],[174.750126,-36.846908],[174.7489807,-36.846908],[174.7489807,-36.8478317]]]}},{"type":"Feature","id":"B0591","properties":{"z":"Z038","k":"office","h":59.8,"dh":0.0,"td":20.9,"t0":0.0,"g":0,"cbd":0,"d":1.402},"geometry":{"type":"Polygon","coordinates":[[[174.7472741,-36.8463937],[174.7484733,-36.8463937],[174.7484733,-36.8456577],[174.7472741,-36.8456577],[174.7472741,-36.8463937]]]}},{"type":"Feature","id":"B0592","properties":{"z":"Z038","k":"office","h":50.8,"dh":0.0,"td":0.0,"t0":0.0,"g":0,"cbd":0,"d":1.255},"geometry":{"type":"Polygon","coordinates":[[[174.748982,-36.846407],[174.7501248,-36.846407],[174.7501248,-36.8456445],[174.748982,-36.8456445],[174.748982,-36.846407]]]}},{"type":"Feature","id":"B0593","properties":{"z":"Z039","k":"tower","h":106.3,"dh":0.0,"td":53.5,"t0":0.0,"g":0,"cbd":1,"d":1.062},"geometry":{"type":"Polygon","coordinates":[[[174.751314,-36.8513491],[174.7522634,-36.8513491],[174.7522634,-36.8505995],[174.751314,-36.8505995],[174.751314,-36.8513491]]]}},{"type":"Feature","id":"B0594","properties":{"z":"Z039","k":"podium","h":16.5,"dh":0.0,"td":0.0,"t0":0.0,"g":0,"cbd":1,"d":1.062},"geometry":{"type":"Polygon","coordinates":[[[174.7510795,-36.8515418],[174.7524979,-36.8515418],[174.7524979,-36.8504067],[174.7510795,-36.8504067],[174.7510795,-36.8515418]]]}},{"type":"Feature","id":"B0595","properties":{"z":"Z039","k":"tower","h":111.2,"dh":0.0,"td":24.8,"t0":0.0,"g":0,"cbd":1,"d":0.918},"geometry":{"type":"Polygon","coordinates":[[[174.7529125,-36.8514384],[174.7540242,-36.8514384],[174.7540242,-36.8505102],[174.7529125,-36.8505102],[174.7529125,-36.8514384]]]}},{"type":"Feature","id":"B0596","properties":{"z":"Z039","k":"podium","h":14.3,"dh":0.0,"td":0.0,"t0":0.0,"g":0,"cbd":1,"d":0.918},"geometry":{"type":"Polygon","coordinates":[[[174.7527591,-36.8515418],[174.7541776,-36.8515418],[174.7541776,-36.8504067],[174.7527591,-36.8504067],[174.7527591,-36.8515418]]]}},{"type":"Feature","id":"B0597","properties":{"z":"Z039","k":"lowrise","h":11.3,"dh":0.0,"td":0.0,"t0":0.0,"g":1,"cbd":1,"d":1.033},"geometry":{"type":"Polygon","coordinates":[[[174.7511439,-36.8500186],[174.7524335,-36.8500186],[174.7524335,-36.8492418],[174.7511439,-36.8492418],[174.7511439,-36.8500186]]]}},{"type":"Feature","id":"B0598","properties":{"z":"Z039","k":"tower","h":124.3,"dh":0.0,"td":67.9,"t0":0.0,"g":0,"cbd":1,"d":0.885},"geometry":{"type":"Polygon","coordinates":[[[174.7530156,-36.8500991],[174.7539211,-36.8500991],[174.7539211,-36.8491612],[174.7530156,-36.8491612],[174.7530156,-36.8500991]]]}},{"type":"Feature","id":"B0599","properties":{"z":"Z039","k":"podium","h":16.7,"dh":0.0,"td":0.0,"t0":0.0,"g":0,"cbd":1,"d":0.885},"geometry":{"type":"Polygon","coordinates":[[[174.7527591,-36.8501977],[174.7541776,-36.8501977],[174.7541776,-36.8490626],[174.7527591,-36.8490626],[174.7527591,-36.8501977]]]}},{"type":"Feature","id":"B0600","properties":{"z":"Z039","k":"tower","h":112.2,"dh":0.0,"td":0.0,"t0":0.0,"g":0,"cbd":1,"d":0.682},"geometry":{"type":"Polygon","coordinates":[[[174.7556648,-36.8513973],[174.7569213,-36.8513973],[174.7569213,-36.8505513],[174.7556648,-36.8505513],[174.7556648,-36.8513973]]]}},{"type":"Feature","id":"B0601","properties":{"z":"Z039","k":"podium","h":13.1,"dh":0.0,"td":0.0,"t0":0.0,"g":0,"cbd":1,"d":0.682},"geometry":{"type":"Polygon","coordinates":[[[174.7555838,-36.8515418],[174.7570023,-36.8515418],[174.7570023,-36.8504067],[174.7555838,-36.8504067],[174.7555838,-36.8515418]]]}},{"type":"Feature","id":"B0602","properties":{"z":"Z039","k":"lowrise","h":18.1,"dh":0.0,"td":0.0,"t0":5.43,"g":1,"cbd":1,"d":0.549},"geometry":{"type":"Polygon","coordinates":[[[174.7573975,-36.8514344],[174.7585479,-36.8514344],[174.7585479,-36.8505142],[174.7573975,-36.8505142],[174.7573975,-36.8514344]]]}},{"type":"Feature","id":"B0603","properties":{"z":"Z039","k":"lowrise","h":6.9,"dh":0.0,"td":4.1,"t0":0.0,"g":0,"cbd":1,"d":0.637},"geometry":{"type":"Polygon","coordinates":[[[174.755662,-36.8500638],[174.7569241,-36.8500638],[174.7569241,-36.8491966],[174.755662,-36.8491966],[174.755662,-36.8500638]]]}},{"type":"Feature","id":"B0604","properties":{"z":"Z039","k":"lowrise","h":7.6,"dh":0.0,"td":0.0,"t0":0.0,"g":1,"cbd":1,"d":0.491},"geometry":{"type":"Polygon","coordinates":[[[174.7574122,-36.8500874],[174.7585332,-36.8500874],[174.7585332,-36.8491729],[174.7574122,-36.8491729],[174.7574122,-36.8500874]]]}},{"type":"Feature","id":"B0605","properties":{"z":"Z039","k":"tower","h":114.0,"dh":0.0,"td":0.0,"t0":0.0,"g":0,"cbd":1,"d":1.033},"geometry":{"type":"Polygon","coordinates":[[[174.7512768,-36.8478664],[174.7523006,-36.8478664],[174.7523006,-36.8468733],[174.7512768,-36.8468733],[174.7512768,-36.8478664]]]}},{"type":"Feature","id":"B0606","properties":{"z":"Z039","k":"podium","h":16.5,"dh":0.0,"td":0.0,"t0":0.0,"g":0,"cbd":1,"d":1.033},"geometry":{"type":"Polygon","coordinates":[[[174.7510795,-36.8479374],[174.7524979,-36.8479374],[174.7524979,-36.8468023],[174.7510795,-36.8468023],[174.7510795,-36.8479374]]]}},{"type":"Feature","id":"B0607","properties":{"z":"Z039","k":"lowrise","h":5.2,"dh":0.0,"td":0.0,"t0":0.0,"g":0,"cbd":1,"d":0.885},"geometry":{"type":"Polygon","coordinates":[[[174.7529753,-36.8477463],[174.7539614,-36.8477463],[174.7539614,-36.8469933],[174.7529753,-36.8469933],[174.7529753,-36.8477463]]]}},{"type":"Feature","id":"B0608","properties":{"z":"Z039","k":"office","h":51.8,"dh":0.0,"td":0.0,"t0":0.0,"g":0,"cbd":1,"d":1.062},"geometry":{"type":"Polygon","coordinates":[[[174.7512442,-36.8463916],[174.7523332,-36.8463916],[174.7523332,-36.8456598],[174.7512442,-36.8456598],[174.7512442,-36.8463916]]]}},{"type":"Feature","id":"B0609","properties":{"z":"Z039","k":"tower","h":120.2,"dh":0.0,"td":0.0,"t0":1.04,"g":0,"cbd":1,"d":0.918},"geometry":{"type":"Polygon","coordinates":[[[174.7528718,-36.8465003],[174.7540649,-36.8465003],[174.7540649,-36.8455511],[174.7528718,-36.8455511],[174.7528718,-36.8465003]]]}},{"type":"Feature","id":"B0610","properties":{"z":"Z039","k":"podium","h":18.5,"dh":0.0,"td":0.0,"t0":1.04,"g":0,"cbd":1,"d":0.918},"geometry":{"type":"Polygon","coordinates":[[[174.7527591,-36.8465933],[174.7541776,-36.8465933],[174.7541776,-36.8454582],[174.7527591,-36.8454582],[174.7527591,-36.8465933]]]}},{"type":"Feature","id":"B0611","properties":{"z":"Z039","k":"office","h":81.0,"dh":0.0,"td":0.0,"t0":0.0,"g":0,"cbd":1,"d":0.637},"geometry":{"type":"Polygon","coordinates":[[[174.7556919,-36.8478478],[174.7568941,-36.8478478],[174.7568941,-36.8468919],[174.7556919,-36.8468919],[174.7556919,-36.8478478]]]}},{"type":"Feature","id":"B0612","properties":{"z":"Z039","k":"lowrise","h":12.1,"dh":0.0,"td":0.0,"t0":0.0,"g":1,"cbd":1,"d":0.491},"geometry":{"type":"Polygon","coordinates":[[[174.7574716,-36.847766],[174.7584737,-36.847766],[174.7584737,-36.8469736],[174.7574716,-36.8469736],[174.7574716,-36.847766]]]}},{"type":"Feature","id":"B0613","properties":{"z":"Z039","k":"office","h":74.8,"dh":0.0,"td":40.3,"t0":0.0,"g":0,"cbd":1,"d":0.682},"geometry":{"type":"Polygon","coordinates":[[[174.7556573,-36.8464141],[174.7569288,-36.8464141],[174.7569288,-36.8456374],[174.7556573,-36.8456374],[174.7556573,-36.8464141]]]}},{"type":"Feature","id":"B0614","properties":{"z":"Z039","k":"tower","h":112.3,"dh":0.0,"td":27.5,"t0":0.0,"g":0,"cbd":1,"d":0.549},"geometry":{"type":"Polygon","coordinates":[[[174.7573732,-36.8465131],[174.7585721,-36.8465131],[174.7585721,-36.8455384],[174.7573732,-36.8455384],[174.7573732,-36.8465131]]]}},{"type":"Feature","id":"B0615","properties":{"z":"Z039","k":"podium","h":12.9,"dh":0.0,"td":0.0,"t0":0.0,"g":0,"cbd":1,"d":0.549},"geometry":{"type":"Polygon","coordinates":[[[174.7572634,-36.8465933],[174.7586819,-36.8465933],[174.7586819,-36.8454582],[174.7572634,-36.8454582],[174.7572634,-36.8465933]]]}},{"type":"Feature","id":"B0616","properties":{"z":"Z040","k":"tower","h":238.0,"dh":0.0,"td":0.0,"t0":0.0,"g":0,"cbd":1,"d":0.39},"geometry":{"type":"Polygon","coordinates":[[[174.7596232,-36.851411],[174.7607928,-36.851411],[174.7607928,-36.8505376],[174.7596232,-36.8505376],[174.7596232,-36.851411]]]}},{"type":"Feature","id":"B0617","properties":{"z":"Z040","k":"podium","h":15.7,"dh":0.0,"td":0.0,"t0":0.0,"g":0,"cbd":1,"d":0.39},"geometry":{"type":"Polygon","coordinates":[[[174.7594988,-36.8515418],[174.7609173,-36.8515418],[174.7609173,-36.8504067],[174.7594988,-36.8504067],[174.7594988,-36.8515418]]]}},{"type":"Feature","id":"B0618","properties":{"z":"Z040","k":"tower","h":165.7,"dh":0.0,"td":0.0,"t0":0.0,"g":0,"cbd":1,"d":0.303},"geometry":{"type":"Polygon","coordinates":[[[174.7595878,-36.8501224],[174.7608282,-36.8501224],[174.7608282,-36.8491379],[174.7595878,-36.8491379],[174.7595878,-36.8501224]]]}},{"type":"Feature","id":"B0619","properties":{"z":"Z040","k":"podium","h":14.5,"dh":0.0,"td":0.0,"t0":0.0,"g":0,"cbd":1,"d":0.303},"geometry":{"type":"Polygon","coordinates":[[[174.7594988,-36.8501977],[174.7609173,-36.8501977],[174.7609173,-36.8490626],[174.7594988,-36.8490626],[174.7594988,-36.8501977]]]}},{"type":"Feature","id":"B0620","properties":{"z":"Z040","k":"tower","h":324.4,"dh":0.0,"td":0.0,"t0":7.37,"g":0,"cbd":1,"d":0.178},"geometry":{"type":"Polygon","coordinates":[[[174.7613804,-36.8500856],[174.7623949,-36.8500856],[174.7623949,-36.8491748],[174.7613804,-36.8491748],[174.7613804,-36.8500856]]]}},{"type":"Feature","id":"B0621","properties":{"z":"Z040","k":"podium","h":17.3,"dh":0.0,"td":0.0,"t0":7.37,"g":0,"cbd":1,"d":0.178},"geometry":{"type":"Polygon","coordinates":[[[174.7611784,-36.8501977],[174.7625969,-36.8501977],[174.7625969,-36.8490626],[174.7611784,-36.8490626],[174.7611784,-36.8501977]]]}},{"type":"Feature","id":"B0622","properties":{"z":"Z040","k":"tower","h":177.0,"dh":0.0,"td":0.0,"t0":0.0,"g":0,"cbd":1,"d":0.303},"geometry":{"type":"Polygon","coordinates":[[[174.7595879,-36.8478295],[174.7608281,-36.8478295],[174.7608281,-36.8469101],[174.7595879,-36.8469101],[174.7595879,-36.8478295]]]}},{"type":"Feature","id":"B0623","properties":{"z":"Z040","k":"podium","h":16.5,"dh":0.0,"td":0.0,"t0":0.0,"g":0,"cbd":1,"d":0.303},"geometry":{"type":"Polygon","coordinates":[[[174.7594988,-36.8479374],[174.7609173,-36.8479374],[174.7609173,-36.8468023],[174.7594988,-36.8468023],[174.7594988,-36.8479374]]]}},{"type":"Feature","id":"B0624","properties":{"z":"Z040","k":"tower","h":289.7,"dh":0.0,"td":0.0,"t0":3.42,"g":0,"cbd":1,"d":0.178},"geometry":{"type":"Polygon","coordinates":[[[174.7613208,-36.8478599],[174.7624545,-36.8478599],[174.7624545,-36.8468798],[174.7613208,-36.8468798],[174.7613208,-36.8478599]]]}},{"type":"Feature","id":"B0625","properties":{"z":"Z040","k":"podium","h":14.6,"dh":0.0,"td":0.0,"t0":3.42,"g":0,"cbd":1,"d":0.178},"geometry":{"type":"Polygon","coordinates":[[[174.7611784,-36.8479374],[174.7625969,-36.8479374],[174.7625969,-36.8468023],[174.7611784,-36.8468023],[174.7611784,-36.8479374]]]}},{"type":"Feature","id":"B0626","properties":{"z":"Z040","k":"tower","h":186.7,"dh":0.0,"td":0.0,"t0":0.0,"g":0,"cbd":1,"d":0.39},"geometry":{"type":"Polygon","coordinates":[[[174.759743,-36.8464881],[174.760673,-36.8464881],[174.760673,-36.8455634],[174.759743,-36.8455634],[174.759743,-36.8464881]]]}},{"type":"Feature","id":"B0627","properties":{"z":"Z040","k":"podium","h":17.1,"dh":0.0,"td":0.0,"t0":0.0,"g":0,"cbd":1,"d":0.39},"geometry":{"type":"Polygon","coordinates":[[[174.7594988,-36.8465933],[174.7609173,-36.8465933],[174.7609173,-36.8454582],[174.7594988,-36.8454582],[174.7594988,-36.8465933]]]}},{"type":"Feature","id":"B0628","properties":{"z":"Z040","k":"lowrise","h":12.8,"dh":0.0,"td":0.0,"t0":0.0,"g":1,"cbd":1,"d":0.303},"geometry":{"type":"Polygon","coordinates":[[[174.7614001,-36.8465028],[174.7623752,-36.8465028],[174.7623752,-36.8455486],[174.7614001,-36.8455486],[174.7614001,-36.8465028]]]}},{"type":"Feature","id":"B0629","properties":{"z":"Z041","k":"tower","h":167.3,"dh":0.0,"td":105.9,"t0":0.0,"g":0,"cbd":1,"d":0.549},"geometry":{"type":"Polygon","coordinates":[[[174.7680318,-36.8513731],[174.7692229,-36.8513731],[174.7692229,-36.8505754],[174.7680318,-36.8505754],[174.7680318,-36.8513731]]]}},{"type":"Feature","id":"B0630","properties":{"z":"Z041","k":"podium","h":15.3,"dh":0.0,"td":0.0,"t0":0.0,"g":0,"cbd":1,"d":0.549},"geometry":{"type":"Polygon","coordinates":[[[174.7679181,-36.8515418],[174.7693366,-36.8515418],[174.7693366,-36.8504067],[174.7679181,-36.8504067],[174.7679181,-36.8515418]]]}},{"type":"Feature","id":"B0631","properties":{"z":"Z041","k":"lowrise","h":12.4,"dh":0.0,"td":0.0,"t0":0.0,"g":1,"cbd":1,"d":0.682},"geometry":{"type":"Polygon","coordinates":[[[174.7696967,-36.8513707],[174.7709172,-36.8513707],[174.7709172,-36.8505779],[174.7696967,-36.8505779],[174.7696967,-36.8513707]]]}},{"type":"Feature","id":"B0632","properties":{"z":"Z041","k":"park","h":0.0,"dh":0.0,"td":0.0,"t0":0.0,"g":0,"cbd":1,"d":0.491},"geometry":{"type":"Polygon","coordinates":[[[174.7679888,-36.8501299],[174.7692659,-36.8501299],[174.7692659,-36.8491305],[174.7679888,-36.8491305],[174.7679888,-36.8501299]]]}},{"type":"Feature","id":"B0633","properties":{"z":"Z041","k":"lowrise","h":10.2,"dh":0.0,"td":0.0,"t0":0.0,"g":0,"cbd":1,"d":0.637},"geometry":{"type":"Polygon","coordinates":[[[174.7698033,-36.8500461],[174.7708106,-36.8500461],[174.7708106,-36.8492142],[174.7698033,-36.8492142],[174.7698033,-36.8500461]]]}},{"type":"Feature","id":"B0634","properties":{"z":"Z041","k":"office","h":67.4,"dh":0.0,"td":17.2,"t0":0.0,"g":0,"cbd":1,"d":0.918},"geometry":{"type":"Polygon","coordinates":[[[174.7725714,-36.8514298],[174.7736919,-36.8514298],[174.7736919,-36.8505187],[174.7725714,-36.8505187],[174.7725714,-36.8514298]]]}},{"type":"Feature","id":"B0635","properties":{"z":"Z041","k":"office","h":46.0,"dh":19.0,"td":0.0,"t0":0.0,"g":0,"cbd":1,"d":1.062},"geometry":{"type":"Polygon","coordinates":[[[174.7741927,-36.8514364],[174.7754299,-36.8514364],[174.7754299,-36.8505121],[174.7741927,-36.8505121],[174.7741927,-36.8514364]]]}},{"type":"Feature","id":"B0636","properties":{"z":"Z041","k":"lowrise","h":8.4,"dh":0.0,"td":0.0,"t0":0.0,"g":1,"cbd":1,"d":0.885},"geometry":{"type":"Polygon","coordinates":[[[174.7726006,-36.8500757],[174.7736627,-36.8500757],[174.7736627,-36.8491847],[174.7726006,-36.8491847],[174.7726006,-36.8500757]]]}},{"type":"Feature","id":"B0637","properties":{"z":"Z041","k":"lowrise","h":11.8,"dh":0.0,"td":0.0,"t0":0.0,"g":1,"cbd":1,"d":1.033},"geometry":{"type":"Polygon","coordinates":[[[174.7741906,-36.8501215],[174.775432,-36.8501215],[174.775432,-36.8491389],[174.7741906,-36.8491389],[174.7741906,-36.8501215]]]}},{"type":"Feature","id":"B0638","properties":{"z":"Z041","k":"tower","h":116.5,"dh":0.0,"td":0.0,"t0":0.0,"g":0,"cbd":1,"d":0.491},"geometry":{"type":"Polygon","coordinates":[[[174.7681156,-36.8477957],[174.769139,-36.8477957],[174.769139,-36.8469439],[174.7681156,-36.8469439],[174.7681156,-36.8477957]]]}},{"type":"Feature","id":"B0639","properties":{"z":"Z041","k":"podium","h":14.2,"dh":0.0,"td":0.0,"t0":0.0,"g":0,"cbd":1,"d":0.491},"geometry":{"type":"Polygon","coordinates":[[[174.7679181,-36.8479374],[174.7693366,-36.8479374],[174.7693366,-36.8468023],[174.7679181,-36.8468023],[174.7679181,-36.8479374]]]}},{"type":"Feature","id":"B0640","properties":{"z":"Z041","k":"tower","h":144.6,"dh":0.0,"td":0.0,"t0":0.0,"g":0,"cbd":1,"d":0.637},"geometry":{"type":"Polygon","coordinates":[[[174.7697347,-36.8478455],[174.7708792,-36.8478455],[174.7708792,-36.8468941],[174.7697347,-36.8468941],[174.7697347,-36.8478455]]]}},{"type":"Feature","id":"B0641","properties":{"z":"Z041","k":"podium","h":14.2,"dh":0.0,"td":0.0,"t0":0.0,"g":0,"cbd":1,"d":0.637},"geometry":{"type":"Polygon","coordinates":[[[174.7695977,-36.8479374],[174.7710162,-36.8479374],[174.7710162,-36.8468023],[174.7695977,-36.8468023],[174.7695977,-36.8479374]]]}},{"type":"Feature","id":"B0642","properties":{"z":"Z041","k":"office","h":84.6,"dh":0.0,"td":0.0,"t0":0.0,"g":0,"cbd":1,"d":0.549},"geometry":{"type":"Polygon","coordinates":[[[174.7681339,-36.8465026],[174.7691207,-36.8465026],[174.7691207,-36.8455489],[174.7681339,-36.8455489],[174.7681339,-36.8465026]]]}},{"type":"Feature","id":"B0643","properties":{"z":"Z041","k":"office","h":75.5,"dh":0.0,"td":0.0,"t0":0.0,"g":0,"cbd":1,"d":0.682},"geometry":{"type":"Polygon","coordinates":[[[174.769674,-36.846392],[174.7709399,-36.846392],[174.7709399,-36.8456594],[174.769674,-36.8456594],[174.769674,-36.846392]]]}},{"type":"Feature","id":"B0644","properties":{"z":"Z041","k":"lowrise","h":7.4,"dh":0.0,"td":0.0,"t0":0.0,"g":1,"cbd":1,"d":0.885},"geometry":{"type":"Polygon","coordinates":[[[174.7725699,-36.8477356],[174.7736934,-36.8477356],[174.7736934,-36.8470041],[174.7725699,-36.8470041],[174.7725699,-36.8477356]]]}},{"type":"Feature","id":"B0645","properties":{"z":"Z041","k":"office","h":50.1,"dh":0.0,"td":0.0,"t0":0.0,"g":0,"cbd":1,"d":1.033},"geometry":{"type":"Polygon","coordinates":[[[174.7742142,-36.8477692],[174.7754084,-36.8477692],[174.7754084,-36.8469705],[174.7742142,-36.8469705],[174.7742142,-36.8477692]]]}},{"type":"Feature","id":"B0646","properties":{"z":"Z041","k":"tower","h":124.1,"dh":0.0,"td":0.0,"t0":0.0,"g":0,"cbd":1,"d":0.918},"geometry":{"type":"Polygon","coordinates":[[[174.772539,-36.8464846],[174.7737243,-36.8464846],[174.7737243,-36.8455668],[174.772539,-36.8455668],[174.772539,-36.8464846]]]}},{"type":"Feature","id":"B0647","properties":{"z":"Z041","k":"podium","h":18.6,"dh":0.0,"td":0.0,"t0":0.0,"g":0,"cbd":1,"d":0.918},"geometry":{"type":"Polygon","coordinates":[[[174.7724224,-36.8465933],[174.7738409,-36.8465933],[174.7738409,-36.8454582],[174.7724224,-36.8454582],[174.7724224,-36.8465933]]]}},{"type":"Feature","id":"B0648","properties":{"z":"Z041","k":"tower","h":107.1,"dh":0.0,"td":46.1,"t0":0.0,"g":0,"cbd":1,"d":1.062},"geometry":{"type":"Polygon","coordinates":[[[174.7742555,-36.846403],[174.7753671,-36.846403],[174.7753671,-36.8456484],[174.7742555,-36.8456484],[174.7742555,-36.846403]]]}},{"type":"Feature","id":"B0649","properties":{"z":"Z041","k":"podium","h":11.5,"dh":0.0,"td":0.0,"t0":0.0,"g":0,"cbd":1,"d":1.062},"geometry":{"type":"Polygon","coordinates":[[[174.7741021,-36.8465933],[174.7755205,-36.8465933],[174.7755205,-36.8454582],[174.7741021,-36.8454582],[174.7741021,-36.8465933]]]}},{"type":"Feature","id":"B0650","properties":{"z":"Z042","k":"mixed","h":32.8,"dh":0.0,"td":0.0,"t0":0.0,"g":0,"cbd":0,"d":1.255},"geometry":{"type":"Polygon","coordinates":[[[174.7766009,-36.851405],[174.7774923,-36.851405],[174.7774923,-36.8505436],[174.7766009,-36.8505436],[174.7766009,-36.851405]]]}},{"type":"Feature","id":"B0651","properties":{"z":"Z042","k":"park","h":0.0,"dh":0.0,"td":0.0,"t0":0.0,"g":0,"cbd":0,"d":1.402},"geometry":{"type":"Polygon","coordinates":[[[174.778083,-36.8514154],[174.7793695,-36.8514154],[174.7793695,-36.8505331],[174.778083,-36.8505331],[174.778083,-36.8514154]]]}},{"type":"Feature","id":"B0652","properties":{"z":"Z042","k":"park","h":0.0,"dh":0.0,"td":0.0,"t0":0.0,"g":0,"cbd":0,"d":1.231},"geometry":{"type":"Polygon","coordinates":[[[174.7765726,-36.8500026],[174.7775206,-36.8500026],[174.7775206,-36.8492578],[174.7765726,-36.8492578],[174.7765726,-36.8500026]]]}},{"type":"Feature","id":"B0653","properties":{"z":"Z042","k":"office","h":51.3,"dh":0.0,"td":20.7,"t0":0.0,"g":0,"cbd":0,"d":1.38},"geometry":{"type":"Polygon","coordinates":[[[174.7781722,-36.8500728],[174.7792803,-36.8500728],[174.7792803,-36.8491876],[174.7781722,-36.8491876],[174.7781722,-36.8500728]]]}},{"type":"Feature","id":"B0654","properties":{"z":"Z042","k":"lowrise","h":12.9,"dh":0.0,"td":0.0,"t0":0.0,"g":1,"cbd":0,"d":1.649},"geometry":{"type":"Polygon","coordinates":[[[174.7809257,-36.8514638],[174.7821763,-36.8514638],[174.7821763,-36.8504848],[174.7809257,-36.8504848],[174.7809257,-36.8514638]]]}},{"type":"Feature","id":"B0655","properties":{"z":"Z042","k":"mixed","h":34.2,"dh":0.0,"td":0.0,"t0":0.0,"g":0,"cbd":0,"d":1.797},"geometry":{"type":"Polygon","coordinates":[[[174.782768,-36.8513931],[174.7836932,-36.8513931],[174.7836932,-36.8505555],[174.782768,-36.8505555],[174.782768,-36.8513931]]]}},{"type":"Feature","id":"B0656","properties":{"z":"Z042","k":"mixed","h":37.6,"dh":0.0,"td":0.0,"t0":0.0,"g":0,"cbd":0,"d":1.631},"geometry":{"type":"Polygon","coordinates":[[[174.7809212,-36.8499992],[174.7821808,-36.8499992],[174.7821808,-36.8492612],[174.7809212,-36.8492612],[174.7809212,-36.8499992]]]}},{"type":"Feature","id":"B0657","properties":{"z":"Z042","k":"mixed","h":32.6,"dh":0.0,"td":7.2,"t0":0.0,"g":0,"cbd":0,"d":1.78},"geometry":{"type":"Polygon","coordinates":[[[174.7827795,-36.8499976],[174.7836817,-36.8499976],[174.7836817,-36.8492628],[174.7827795,-36.8492628],[174.7827795,-36.8499976]]]}},{"type":"Feature","id":"B0658","properties":{"z":"Z042","k":"office","h":52.9,"dh":0.0,"td":0.0,"t0":0.0,"g":0,"cbd":0,"d":1.231},"geometry":{"type":"Polygon","coordinates":[[[174.7764985,-36.8478457],[174.7775948,-36.8478457],[174.7775948,-36.8468939],[174.7764985,-36.8468939],[174.7764985,-36.8478457]]]}},{"type":"Feature","id":"B0659","properties":{"z":"Z042","k":"mixed","h":28.7,"dh":0.0,"td":0.0,"t0":0.0,"g":0,"cbd":0,"d":1.38},"geometry":{"type":"Polygon","coordinates":[[[174.7781522,-36.8477312],[174.7793004,-36.8477312],[174.7793004,-36.8470084],[174.7781522,-36.8470084],[174.7781522,-36.8477312]]]}},{"type":"Feature","id":"B0660","properties":{"z":"Z042","k":"mixed","h":32.4,"dh":0.0,"td":0.0,"t0":0.0,"g":0,"cbd":0,"d":1.255},"geometry":{"type":"Polygon","coordinates":[[[174.7764614,-36.8465412],[174.7776318,-36.8465412],[174.7776318,-36.8455102],[174.7764614,-36.8455102],[174.7764614,-36.8465412]]]}},{"type":"Feature","id":"B0661","properties":{"z":"Z042","k":"office","h":46.5,"dh":0.0,"td":0.0,"t0":0.0,"g":0,"cbd":0,"d":1.402},"geometry":{"type":"Polygon","coordinates":[[[174.7782179,-36.846486],[174.7792346,-36.846486],[174.7792346,-36.8455654],[174.7782179,-36.8455654],[174.7782179,-36.846486]]]}},{"type":"Feature","id":"B0662","properties":{"z":"Z042","k":"mixed","h":37.8,"dh":0.0,"td":9.7,"t0":1.07,"g":0,"cbd":0,"d":1.631},"geometry":{"type":"Polygon","coordinates":[[[174.7810259,-36.8478404],[174.782076,-36.8478404],[174.782076,-36.8468993],[174.7810259,-36.8468993],[174.7810259,-36.8478404]]]}},{"type":"Feature","id":"B0663","properties":{"z":"Z042","k":"mixed","h":32.6,"dh":0.0,"td":0.0,"t0":0.0,"g":0,"cbd":0,"d":1.78},"geometry":{"type":"Polygon","coordinates":[[[174.7826049,-36.8477515],[174.7838563,-36.8477515],[174.7838563,-36.8469881],[174.7826049,-36.8469881],[174.7826049,-36.8477515]]]}},{"type":"Feature","id":"B0664","properties":{"z":"Z042","k":"office","h":45.1,"dh":18.0,"td":0.0,"t0":0.0,"g":0,"cbd":0,"d":1.649},"geometry":{"type":"Polygon","coordinates":[[[174.7809012,-36.8465378],[174.7822007,-36.8465378],[174.7822007,-36.8455136],[174.7809012,-36.8455136],[174.7809012,-36.8465378]]]}},{"type":"Feature","id":"B0665","properties":{"z":"Z042","k":"park","h":0.0,"dh":0.0,"td":0.0,"t0":0.0,"g":0,"cbd":0,"d":1.797},"geometry":{"type":"Polygon","coordinates":[[[174.7827024,-36.8464095],[174.7837588,-36.8464095],[174.7837588,-36.8456419],[174.7827024,-36.8456419],[174.7827024,-36.8464095]]]}},{"type":"Feature","id":"B0666","properties":{"z":"Z043","k":"residential","h":11.7,"dh":0.0,"td":0.0,"t0":0.0,"g":0,"cbd":0,"d":1.994},"geometry":{"type":"Polygon","coordinates":[[[174.7848577,-36.8514649],[174.7860741,-36.8514649],[174.7860741,-36.8504837],[174.7848577,-36.8504837],[174.7848577,-36.8514649]]]}},{"type":"Feature","id":"B0667","properties":{"z":"Z043","k":"residential","h":19.7,"dh":0.0,"td":4.1,"t0":0.0,"g":0,"cbd":0,"d":2.142},"geometry":{"type":"Polygon","coordinates":[[[174.7865624,-36.8513346],[174.7877288,-36.8513346],[174.7877288,-36.850614],[174.7865624,-36.850614],[174.7865624,-36.8513346]]]}},{"type":"Feature","id":"B0668","properties":{"z":"Z043","k":"residential","h":21.1,"dh":0.0,"td":0.0,"t0":0.0,"g":0,"cbd":0,"d":1.979},"geometry":{"type":"Polygon","coordinates":[[[174.7848717,-36.850126],[174.7860601,-36.850126],[174.7860601,-36.8491344],[174.7848717,-36.8491344],[174.7848717,-36.850126]]]}},{"type":"Feature","id":"B0669","properties":{"z":"Z043","k":"residential","h":17.6,"dh":0.0,"td":1.9,"t0":0.0,"g":0,"cbd":0,"d":2.128},"geometry":{"type":"Polygon","coordinates":[[[174.7866306,-36.8501238],[174.7876606,-36.8501238],[174.7876606,-36.8491366],[174.7866306,-36.8491366],[174.7866306,-36.8501238]]]}},{"type":"Feature","id":"B0670","properties":{"z":"Z043","k":"residential","h":10.5,"dh":0.0,"td":0.0,"t0":0.0,"g":0,"cbd":0,"d":2.392},"geometry":{"type":"Polygon","coordinates":[[[174.789351,-36.8513971],[174.7905895,-36.8513971],[174.7905895,-36.8505515],[174.789351,-36.8505515],[174.789351,-36.8513971]]]}},{"type":"Feature","id":"B0671","properties":{"z":"Z043","k":"park","h":0.0,"dh":0.0,"td":0.0,"t0":0.0,"g":0,"cbd":0,"d":2.54},"geometry":{"type":"Polygon","coordinates":[[[174.7911122,-36.851492],[174.7921876,-36.851492],[174.7921876,-36.8504565],[174.7911122,-36.8504565],[174.7911122,-36.851492]]]}},{"type":"Feature","id":"B0672","properties":{"z":"Z043","k":"residential","h":11.6,"dh":5.1,"td":0.0,"t0":0.0,"g":0,"cbd":0,"d":2.379},"geometry":{"type":"Polygon","coordinates":[[[174.7894076,-36.8501113],[174.790533,-36.8501113],[174.790533,-36.8491491],[174.7894076,-36.8491491],[174.7894076,-36.8501113]]]}},{"type":"Feature","id":"B0673","properties":{"z":"Z043","k":"residential","h":16.8,"dh":0.0,"td":0.0,"t0":0.0,"g":0,"cbd":0,"d":2.529},"geometry":{"type":"Polygon","coordinates":[[[174.7910692,-36.8500238],[174.7922307,-36.8500238],[174.7922307,-36.8492366],[174.7910692,-36.8492366],[174.7910692,-36.8500238]]]}},{"type":"Feature","id":"B0674","properties":{"z":"Z043","k":"park","h":0.0,"dh":0.0,"td":0.0,"t0":0.0,"g":0,"cbd":0,"d":1.979},"geometry":{"type":"Polygon","coordinates":[[[174.7849408,-36.8478601],[174.7859911,-36.8478601],[174.7859911,-36.8468795],[174.7849408,-36.8468795],[174.7849408,-36.8478601]]]}},{"type":"Feature","id":"B0675","properties":{"z":"Z043","k":"park","h":0.0,"dh":0.0,"td":0.0,"t0":0.0,"g":0,"cbd":0,"d":2.128},"geometry":{"type":"Polygon","coordinates":[[[174.7865124,-36.8478352],[174.7877787,-36.8478352],[174.7877787,-36.8469045],[174.7865124,-36.8469045],[174.7865124,-36.8478352]]]}},{"type":"Feature","id":"B0676","properties":{"z":"Z043","k":"residential","h":18.5,"dh":6.1,"td":6.7,"t0":0.0,"g":0,"cbd":0,"d":1.994},"geometry":{"type":"Polygon","coordinates":[[[174.78495,-36.8464759],[174.7859819,-36.8464759],[174.7859819,-36.8455756],[174.78495,-36.8455756],[174.78495,-36.8464759]]]}},{"type":"Feature","id":"B0677","properties":{"z":"Z043","k":"park","h":0.0,"dh":0.0,"td":0.0,"t0":0.0,"g":0,"cbd":0,"d":2.142},"geometry":{"type":"Polygon","coordinates":[[[174.7866415,-36.846475],[174.7876496,-36.846475],[174.7876496,-36.8455764],[174.7866415,-36.8455764],[174.7866415,-36.846475]]]}},{"type":"Feature","id":"B0678","properties":{"z":"Z043","k":"residential","h":17.1,"dh":7.8,"td":1.9,"t0":0.0,"g":0,"cbd":0,"d":2.379},"geometry":{"type":"Polygon","coordinates":[[[174.7893295,-36.8478698],[174.790611,-36.8478698],[174.790611,-36.8468698],[174.7893295,-36.8468698],[174.7893295,-36.8478698]]]}},{"type":"Feature","id":"B0679","properties":{"z":"Z043","k":"residential","h":10.2,"dh":0.0,"td":1.6,"t0":0.0,"g":0,"cbd":0,"d":2.529},"geometry":{"type":"Polygon","coordinates":[[[174.7911534,-36.8477714],[174.7921465,-36.8477714],[174.7921465,-36.8469682],[174.7911534,-36.8469682],[174.7911534,-36.8477714]]]}},{"type":"Feature","id":"B0680","properties":{"z":"Z043","k":"residential","h":11.0,"dh":0.0,"td":1.1,"t0":0.0,"g":0,"cbd":0,"d":2.392},"geometry":{"type":"Polygon","coordinates":[[[174.7893209,-36.8465091],[174.7906197,-36.8465091],[174.7906197,-36.8455423],[174.7893209,-36.8455423],[174.7893209,-36.8465091]]]}},{"type":"Feature","id":"B0681","properties":{"z":"Z043","k":"residential","h":17.0,"dh":8.1,"td":0.0,"t0":0.0,"g":0,"cbd":0,"d":2.54},"geometry":{"type":"Polygon","coordinates":[[[174.7911385,-36.8465091],[174.7921613,-36.8465091],[174.7921613,-36.8455423],[174.7911385,-36.8455423],[174.7911385,-36.8465091]]]}},{"type":"Feature","id":"B0682","properties":{"z":"Z044","k":"residential","h":13.9,"dh":0.0,"td":0.0,"t0":0.0,"g":0,"cbd":0,"d":2.738},"geometry":{"type":"Polygon","coordinates":[[[174.7934254,-36.851478],[174.7943451,-36.851478],[174.7943451,-36.8504706],[174.7934254,-36.8504706],[174.7934254,-36.851478]]]}},{"type":"Feature","id":"B0683","properties":{"z":"Z044","k":"residential","h":13.6,"dh":7.6,"td":0.0,"t0":0.0,"g":0,"cbd":0,"d":2.887},"geometry":{"type":"Polygon","coordinates":[[[174.7949752,-36.8513399],[174.7961546,-36.8513399],[174.7961546,-36.8506086],[174.7949752,-36.8506086],[174.7949752,-36.8513399]]]}},{"type":"Feature","id":"B0684","properties":{"z":"Z044","k":"park","h":0.0,"dh":0.0,"td":0.0,"t0":0.0,"g":0,"cbd":0,"d":2.727},"geometry":{"type":"Polygon","coordinates":[[[174.7933547,-36.8499888],[174.7944158,-36.8499888],[174.7944158,-36.8492715],[174.7933547,-36.8492715],[174.7933547,-36.8499888]]]}},{"type":"Feature","id":"B0685","properties":{"z":"Z044","k":"park","h":0.0,"dh":0.0,"td":0.0,"t0":0.0,"g":0,"cbd":0,"d":2.877},"geometry":{"type":"Polygon","coordinates":[[[174.7950627,-36.8500179],[174.7960671,-36.8500179],[174.7960671,-36.8492425],[174.7950627,-36.8492425],[174.7950627,-36.8500179]]]}},{"type":"Feature","id":"B0686","properties":{"z":"Z044","k":"residential","h":16.5,"dh":0.0,"td":0.0,"t0":0.0,"g":0,"cbd":0,"d":3.138},"geometry":{"type":"Polygon","coordinates":[[[174.7978061,-36.8514856],[174.7989731,-36.8514856],[174.7989731,-36.8504629],[174.7978061,-36.8504629],[174.7978061,-36.8514856]]]}},{"type":"Feature","id":"B0687","properties":{"z":"Z044","k":"residential","h":7.6,"dh":0.0,"td":0.0,"t0":0.0,"g":0,"cbd":0,"d":3.287},"geometry":{"type":"Polygon","coordinates":[[[174.7994764,-36.8513326],[174.8006621,-36.8513326],[174.8006621,-36.8506159],[174.7994764,-36.8506159],[174.7994764,-36.8513326]]]}},{"type":"Feature","id":"B0688","properties":{"z":"Z044","k":"residential","h":9.0,"dh":1.6,"td":0.0,"t0":0.0,"g":0,"cbd":0,"d":3.128},"geometry":{"type":"Polygon","coordinates":[[[174.7977716,-36.8500061],[174.7990076,-36.8500061],[174.7990076,-36.8492543],[174.7977716,-36.8492543],[174.7977716,-36.8500061]]]}},{"type":"Feature","id":"B0689","properties":{"z":"Z044","k":"residential","h":18.7,"dh":0.0,"td":0.0,"t0":0.0,"g":0,"cbd":0,"d":3.278},"geometry":{"type":"Polygon","coordinates":[[[174.7996,-36.8499855],[174.8005384,-36.8499855],[174.8005384,-36.8492749],[174.7996,-36.8492749],[174.7996,-36.8499855]]]}},{"type":"Feature","id":"B0690","properties":{"z":"Z044","k":"residential","h":10.2,"dh":0.0,"td":0.0,"t0":0.0,"g":0,"cbd":0,"d":2.727},"geometry":{"type":"Polygon","coordinates":[[[174.7933683,-36.8477332],[174.7944021,-36.8477332],[174.7944021,-36.8470065],[174.7933683,-36.8470065],[174.7933683,-36.8477332]]]}},{"type":"Feature","id":"B0691","properties":{"z":"Z044","k":"residential","h":11.1,"dh":0.0,"td":0.0,"t0":0.0,"g":0,"cbd":0,"d":2.877},"geometry":{"type":"Polygon","coordinates":[[[174.7950204,-36.8477927],[174.7961094,-36.8477927],[174.7961094,-36.8469469],[174.7950204,-36.8469469],[174.7950204,-36.8477927]]]}},{"type":"Feature","id":"B0692","properties":{"z":"Z044","k":"residential","h":17.5,"dh":0.0,"td":2.2,"t0":0.0,"g":0,"cbd":0,"d":2.738},"geometry":{"type":"Polygon","coordinates":[[[174.7932735,-36.8464579],[174.794497,-36.8464579],[174.794497,-36.8455935],[174.7932735,-36.8455935],[174.7932735,-36.8464579]]]}},{"type":"Feature","id":"B0693","properties":{"z":"Z044","k":"residential","h":12.7,"dh":0.0,"td":0.0,"t0":0.0,"g":0,"cbd":0,"d":2.887},"geometry":{"type":"Polygon","coordinates":[[[174.7950204,-36.8464839],[174.7961094,-36.8464839],[174.7961094,-36.8455676],[174.7950204,-36.8455676],[174.7950204,-36.8464839]]]}},{"type":"Feature","id":"B0694","properties":{"z":"Z044","k":"residential","h":11.3,"dh":0.0,"td":0.4,"t0":0.0,"g":0,"cbd":0,"d":3.128},"geometry":{"type":"Polygon","coordinates":[[[174.7977835,-36.8478152],[174.7989957,-36.8478152],[174.7989957,-36.8469244],[174.7977835,-36.8469244],[174.7977835,-36.8478152]]]}},{"type":"Feature","id":"B0695","properties":{"z":"Z044","k":"residential","h":15.4,"dh":5.6,"td":1.3,"t0":0.0,"g":0,"cbd":0,"d":3.278},"geometry":{"type":"Polygon","coordinates":[[[174.7995814,-36.8477817],[174.8005571,-36.8477817],[174.8005571,-36.8469579],[174.7995814,-36.8469579],[174.7995814,-36.8477817]]]}},{"type":"Feature","id":"B0696","properties":{"z":"Z044","k":"residential","h":17.5,"dh":11.0,"td":0.0,"t0":0.0,"g":0,"cbd":0,"d":3.138},"geometry":{"type":"Polygon","coordinates":[[[174.797848,-36.846435],[174.7989312,-36.846435],[174.7989312,-36.8456164],[174.797848,-36.8456164],[174.797848,-36.846435]]]}},{"type":"Feature","id":"B0697","properties":{"z":"Z044","k":"residential","h":13.5,"dh":0.0,"td":0.0,"t0":0.0,"g":0,"cbd":0,"d":3.287},"geometry":{"type":"Polygon","coordinates":[[[174.79952,-36.8464848],[174.8006185,-36.8464848],[174.8006185,-36.8455666],[174.79952,-36.8455666],[174.79952,-36.8464848]]]}},{"type":"Feature","id":"B0698","properties":{"z":"Z045","k":"residential","h":19.5,"dh":0.0,"td":0.0,"t0":0.0,"g":0,"cbd":0,"d":3.432},"geometry":{"type":"Polygon","coordinates":[[[174.7259715,-36.8581621],[174.72709,-36.8581621],[174.72709,-36.8572611],[174.7259715,-36.8572611],[174.7259715,-36.8581621]]]}},{"type":"Feature","id":"B0699","properties":{"z":"Z045","k":"residential","h":18.5,"dh":0.0,"td":0.0,"t0":0.0,"g":0,"cbd":0,"d":3.29},"geometry":{"type":"Polygon","coordinates":[[[174.7277367,-36.858177],[174.7286842,-36.858177],[174.7286842,-36.8572462],[174.7277367,-36.8572462],[174.7277367,-36.858177]]]}},{"type":"Feature","id":"B0700","properties":{"z":"Z045","k":"residential","h":12.4,"dh":4.8,"td":0.0,"t0":0.0,"g":0,"cbd":0,"d":3.391},"geometry":{"type":"Polygon","coordinates":[[[174.7259053,-36.8567383],[174.7271562,-36.8567383],[174.7271562,-36.8559967],[174.7259053,-36.8559967],[174.7259053,-36.8567383]]]}},{"type":"Feature","id":"B0701","properties":{"z":"Z045","k":"residential","h":11.6,"dh":0.0,"td":0.6,"t0":0.0,"g":0,"cbd":0,"d":3.246},"geometry":{"type":"Polygon","coordinates":[[[174.7275626,-36.8568262],[174.7288583,-36.8568262],[174.7288583,-36.8559088],[174.7275626,-36.8559088],[174.7275626,-36.8568262]]]}},{"type":"Feature","id":"B0702","properties":{"z":"Z045","k":"residential","h":18.2,"dh":0.0,"td":0.0,"t0":0.0,"g":0,"cbd":0,"d":3.052},"geometry":{"type":"Polygon","coordinates":[[[174.7305114,-36.8581832],[174.7315588,-36.8581832],[174.7315588,-36.85724],[174.7305114,-36.85724],[174.7305114,-36.8581832]]]}},{"type":"Feature","id":"B0703","properties":{"z":"Z045","k":"residential","h":15.7,"dh":4.4,"td":1.2,"t0":0.0,"g":0,"cbd":0,"d":2.911},"geometry":{"type":"Polygon","coordinates":[[[174.7321312,-36.8582259],[174.7332983,-36.8582259],[174.7332983,-36.8571974],[174.7321312,-36.8571974],[174.7321312,-36.8582259]]]}},{"type":"Feature","id":"B0704","properties":{"z":"Z045","k":"park","h":0.0,"dh":0.0,"td":0.0,"t0":0.0,"g":0,"cbd":0,"d":3.005},"geometry":{"type":"Polygon","coordinates":[[[174.7304601,-36.8567384],[174.7316101,-36.8567384],[174.7316101,-36.8559966],[174.7304601,-36.8559966],[174.7304601,-36.8567384]]]}},{"type":"Feature","id":"B0705","properties":{"z":"Z045","k":"residential","h":10.7,"dh":6.7,"td":0.0,"t0":0.0,"g":0,"cbd":0,"d":2.862},"geometry":{"type":"Polygon","coordinates":[[[174.7322687,-36.856848],[174.7331608,-36.856848],[174.7331608,-36.8558871],[174.7322687,-36.8558871],[174.7322687,-36.856848]]]}},{"type":"Feature","id":"B0706","properties":{"z":"Z045","k":"residential","h":19.7,"dh":0.0,"td":0.0,"t0":0.0,"g":0,"cbd":0,"d":3.334},"geometry":{"type":"Polygon","coordinates":[[[174.7259363,-36.8544989],[174.7271252,-36.8544989],[174.7271252,-36.8537154],[174.7259363,-36.8537154],[174.7259363,-36.8544989]]]}},{"type":"Feature","id":"B0707","properties":{"z":"Z045","k":"residential","h":12.3,"dh":0.0,"td":0.0,"t0":0.0,"g":0,"cbd":0,"d":3.188},"geometry":{"type":"Polygon","coordinates":[[[174.7277212,-36.854488],[174.7286996,-36.854488],[174.7286996,-36.8537263],[174.7277212,-36.8537263],[174.7277212,-36.854488]]]}},{"type":"Feature","id":"B0708","properties":{"z":"Z045","k":"park","h":0.0,"dh":0.0,"td":0.0,"t0":0.0,"g":0,"cbd":0,"d":3.31},"geometry":{"type":"Polygon","coordinates":[[[174.7259717,-36.8531189],[174.7270898,-36.8531189],[174.7270898,-36.8524072],[174.7259717,-36.8524072],[174.7259717,-36.8531189]]]}},{"type":"Feature","id":"B0709","properties":{"z":"Z045","k":"park","h":0.0,"dh":0.0,"td":0.0,"t0":0.0,"g":0,"cbd":0,"d":3.162},"geometry":{"type":"Polygon","coordinates":[[[174.7276558,-36.8532481],[174.728765,-36.8532481],[174.728765,-36.852278],[174.7276558,-36.852278],[174.7276558,-36.8532481]]]}},{"type":"Feature","id":"B0710","properties":{"z":"Z045","k":"residential","h":13.0,"dh":0.0,"td":0.0,"t0":0.0,"g":0,"cbd":0,"d":2.941},"geometry":{"type":"Polygon","coordinates":[[[174.7304043,-36.8546123],[174.7316659,-36.8546123],[174.7316659,-36.8536019],[174.7304043,-36.8536019],[174.7304043,-36.8546123]]]}},{"type":"Feature","id":"B0711","properties":{"z":"Z045","k":"residential","h":13.9,"dh":0.0,"td":0.0,"t0":0.0,"g":0,"cbd":0,"d":2.795},"geometry":{"type":"Polygon","coordinates":[[[174.7322677,-36.8545994],[174.7331618,-36.8545994],[174.7331618,-36.8536149],[174.7322677,-36.8536149],[174.7322677,-36.8545994]]]}},{"type":"Feature","id":"B0712","properties":{"z":"Z045","k":"residential","h":14.7,"dh":0.0,"td":0.0,"t0":0.0,"g":0,"cbd":0,"d":2.913},"geometry":{"type":"Polygon","coordinates":[[[174.730459,-36.8532278],[174.7316112,-36.8532278],[174.7316112,-36.8522983],[174.730459,-36.8522983],[174.730459,-36.8532278]]]}},{"type":"Feature","id":"B0713","properties":{"z":"Z045","k":"residential","h":11.9,"dh":0.0,"td":0.0,"t0":0.0,"g":0,"cbd":0,"d":2.766},"geometry":{"type":"Polygon","coordinates":[[[174.7320883,-36.8531746],[174.7333412,-36.8531746],[174.7333412,-36.8523515],[174.7320883,-36.8523515],[174.7320883,-36.8531746]]]}},{"type":"Feature","id":"B0714","properties":{"z":"Z046","k":"residential","h":9.8,"dh":0.0,"td":0.0,"t0":0.0,"g":0,"cbd":0,"d":2.726},"geometry":{"type":"Polygon","coordinates":[[[174.7344979,-36.8581721],[174.7354023,-36.8581721],[174.7354023,-36.8572511],[174.7344979,-36.8572511],[174.7344979,-36.8581721]]]}},{"type":"Feature","id":"B0715","properties":{"z":"Z046","k":"residential","h":18.7,"dh":5.3,"td":0.0,"t0":0.0,"g":0,"cbd":0,"d":2.588},"geometry":{"type":"Polygon","coordinates":[[[174.7360277,-36.8581011],[174.7372317,-36.8581011],[174.7372317,-36.8573221],[174.7360277,-36.8573221],[174.7360277,-36.8581011]]]}},{"type":"Feature","id":"B0716","properties":{"z":"Z046","k":"residential","h":13.8,"dh":0.0,"td":0.0,"t0":0.0,"g":0,"cbd":0,"d":2.673},"geometry":{"type":"Polygon","coordinates":[[[174.7344411,-36.8567759],[174.7354591,-36.8567759],[174.7354591,-36.8559591],[174.7344411,-36.8559591],[174.7344411,-36.8567759]]]}},{"type":"Feature","id":"B0717","properties":{"z":"Z046","k":"park","h":0.0,"dh":0.0,"td":0.0,"t0":0.0,"g":0,"cbd":0,"d":2.532},"geometry":{"type":"Polygon","coordinates":[[[174.7360331,-36.8567811],[174.7372264,-36.8567811],[174.7372264,-36.855954],[174.7360331,-36.855954],[174.7360331,-36.8567811]]]}},{"type":"Feature","id":"B0718","properties":{"z":"Z046","k":"residential","h":12.7,"dh":0.0,"td":0.0,"t0":0.0,"g":0,"cbd":0,"d":2.359},"geometry":{"type":"Polygon","coordinates":[[[174.7389311,-36.8582035],[174.7399777,-36.8582035],[174.7399777,-36.8572198],[174.7389311,-36.8572198],[174.7389311,-36.8582035]]]}},{"type":"Feature","id":"B0719","properties":{"z":"Z046","k":"residential","h":16.7,"dh":0.0,"td":2.4,"t0":0.0,"g":0,"cbd":0,"d":2.225},"geometry":{"type":"Polygon","coordinates":[[[174.7405118,-36.8581808],[174.7417563,-36.8581808],[174.7417563,-36.8572425],[174.7405118,-36.8572425],[174.7405118,-36.8581808]]]}},{"type":"Feature","id":"B0720","properties":{"z":"Z046","k":"residential","h":13.7,"dh":0.0,"td":0.0,"t0":0.0,"g":0,"cbd":0,"d":2.298},"geometry":{"type":"Polygon","coordinates":[[[174.738976,-36.856794],[174.7399328,-36.856794],[174.7399328,-36.8559411],[174.738976,-36.8559411],[174.738976,-36.856794]]]}},{"type":"Feature","id":"B0721","properties":{"z":"Z046","k":"park","h":0.0,"dh":0.0,"td":0.0,"t0":0.0,"g":0,"cbd":0,"d":2.16},"geometry":{"type":"Polygon","coordinates":[[[174.740506,-36.8567865],[174.7417622,-36.8567865],[174.7417622,-36.8559485],[174.740506,-36.8559485],[174.740506,-36.8567865]]]}},{"type":"Feature","id":"B0722","properties":{"z":"Z046","k":"residential","h":11.3,"dh":0.0,"td":0.0,"t0":0.0,"g":0,"cbd":0,"d":2.601},"geometry":{"type":"Polygon","coordinates":[[[174.7344931,-36.8544665],[174.735407,-36.8544665],[174.735407,-36.8537478],[174.7344931,-36.8537478],[174.7344931,-36.8544665]]]}},{"type":"Feature","id":"B0723","properties":{"z":"Z046","k":"residential","h":19.2,"dh":0.0,"td":3.2,"t0":0.0,"g":0,"cbd":0,"d":2.456},"geometry":{"type":"Polygon","coordinates":[[[174.7359829,-36.85448],[174.7372766,-36.85448],[174.7372766,-36.8537343],[174.7359829,-36.8537343],[174.7359829,-36.85448]]]}},{"type":"Feature","id":"B0724","properties":{"z":"Z046","k":"residential","h":8.8,"dh":2.2,"td":0.9,"t0":0.0,"g":0,"cbd":0,"d":2.57},"geometry":{"type":"Polygon","coordinates":[[[174.73437,-36.853279],[174.7355301,-36.853279],[174.7355301,-36.8522471],[174.73437,-36.8522471],[174.73437,-36.853279]]]}},{"type":"Feature","id":"B0725","properties":{"z":"Z046","k":"residential","h":21.5,"dh":0.0,"td":0.0,"t0":0.0,"g":0,"cbd":0,"d":2.423},"geometry":{"type":"Polygon","coordinates":[[[174.7361699,-36.8531334],[174.7370895,-36.8531334],[174.7370895,-36.8523927],[174.7361699,-36.8523927],[174.7361699,-36.8531334]]]}},{"type":"Feature","id":"B0726","properties":{"z":"Z046","k":"residential","h":10.2,"dh":0.0,"td":0.0,"t0":0.0,"g":0,"cbd":0,"d":2.214},"geometry":{"type":"Polygon","coordinates":[[[174.738972,-36.8545062],[174.7399368,-36.8545062],[174.7399368,-36.8537081],[174.738972,-36.8537081],[174.738972,-36.8545062]]]}},{"type":"Feature","id":"B0727","properties":{"z":"Z046","k":"residential","h":21.8,"dh":0.0,"td":4.9,"t0":0.0,"g":0,"cbd":0,"d":2.071},"geometry":{"type":"Polygon","coordinates":[[[174.7405136,-36.8545116],[174.7417545,-36.8545116],[174.7417545,-36.8537027],[174.7405136,-36.8537027],[174.7405136,-36.8545116]]]}},{"type":"Feature","id":"B0728","properties":{"z":"Z046","k":"residential","h":14.9,"dh":0.0,"td":0.0,"t0":0.0,"g":0,"cbd":0,"d":2.177},"geometry":{"type":"Polygon","coordinates":[[[174.7389762,-36.8532423],[174.7399326,-36.8532423],[174.7399326,-36.8522838],[174.7389762,-36.8522838],[174.7389762,-36.8532423]]]}},{"type":"Feature","id":"B0729","properties":{"z":"Z046","k":"park","h":0.0,"dh":0.0,"td":0.0,"t0":0.0,"g":0,"cbd":0,"d":2.031},"geometry":{"type":"Polygon","coordinates":[[[174.7405894,-36.8532003],[174.7416787,-36.8532003],[174.7416787,-36.8523258],[174.7405894,-36.8523258],[174.7405894,-36.8532003]]]}},{"type":"Feature","id":"B0730","properties":{"z":"Z047","k":"lowrise","h":8.0,"dh":0.0,"td":0.0,"t0":0.0,"g":1,"cbd":0,"d":2.05},"geometry":{"type":"Polygon","coordinates":[[[174.7428751,-36.8581085],[174.7438636,-36.8581085],[174.7438636,-36.8573147],[174.7428751,-36.8573147],[174.7428751,-36.8581085]]]}},{"type":"Feature","id":"B0731","properties":{"z":"Z047","k":"mixed","h":25.0,"dh":0.0,"td":0.0,"t0":0.0,"g":0,"cbd":0,"d":1.922},"geometry":{"type":"Polygon","coordinates":[[[174.7444308,-36.8580798],[174.7456673,-36.8580798],[174.7456673,-36.8573434],[174.7444308,-36.8573434],[174.7444308,-36.8580798]]]}},{"type":"Feature","id":"B0732","properties":{"z":"Z047","k":"mixed","h":26.7,"dh":0.0,"td":4.8,"t0":0.0,"g":0,"cbd":0,"d":1.98},"geometry":{"type":"Polygon","coordinates":[[[174.7428873,-36.8568722],[174.7438515,-36.8568722],[174.7438515,-36.8558629],[174.7428873,-36.8558629],[174.7428873,-36.8568722]]]}},{"type":"Feature","id":"B0733","properties":{"z":"Z047","k":"mixed","h":34.2,"dh":0.0,"td":9.5,"t0":0.0,"g":0,"cbd":0,"d":1.847},"geometry":{"type":"Polygon","coordinates":[[[174.7443993,-36.8567556],[174.7456988,-36.8567556],[174.7456988,-36.8559795],[174.7443993,-36.8559795],[174.7443993,-36.8567556]]]}},{"type":"Feature","id":"B0734","properties":{"z":"Z047","k":"mixed","h":34.5,"dh":0.0,"td":0.0,"t0":0.0,"g":0,"cbd":0,"d":1.715},"geometry":{"type":"Polygon","coordinates":[[[174.747284,-36.8580891],[174.7484634,-36.8580891],[174.7484634,-36.8573342],[174.747284,-36.8573342],[174.747284,-36.8580891]]]}},{"type":"Feature","id":"B0735","properties":{"z":"Z047","k":"lowrise","h":6.9,"dh":0.0,"td":0.0,"t0":0.0,"g":1,"cbd":0,"d":1.597},"geometry":{"type":"Polygon","coordinates":[[[174.7489423,-36.8582152],[174.7501644,-36.8582152],[174.7501644,-36.857208],[174.7489423,-36.857208],[174.7489423,-36.8582152]]]}},{"type":"Feature","id":"B0736","properties":{"z":"Z047","k":"mixed","h":30.6,"dh":21.6,"td":6.8,"t0":0.0,"g":0,"cbd":0,"d":1.63},"geometry":{"type":"Polygon","coordinates":[[[174.7472629,-36.8568091],[174.7484846,-36.8568091],[174.7484846,-36.8559259],[174.7472629,-36.8559259],[174.7472629,-36.8568091]]]}},{"type":"Feature","id":"B0737","properties":{"z":"Z047","k":"mixed","h":27.5,"dh":0.0,"td":8.3,"t0":0.0,"g":0,"cbd":0,"d":1.506},"geometry":{"type":"Polygon","coordinates":[[[174.749062,-36.8567934],[174.7500447,-36.8567934],[174.7500447,-36.8559416],[174.749062,-36.8559416],[174.749062,-36.8567934]]]}},{"type":"Feature","id":"B0738","properties":{"z":"Z047","k":"mixed","h":15.6,"dh":7.5,"td":0.0,"t0":0.0,"g":0,"cbd":0,"d":1.882},"geometry":{"type":"Polygon","coordinates":[[[174.7428533,-36.8545659],[174.7438854,-36.8545659],[174.7438854,-36.8536484],[174.7428533,-36.8536484],[174.7428533,-36.8545659]]]}},{"type":"Feature","id":"B0739","properties":{"z":"Z047","k":"mixed","h":19.4,"dh":0.0,"td":0.0,"t0":2.9,"g":0,"cbd":0,"d":1.742},"geometry":{"type":"Polygon","coordinates":[[[174.7444198,-36.8544885],[174.7456783,-36.8544885],[174.7456783,-36.8537258],[174.7444198,-36.8537258],[174.7444198,-36.8544885]]]}},{"type":"Feature","id":"B0740","properties":{"z":"Z047","k":"mixed","h":23.5,"dh":6.7,"td":5.4,"t0":0.0,"g":0,"cbd":0,"d":1.838},"geometry":{"type":"Polygon","coordinates":[[[174.742771,-36.8532336],[174.7439677,-36.8532336],[174.7439677,-36.8522925],[174.742771,-36.8522925],[174.742771,-36.8532336]]]}},{"type":"Feature","id":"B0741","properties":{"z":"Z047","k":"lowrise","h":5.3,"dh":0.0,"td":0.0,"t0":0.0,"g":1,"cbd":0,"d":1.694},"geometry":{"type":"Polygon","coordinates":[[[174.7444213,-36.8531679],[174.7456768,-36.8531679],[174.7456768,-36.8523582],[174.7444213,-36.8523582],[174.7444213,-36.8531679]]]}},{"type":"Feature","id":"B0742","properties":{"z":"Z047","k":"mixed","h":37.2,"dh":0.0,"td":0.0,"t0":0.0,"g":0,"cbd":0,"d":1.509},"geometry":{"type":"Polygon","coordinates":[[[174.7472882,-36.8546154],[174.7484592,-36.8546154],[174.7484592,-36.8535989],[174.7472882,-36.8535989],[174.7472882,-36.8546154]]]}},{"type":"Feature","id":"B0743","properties":{"z":"Z047","k":"office","h":57.8,"dh":0.0,"td":0.0,"t0":0.0,"g":0,"cbd":0,"d":1.374},"geometry":{"type":"Polygon","coordinates":[[[174.7490017,-36.8545979],[174.750105,-36.8545979],[174.750105,-36.8536164],[174.7490017,-36.8536164],[174.7490017,-36.8545979]]]}},{"type":"Feature","id":"B0744","properties":{"z":"Z047","k":"lowrise","h":8.1,"dh":0.0,"td":0.0,"t0":0.0,"g":1,"cbd":0,"d":1.454},"geometry":{"type":"Polygon","coordinates":[[[174.7473425,-36.8532427],[174.7484049,-36.8532427],[174.7484049,-36.8522834],[174.7473425,-36.8522834],[174.7473425,-36.8532427]]]}},{"type":"Feature","id":"B0745","properties":{"z":"Z047","k":"mixed","h":37.6,"dh":0.0,"td":0.0,"t0":0.0,"g":0,"cbd":0,"d":1.313},"geometry":{"type":"Polygon","coordinates":[[[174.7490776,-36.8532055],[174.7500291,-36.8532055],[174.7500291,-36.8523206],[174.7490776,-36.8523206],[174.7490776,-36.8532055]]]}},{"type":"Feature","id":"B0746","properties":{"z":"Z048","k":"park","h":0.0,"dh":0.0,"td":0.0,"t0":0.0,"g":0,"cbd":1,"d":1.45},"geometry":{"type":"Polygon","coordinates":[[[174.7512744,-36.858123],[174.752303,-36.858123],[174.752303,-36.8573003],[174.7512744,-36.8573003],[174.7512744,-36.858123]]]}},{"type":"Feature","id":"B0747","properties":{"z":"Z048","k":"lowrise","h":10.7,"dh":0.0,"td":0.0,"t0":0.0,"g":1,"cbd":1,"d":1.349},"geometry":{"type":"Polygon","coordinates":[[[174.7529096,-36.8581781],[174.7540271,-36.8581781],[174.7540271,-36.8572452],[174.7529096,-36.8572452],[174.7529096,-36.8581781]]]}},{"type":"Feature","id":"B0748","properties":{"z":"Z048","k":"park","h":0.0,"dh":0.0,"td":0.0,"t0":0.0,"g":0,"cbd":1,"d":1.349},"geometry":{"type":"Polygon","coordinates":[[[174.7511625,-36.8567667],[174.7524149,-36.8567667],[174.7524149,-36.8559683],[174.7511625,-36.8559683],[174.7511625,-36.8567667]]]}},{"type":"Feature","id":"B0749","properties":{"z":"Z048","k":"lowrise","h":8.4,"dh":0.0,"td":0.0,"t0":0.0,"g":1,"cbd":1,"d":1.239},"geometry":{"type":"Polygon","coordinates":[[[174.7530119,-36.8568836],[174.7539248,-36.8568836],[174.7539248,-36.8558514],[174.7530119,-36.8558514],[174.7530119,-36.8568836]]]}},{"type":"Feature","id":"B0750","properties":{"z":"Z048","k":"office","h":49.3,"dh":0.0,"td":0.0,"t0":0.0,"g":0,"cbd":1,"d":1.2},"geometry":{"type":"Polygon","coordinates":[[[174.755843,-36.8581685],[174.7567431,-36.8581685],[174.7567431,-36.8572548],[174.755843,-36.8572548],[174.755843,-36.8581685]]]}},{"type":"Feature","id":"B0751","properties":{"z":"Z048","k":"lowrise","h":8.8,"dh":0.0,"td":0.0,"t0":0.0,"g":1,"cbd":1,"d":1.13},"geometry":{"type":"Polygon","coordinates":[[[174.7574039,-36.8581068],[174.7585415,-36.8581068],[174.7585415,-36.8573164],[174.7574039,-36.8573164],[174.7574039,-36.8581068]]]}},{"type":"Feature","id":"B0752","properties":{"z":"Z048","k":"office","h":70.0,"dh":0.0,"td":0.0,"t0":0.0,"g":0,"cbd":1,"d":1.075},"geometry":{"type":"Polygon","coordinates":[[[174.7557,-36.8568625],[174.756886,-36.8568625],[174.756886,-36.8558725],[174.7557,-36.8558725],[174.7557,-36.8568625]]]}},{"type":"Feature","id":"B0753","properties":{"z":"Z048","k":"lowrise","h":10.0,"dh":0.0,"td":0.0,"t0":0.0,"g":1,"cbd":1,"d":0.996},"geometry":{"type":"Polygon","coordinates":[[[174.7574086,-36.8568822],[174.7585367,-36.8568822],[174.7585367,-36.8558529],[174.7574086,-36.8558529],[174.7574086,-36.8568822]]]}},{"type":"Feature","id":"B0754","properties":{"z":"Z048","k":"lowrise","h":6.3,"dh":0.0,"td":0.0,"t0":0.0,"g":1,"cbd":1,"d":1.2},"geometry":{"type":"Polygon","coordinates":[[[174.7511426,-36.8545653],[174.7524348,-36.8545653],[174.7524348,-36.853649],[174.7511426,-36.853649],[174.7511426,-36.8545653]]]}},{"type":"Feature","id":"B0755","properties":{"z":"Z048","k":"office","h":65.2,"dh":0.0,"td":0.0,"t0":6.57,"g":0,"cbd":1,"d":1.075},"geometry":{"type":"Polygon","coordinates":[[[174.7529881,-36.8545584],[174.7539486,-36.8545584],[174.7539486,-36.8536559],[174.7529881,-36.8536559],[174.7529881,-36.8545584]]]}},{"type":"Feature","id":"B0756","properties":{"z":"Z048","k":"lowrise","h":10.9,"dh":0.0,"td":0.0,"t0":0.0,"g":1,"cbd":1,"d":1.13},"geometry":{"type":"Polygon","coordinates":[[[174.751223,-36.8531844],[174.7523544,-36.8531844],[174.7523544,-36.8523417],[174.751223,-36.8523417],[174.751223,-36.8531844]]]}},{"type":"Feature","id":"B0757","properties":{"z":"Z048","k":"lowrise","h":15.4,"dh":0.0,"td":0.0,"t0":7.01,"g":1,"cbd":1,"d":0.996},"geometry":{"type":"Polygon","coordinates":[[[174.7529086,-36.8532367],[174.7540281,-36.8532367],[174.7540281,-36.8522894],[174.7529086,-36.8522894],[174.7529086,-36.8532367]]]}},{"type":"Feature","id":"B0758","properties":{"z":"Z048","k":"office","h":84.6,"dh":0.0,"td":0.0,"t0":0.0,"g":0,"cbd":1,"d":0.883},"geometry":{"type":"Polygon","coordinates":[[[174.7557471,-36.8545083],[174.7568389,-36.8545083],[174.7568389,-36.853706],[174.7557471,-36.853706],[174.7557471,-36.8545083]]]}},{"type":"Feature","id":"B0759","properties":{"z":"Z048","k":"tower","h":129.5,"dh":0.0,"td":0.0,"t0":0.0,"g":0,"cbd":1,"d":0.784},"geometry":{"type":"Polygon","coordinates":[[[174.7575274,-36.8544713],[174.758418,-36.8544713],[174.758418,-36.853743],[174.7575274,-36.853743],[174.7575274,-36.8544713]]]}},{"type":"Feature","id":"B0760","properties":{"z":"Z048","k":"podium","h":19.1,"dh":0.0,"td":0.0,"t0":0.0,"g":0,"cbd":1,"d":0.784},"geometry":{"type":"Polygon","coordinates":[[[174.7572634,-36.8546747],[174.7586819,-36.8546747],[174.7586819,-36.8535396],[174.7572634,-36.8535396],[174.7572634,-36.8546747]]]}},{"type":"Feature","id":"B0761","properties":{"z":"Z048","k":"lowrise","h":10.2,"dh":0.0,"td":0.0,"t0":0.0,"g":1,"cbd":1,"d":0.784},"geometry":{"type":"Polygon","coordinates":[[[174.7557583,-36.8532701],[174.7568277,-36.8532701],[174.7568277,-36.852256],[174.7557583,-36.852256],[174.7557583,-36.8532701]]]}},{"type":"Feature","id":"B0762","properties":{"z":"Z048","k":"tower","h":235.8,"dh":0.0,"td":0.0,"t0":2.43,"g":0,"cbd":1,"d":0.671},"geometry":{"type":"Polygon","coordinates":[[[174.7574592,-36.853266],[174.7584862,-36.853266],[174.7584862,-36.8522601],[174.7574592,-36.8522601],[174.7574592,-36.853266]]]}},{"type":"Feature","id":"B0763","properties":{"z":"Z048","k":"podium","h":15.2,"dh":0.0,"td":0.0,"t0":2.43,"g":0,"cbd":1,"d":0.671},"geometry":{"type":"Polygon","coordinates":[[[174.7572634,-36.8533306],[174.7586819,-36.8533306],[174.7586819,-36.8521955],[174.7572634,-36.8521955],[174.7572634,-36.8533306]]]}},{"type":"Feature","id":"B0764","properties":{"z":"Z049","k":"office","h":86.5,"dh":0.0,"td":46.2,"t0":0.0,"g":0,"cbd":1,"d":1.062},"geometry":{"type":"Polygon","coordinates":[[[174.7596354,-36.8581166],[174.7607807,-36.8581166],[174.7607807,-36.8573066],[174.7596354,-36.8573066],[174.7596354,-36.8581166]]]}},{"type":"Feature","id":"B0765","properties":{"z":"Z049","k":"podium","h":20.6,"dh":0.0,"td":0.0,"t0":0.0,"g":0,"cbd":1,"d":1.062},"geometry":{"type":"Polygon","coordinates":[[[174.7594988,-36.8582792],[174.7609173,-36.8582792],[174.7609173,-36.8571441],[174.7594988,-36.8571441],[174.7594988,-36.8582792]]]}},{"type":"Feature","id":"B0766","properties":{"z":"Z049","k":"lowrise","h":11.3,"dh":0.0,"td":0.0,"t0":0.0,"g":1,"cbd":1,"d":1.033},"geometry":{"type":"Polygon","coordinates":[[[174.7613983,-36.8580676],[174.762377,-36.8580676],[174.762377,-36.8573557],[174.7613983,-36.8573557],[174.7613983,-36.8580676]]]}},{"type":"Feature","id":"B0767","properties":{"z":"Z049","k":"lowrise","h":11.8,"dh":0.0,"td":0.0,"t0":0.0,"g":1,"cbd":1,"d":0.918},"geometry":{"type":"Polygon","coordinates":[[[174.7596132,-36.8567574],[174.7608028,-36.8567574],[174.7608028,-36.8559776],[174.7596132,-36.8559776],[174.7596132,-36.8567574]]]}},{"type":"Feature","id":"B0768","properties":{"z":"Z049","k":"lowrise","h":8.7,"dh":0.0,"td":0.0,"t0":0.0,"g":1,"cbd":1,"d":0.682},"geometry":{"type":"Polygon","coordinates":[[[174.7597335,-36.8545773],[174.7606826,-36.8545773],[174.7606826,-36.853637],[174.7597335,-36.853637],[174.7597335,-36.8545773]]]}},{"type":"Feature","id":"B0769","properties":{"z":"Z049","k":"tower","h":145.2,"dh":0.0,"td":95.0,"t0":0.0,"g":0,"cbd":1,"d":0.549},"geometry":{"type":"Polygon","coordinates":[[[174.7596102,-36.8532793],[174.7608058,-36.8532793],[174.7608058,-36.8522468],[174.7596102,-36.8522468],[174.7596102,-36.8532793]]]}},{"type":"Feature","id":"B0770","properties":{"z":"Z049","k":"podium","h":14.7,"dh":0.0,"td":0.0,"t0":0.0,"g":0,"cbd":1,"d":0.549},"geometry":{"type":"Polygon","coordinates":[[[174.7594988,-36.8533306],[174.7609173,-36.8533306],[174.7609173,-36.8521955],[174.7594988,-36.8521955],[174.7594988,-36.8533306]]]}},{"type":"Feature","id":"B0771","properties":{"z":"Z050","k":"lowrise","h":11.0,"dh":0.0,"td":0.0,"t0":0.0,"g":1,"cbd":1,"d":1.13},"geometry":{"type":"Polygon","coordinates":[[[174.7680091,-36.8581425],[174.7692455,-36.8581425],[174.7692455,-36.8572807],[174.7680091,-36.8572807],[174.7680091,-36.8581425]]]}},{"type":"Feature","id":"B0772","properties":{"z":"Z050","k":"office","h":55.0,"dh":19.3,"td":0.0,"t0":0.0,"g":0,"cbd":1,"d":1.2},"geometry":{"type":"Polygon","coordinates":[[[174.7698475,-36.8580974],[174.7707664,-36.8580974],[174.7707664,-36.8573259],[174.7698475,-36.8573259],[174.7698475,-36.8580974]]]}},{"type":"Feature","id":"B0773","properties":{"z":"Z050","k":"tower","h":114.0,"dh":0.0,"td":0.0,"t0":0.0,"g":0,"cbd":1,"d":0.996},"geometry":{"type":"Polygon","coordinates":[[[174.7681698,-36.8567809],[174.7690848,-36.8567809],[174.7690848,-36.8559541],[174.7681698,-36.8559541],[174.7681698,-36.8567809]]]}},{"type":"Feature","id":"B0774","properties":{"z":"Z050","k":"podium","h":14.2,"dh":0.0,"td":0.0,"t0":0.0,"g":0,"cbd":1,"d":0.996},"geometry":{"type":"Polygon","coordinates":[[[174.7679181,-36.8569351],[174.7693366,-36.8569351],[174.7693366,-36.8558],[174.7679181,-36.8558],[174.7679181,-36.8569351]]]}},{"type":"Feature","id":"B0775","properties":{"z":"Z050","k":"office","h":58.1,"dh":13.4,"td":0.0,"t0":0.0,"g":0,"cbd":1,"d":1.075},"geometry":{"type":"Polygon","coordinates":[[[174.7696795,-36.8567852],[174.7709344,-36.8567852],[174.7709344,-36.8559498],[174.7696795,-36.8559498],[174.7696795,-36.8567852]]]}},{"type":"Feature","id":"B0776","properties":{"z":"Z050","k":"office","h":52.4,"dh":0.0,"td":0.0,"t0":0.0,"g":0,"cbd":1,"d":1.349},"geometry":{"type":"Polygon","coordinates":[[[174.7725507,-36.8580747],[174.7737126,-36.8580747],[174.7737126,-36.8573485],[174.7725507,-36.8573485],[174.7725507,-36.8580747]]]}},{"type":"Feature","id":"B0777","properties":{"z":"Z050","k":"mixed","h":27.8,"dh":0.0,"td":0.0,"t0":0.0,"g":0,"cbd":1,"d":1.45},"geometry":{"type":"Polygon","coordinates":[[[174.7741973,-36.8582193],[174.7754253,-36.8582193],[174.7754253,-36.8572039],[174.7741973,-36.8572039],[174.7741973,-36.8582193]]]}},{"type":"Feature","id":"B0778","properties":{"z":"Z050","k":"lowrise","h":9.2,"dh":0.0,"td":0.0,"t0":0.0,"g":1,"cbd":1,"d":1.239},"geometry":{"type":"Polygon","coordinates":[[[174.7726573,-36.8567587],[174.773606,-36.8567587],[174.773606,-36.8559763],[174.7726573,-36.8559763],[174.7726573,-36.8567587]]]}},{"type":"Feature","id":"B0779","properties":{"z":"Z050","k":"lowrise","h":10.2,"dh":0.0,"td":0.0,"t0":4.17,"g":0,"cbd":1,"d":1.349},"geometry":{"type":"Polygon","coordinates":[[[174.7742867,-36.8567228],[174.7753359,-36.8567228],[174.7753359,-36.8560122],[174.7742867,-36.8560122],[174.7742867,-36.8567228]]]}},{"type":"Feature","id":"B0780","properties":{"z":"Z050","k":"lowrise","h":7.2,"dh":0.0,"td":0.0,"t0":0.0,"g":1,"cbd":1,"d":0.784},"geometry":{"type":"Polygon","coordinates":[[[174.7681503,-36.8545304],[174.7691043,-36.8545304],[174.7691043,-36.8536839],[174.7681503,-36.8536839],[174.7681503,-36.8545304]]]}},{"type":"Feature","id":"B0781","properties":{"z":"Z050","k":"tower","h":116.7,"dh":0.0,"td":0.0,"t0":0.0,"g":0,"cbd":1,"d":0.883},"geometry":{"type":"Polygon","coordinates":[[[174.7697405,-36.8546105],[174.7708735,-36.8546105],[174.7708735,-36.8536038],[174.7697405,-36.8536038],[174.7697405,-36.8546105]]]}},{"type":"Feature","id":"B0782","properties":{"z":"Z050","k":"podium","h":20.9,"dh":0.0,"td":0.0,"t0":0.0,"g":0,"cbd":1,"d":0.883},"geometry":{"type":"Polygon","coordinates":[[[174.7695977,-36.8546747],[174.7710162,-36.8546747],[174.7710162,-36.8535396],[174.7695977,-36.8535396],[174.7695977,-36.8546747]]]}},{"type":"Feature","id":"B0783","properties":{"z":"Z050","k":"lowrise","h":12.8,"dh":0.0,"td":0.0,"t0":0.0,"g":1,"cbd":1,"d":0.671},"geometry":{"type":"Polygon","coordinates":[[[174.7681341,-36.8532757],[174.7691206,-36.8532757],[174.7691206,-36.8522504],[174.7681341,-36.8522504],[174.7681341,-36.8532757]]]}},{"type":"Feature","id":"B0784","properties":{"z":"Z050","k":"office","h":85.7,"dh":0.0,"td":0.0,"t0":0.0,"g":0,"cbd":1,"d":0.784},"geometry":{"type":"Polygon","coordinates":[[[174.7697181,-36.8531573],[174.7708959,-36.8531573],[174.7708959,-36.8523688],[174.7697181,-36.8523688],[174.7697181,-36.8531573]]]}},{"type":"Feature","id":"B0785","properties":{"z":"Z050","k":"podium","h":16.7,"dh":0.0,"td":0.0,"t0":0.0,"g":0,"cbd":1,"d":0.784},"geometry":{"type":"Polygon","coordinates":[[[174.7695977,-36.8533306],[174.7710162,-36.8533306],[174.7710162,-36.8521955],[174.7695977,-36.8521955],[174.7695977,-36.8533306]]]}},{"type":"Feature","id":"B0786","properties":{"z":"Z050","k":"office","h":78.6,"dh":0.0,"td":0.0,"t0":0.0,"g":0,"cbd":1,"d":1.075},"geometry":{"type":"Polygon","coordinates":[[[174.7726868,-36.8546226],[174.7735765,-36.8546226],[174.7735765,-36.8535917],[174.7726868,-36.8535917],[174.7726868,-36.8546226]]]}},{"type":"Feature","id":"B0787","properties":{"z":"Z050","k":"lowrise","h":7.7,"dh":0.0,"td":0.0,"t0":0.0,"g":1,"cbd":1,"d":1.2},"geometry":{"type":"Polygon","coordinates":[[[174.7742924,-36.8545391],[174.7753302,-36.8545391],[174.7753302,-36.8536752],[174.7742924,-36.8536752],[174.7742924,-36.8545391]]]}},{"type":"Feature","id":"B0788","properties":{"z":"Z050","k":"tower","h":96.9,"dh":0.0,"td":0.0,"t0":0.0,"g":0,"cbd":1,"d":0.996},"geometry":{"type":"Polygon","coordinates":[[[174.7725308,-36.8532202],[174.7737325,-36.8532202],[174.7737325,-36.8523059],[174.7725308,-36.8523059],[174.7725308,-36.8532202]]]}},{"type":"Feature","id":"B0789","properties":{"z":"Z050","k":"podium","h":20.5,"dh":0.0,"td":0.0,"t0":0.0,"g":0,"cbd":1,"d":0.996},"geometry":{"type":"Polygon","coordinates":[[[174.7724224,-36.8533306],[174.7738409,-36.8533306],[174.7738409,-36.8521955],[174.7724224,-36.8521955],[174.7724224,-36.8533306]]]}},{"type":"Feature","id":"B0790","properties":{"z":"Z050","k":"lowrise","h":7.9,"dh":0.0,"td":0.0,"t0":0.0,"g":1,"cbd":1,"d":1.13},"geometry":{"type":"Polygon","coordinates":[[[174.7743223,-36.8531258],[174.7753003,-36.8531258],[174.7753003,-36.8524003],[174.7743223,-36.8524003],[174.7743223,-36.8531258]]]}},{"type":"Feature","id":"B0791","properties":{"z":"Z051","k":"mixed","h":33.2,"dh":0.0,"td":0.0,"t0":0.0,"g":0,"cbd":0,"d":1.597},"geometry":{"type":"Polygon","coordinates":[[[174.77659,-36.8582288],[174.7775032,-36.8582288],[174.7775032,-36.8571944],[174.77659,-36.8571944],[174.77659,-36.8582288]]]}},{"type":"Feature","id":"B0792","properties":{"z":"Z051","k":"park","h":0.0,"dh":0.0,"td":0.0,"t0":0.0,"g":0,"cbd":0,"d":1.715},"geometry":{"type":"Polygon","coordinates":[[[174.7781895,-36.8580783],[174.7792631,-36.8580783],[174.7792631,-36.857345],[174.7781895,-36.857345],[174.7781895,-36.8580783]]]}},{"type":"Feature","id":"B0793","properties":{"z":"Z051","k":"mixed","h":30.4,"dh":19.2,"td":0.0,"t0":0.0,"g":0,"cbd":0,"d":1.506},"geometry":{"type":"Polygon","coordinates":[[[174.7764647,-36.856862],[174.7776286,-36.856862],[174.7776286,-36.8558731],[174.7764647,-36.8558731],[174.7764647,-36.856862]]]}},{"type":"Feature","id":"B0794","properties":{"z":"Z051","k":"mixed","h":24.1,"dh":0.0,"td":8.6,"t0":0.0,"g":0,"cbd":0,"d":1.63},"geometry":{"type":"Polygon","coordinates":[[[174.7781058,-36.856752],[174.7793468,-36.856752],[174.7793468,-36.8559831],[174.7781058,-36.8559831],[174.7781058,-36.856752]]]}},{"type":"Feature","id":"B0795","properties":{"z":"Z051","k":"mixed","h":30.9,"dh":0.0,"td":8.5,"t0":0.0,"g":0,"cbd":0,"d":1.922},"geometry":{"type":"Polygon","coordinates":[[[174.7810717,-36.8582157],[174.7820302,-36.8582157],[174.7820302,-36.8572075],[174.7810717,-36.8572075],[174.7810717,-36.8582157]]]}},{"type":"Feature","id":"B0796","properties":{"z":"Z051","k":"mixed","h":26.5,"dh":0.0,"td":5.0,"t0":0.0,"g":0,"cbd":0,"d":2.05},"geometry":{"type":"Polygon","coordinates":[[[174.782771,-36.85818],[174.7836902,-36.85818],[174.7836902,-36.8572433],[174.782771,-36.8572433],[174.782771,-36.85818]]]}},{"type":"Feature","id":"B0797","properties":{"z":"Z051","k":"mixed","h":20.2,"dh":12.5,"td":0.0,"t0":0.0,"g":0,"cbd":0,"d":1.847},"geometry":{"type":"Polygon","coordinates":[[[174.7809288,-36.8567455],[174.7821731,-36.8567455],[174.7821731,-36.8559896],[174.7809288,-36.8559896],[174.7809288,-36.8567455]]]}},{"type":"Feature","id":"B0798","properties":{"z":"Z051","k":"mixed","h":29.6,"dh":6.3,"td":0.0,"t0":0.0,"g":0,"cbd":0,"d":1.98},"geometry":{"type":"Polygon","coordinates":[[[174.7826438,-36.8568715],[174.7838174,-36.8568715],[174.7838174,-36.8558635],[174.7826438,-36.8558635],[174.7826438,-36.8568715]]]}},{"type":"Feature","id":"B0799","properties":{"z":"Z051","k":"park","h":0.0,"dh":0.0,"td":0.0,"t0":0.0,"g":0,"cbd":0,"d":1.374},"geometry":{"type":"Polygon","coordinates":[[[174.7765785,-36.8546006],[174.7775148,-36.8546006],[174.7775148,-36.8536137],[174.7765785,-36.8536137],[174.7765785,-36.8546006]]]}},{"type":"Feature","id":"B0800","properties":{"z":"Z051","k":"mixed","h":23.0,"dh":0.0,"td":0.0,"t0":0.0,"g":0,"cbd":0,"d":1.509},"geometry":{"type":"Polygon","coordinates":[[[174.7782319,-36.8546123],[174.7792207,-36.8546123],[174.7792207,-36.853602],[174.7782319,-36.853602],[174.7782319,-36.8546123]]]}},{"type":"Feature","id":"B0801","properties":{"z":"Z051","k":"mixed","h":35.2,"dh":0.0,"td":0.0,"t0":0.0,"g":0,"cbd":0,"d":1.313},"geometry":{"type":"Polygon","coordinates":[[[174.7764895,-36.8532782],[174.7776038,-36.8532782],[174.7776038,-36.8522479],[174.7764895,-36.8522479],[174.7764895,-36.8532782]]]}},{"type":"Feature","id":"B0802","properties":{"z":"Z051","k":"mixed","h":31.8,"dh":0.0,"td":7.1,"t0":0.0,"g":0,"cbd":0,"d":1.454},"geometry":{"type":"Polygon","coordinates":[[[174.7782208,-36.8532622],[174.7792317,-36.8532622],[174.7792317,-36.8522639],[174.7782208,-36.8522639],[174.7782208,-36.8532622]]]}},{"type":"Feature","id":"B0803","properties":{"z":"Z051","k":"mixed","h":25.8,"dh":0.0,"td":0.0,"t0":0.0,"g":0,"cbd":0,"d":1.742},"geometry":{"type":"Polygon","coordinates":[[[174.7810796,-36.8545217],[174.7820224,-36.8545217],[174.7820224,-36.8536926],[174.7810796,-36.8536926],[174.7810796,-36.8545217]]]}},{"type":"Feature","id":"B0804","properties":{"z":"Z051","k":"mixed","h":16.5,"dh":6.7,"td":0.0,"t0":0.0,"g":0,"cbd":0,"d":1.882},"geometry":{"type":"Polygon","coordinates":[[[174.7827589,-36.854585],[174.7837023,-36.854585],[174.7837023,-36.8536293],[174.7827589,-36.8536293],[174.7827589,-36.854585]]]}},{"type":"Feature","id":"B0805","properties":{"z":"Z051","k":"mixed","h":41.0,"dh":0.0,"td":0.0,"t0":0.0,"g":0,"cbd":0,"d":1.694},"geometry":{"type":"Polygon","coordinates":[[[174.7810004,-36.85322],[174.7821016,-36.85322],[174.7821016,-36.8523061],[174.7810004,-36.8523061],[174.7810004,-36.85322]]]}},{"type":"Feature","id":"B0806","properties":{"z":"Z051","k":"mixed","h":26.9,"dh":0.0,"td":0.0,"t0":0.0,"g":0,"cbd":0,"d":1.838},"geometry":{"type":"Polygon","coordinates":[[[174.7827715,-36.853174],[174.7836898,-36.853174],[174.7836898,-36.8523521],[174.7827715,-36.8523521],[174.7827715,-36.853174]]]}},{"type":"Feature","id":"B0807","properties":{"z":"Z052","k":"residential","h":22.7,"dh":0.0,"td":0.0,"t0":0.0,"g":0,"cbd":0,"d":2.225},"geometry":{"type":"Polygon","coordinates":[[[174.7850032,-36.8580785],[174.7859287,-36.8580785],[174.7859287,-36.8573447],[174.7850032,-36.8573447],[174.7850032,-36.8580785]]]}},{"type":"Feature","id":"B0808","properties":{"z":"Z052","k":"park","h":0.0,"dh":0.0,"td":0.0,"t0":0.0,"g":0,"cbd":0,"d":2.359},"geometry":{"type":"Polygon","coordinates":[[[174.786581,-36.8580678],[174.7877102,-36.8580678],[174.7877102,-36.8573554],[174.786581,-36.8573554],[174.786581,-36.8580678]]]}},{"type":"Feature","id":"B0809","properties":{"z":"Z052","k":"residential","h":21.4,"dh":0.0,"td":0.0,"t0":0.0,"g":0,"cbd":0,"d":2.16},"geometry":{"type":"Polygon","coordinates":[[[174.7849912,-36.8567521],[174.7859407,-36.8567521],[174.7859407,-36.8559829],[174.7849912,-36.8559829],[174.7849912,-36.8567521]]]}},{"type":"Feature","id":"B0810","properties":{"z":"Z052","k":"residential","h":9.8,"dh":0.0,"td":0.0,"t0":0.0,"g":0,"cbd":0,"d":2.298},"geometry":{"type":"Polygon","coordinates":[[[174.7865361,-36.8567553],[174.7877551,-36.8567553],[174.7877551,-36.8559797],[174.7865361,-36.8559797],[174.7865361,-36.8567553]]]}},{"type":"Feature","id":"B0811","properties":{"z":"Z052","k":"residential","h":16.1,"dh":7.4,"td":0.0,"t0":0.0,"g":0,"cbd":0,"d":2.588},"geometry":{"type":"Polygon","coordinates":[[[174.7894394,-36.8580845],[174.7905012,-36.8580845],[174.7905012,-36.8573387],[174.7894394,-36.8573387],[174.7894394,-36.8580845]]]}},{"type":"Feature","id":"B0812","properties":{"z":"Z052","k":"residential","h":12.2,"dh":0.0,"td":0.0,"t0":0.0,"g":0,"cbd":0,"d":2.726},"geometry":{"type":"Polygon","coordinates":[[[174.7910923,-36.8580692],[174.7922075,-36.8580692],[174.7922075,-36.857354],[174.7910923,-36.857354],[174.7910923,-36.8580692]]]}},{"type":"Feature","id":"B0813","properties":{"z":"Z052","k":"residential","h":12.1,"dh":0.0,"td":0.0,"t0":0.0,"g":0,"cbd":0,"d":2.532},"geometry":{"type":"Polygon","coordinates":[[[174.7894324,-36.8568173],[174.7905081,-36.8568173],[174.7905081,-36.8559178],[174.7894324,-36.8559178],[174.7894324,-36.8568173]]]}},{"type":"Feature","id":"B0814","properties":{"z":"Z052","k":"park","h":0.0,"dh":0.0,"td":0.0,"t0":0.0,"g":0,"cbd":0,"d":2.673},"geometry":{"type":"Polygon","coordinates":[[[174.7910426,-36.8568789],[174.7922572,-36.8568789],[174.7922572,-36.8558562],[174.7910426,-36.8558562],[174.7910426,-36.8568789]]]}},{"type":"Feature","id":"B0815","properties":{"z":"Z052","k":"residential","h":13.2,"dh":0.0,"td":0.0,"t0":0.0,"g":0,"cbd":0,"d":2.071},"geometry":{"type":"Polygon","coordinates":[[[174.7848873,-36.8544979],[174.7860445,-36.8544979],[174.7860445,-36.8537164],[174.7848873,-36.8537164],[174.7848873,-36.8544979]]]}},{"type":"Feature","id":"B0816","properties":{"z":"Z052","k":"residential","h":18.8,"dh":0.0,"td":1.6,"t0":0.0,"g":0,"cbd":0,"d":2.214},"geometry":{"type":"Polygon","coordinates":[[[174.7865043,-36.8546164],[174.7877869,-36.8546164],[174.7877869,-36.8535978],[174.7865043,-36.8535978],[174.7865043,-36.8546164]]]}},{"type":"Feature","id":"B0817","properties":{"z":"Z052","k":"residential","h":16.6,"dh":0.0,"td":2.9,"t0":6.53,"g":0,"cbd":0,"d":2.031},"geometry":{"type":"Polygon","coordinates":[[[174.7849303,-36.853175],[174.7860016,-36.853175],[174.7860016,-36.8523511],[174.7849303,-36.8523511],[174.7849303,-36.853175]]]}},{"type":"Feature","id":"B0818","properties":{"z":"Z052","k":"residential","h":21.1,"dh":0.0,"td":0.0,"t0":0.0,"g":0,"cbd":0,"d":2.177},"geometry":{"type":"Polygon","coordinates":[[[174.7865436,-36.8532525],[174.7877475,-36.8532525],[174.7877475,-36.8522736],[174.7865436,-36.8522736],[174.7865436,-36.8532525]]]}},{"type":"Feature","id":"B0819","properties":{"z":"Z052","k":"residential","h":15.6,"dh":0.0,"td":0.0,"t0":0.0,"g":0,"cbd":0,"d":2.456},"geometry":{"type":"Polygon","coordinates":[[[174.7894434,-36.8545191],[174.7904972,-36.8545191],[174.7904972,-36.8536952],[174.7894434,-36.8536952],[174.7894434,-36.8545191]]]}},{"type":"Feature","id":"B0820","properties":{"z":"Z052","k":"residential","h":19.4,"dh":0.0,"td":0.0,"t0":4.33,"g":0,"cbd":0,"d":2.601},"geometry":{"type":"Polygon","coordinates":[[[174.7911319,-36.8546108],[174.7921679,-36.8546108],[174.7921679,-36.8536035],[174.7911319,-36.8536035],[174.7911319,-36.8546108]]]}},{"type":"Feature","id":"B0821","properties":{"z":"Z052","k":"residential","h":17.7,"dh":0.0,"td":0.0,"t0":0.0,"g":0,"cbd":0,"d":2.423},"geometry":{"type":"Polygon","coordinates":[[[174.7894688,-36.8532334],[174.7904717,-36.8532334],[174.7904717,-36.8522927],[174.7894688,-36.8522927],[174.7894688,-36.8532334]]]}},{"type":"Feature","id":"B0822","properties":{"z":"Z052","k":"residential","h":13.8,"dh":0.0,"td":0.0,"t0":7.58,"g":0,"cbd":0,"d":2.57},"geometry":{"type":"Polygon","coordinates":[[[174.7911183,-36.8531483],[174.7921815,-36.8531483],[174.7921815,-36.8523778],[174.7911183,-36.8523778],[174.7911183,-36.8531483]]]}},{"type":"Feature","id":"B0823","properties":{"z":"Z053","k":"residential","h":10.2,"dh":0.0,"td":0.0,"t0":0.0,"g":0,"cbd":0,"d":2.911},"geometry":{"type":"Polygon","coordinates":[[[174.7933154,-36.8581044],[174.7944551,-36.8581044],[174.7944551,-36.8573188],[174.7933154,-36.8573188],[174.7933154,-36.8581044]]]}},{"type":"Feature","id":"B0824","properties":{"z":"Z053","k":"residential","h":13.4,"dh":0.0,"td":0.0,"t0":0.0,"g":0,"cbd":0,"d":3.052},"geometry":{"type":"Polygon","coordinates":[[[174.7949223,-36.8581042],[174.7962075,-36.8581042],[174.7962075,-36.857319],[174.7949223,-36.857319],[174.7949223,-36.8581042]]]}},{"type":"Feature","id":"B0825","properties":{"z":"Z053","k":"residential","h":16.0,"dh":0.0,"td":0.0,"t0":0.0,"g":0,"cbd":0,"d":2.862},"geometry":{"type":"Polygon","coordinates":[[[174.7933668,-36.8568144],[174.7944037,-36.8568144],[174.7944037,-36.8559206],[174.7933668,-36.8559206],[174.7933668,-36.8568144]]]}},{"type":"Feature","id":"B0826","properties":{"z":"Z053","k":"residential","h":8.8,"dh":0.0,"td":0.7,"t0":0.0,"g":0,"cbd":0,"d":3.005},"geometry":{"type":"Polygon","coordinates":[[[174.7949557,-36.8568363],[174.7961741,-36.8568363],[174.7961741,-36.8558987],[174.7949557,-36.8558987],[174.7949557,-36.8568363]]]}},{"type":"Feature","id":"B0827","properties":{"z":"Z053","k":"park","h":0.0,"dh":0.0,"td":0.0,"t0":0.0,"g":0,"cbd":0,"d":3.29},"geometry":{"type":"Polygon","coordinates":[[[174.7977636,-36.8581075],[174.7990156,-36.8581075],[174.7990156,-36.8573157],[174.7977636,-36.8573157],[174.7977636,-36.8581075]]]}},{"type":"Feature","id":"B0828","properties":{"z":"Z053","k":"residential","h":10.8,"dh":0.0,"td":0.0,"t0":0.0,"g":0,"cbd":0,"d":3.432},"geometry":{"type":"Polygon","coordinates":[[[174.799439,-36.8581902],[174.8006994,-36.8581902],[174.8006994,-36.857233],[174.799439,-36.857233],[174.799439,-36.8581902]]]}},{"type":"Feature","id":"B0829","properties":{"z":"Z053","k":"residential","h":25.5,"dh":0.0,"td":1.0,"t0":3.48,"g":0,"cbd":0,"d":3.246},"geometry":{"type":"Polygon","coordinates":[[[174.7978833,-36.8567949],[174.7988958,-36.8567949],[174.7988958,-36.8559402],[174.7978833,-36.8559402],[174.7978833,-36.8567949]]]}},{"type":"Feature","id":"B0830","properties":{"z":"Z053","k":"residential","h":11.3,"dh":0.0,"td":0.2,"t0":0.0,"g":0,"cbd":0,"d":3.391},"geometry":{"type":"Polygon","coordinates":[[[174.7996049,-36.8568838],[174.8005336,-36.8568838],[174.8005336,-36.8558512],[174.7996049,-36.8558512],[174.7996049,-36.8568838]]]}},{"type":"Feature","id":"B0831","properties":{"z":"Z053","k":"residential","h":10.8,"dh":0.0,"td":0.0,"t0":0.0,"g":0,"cbd":0,"d":2.795},"geometry":{"type":"Polygon","coordinates":[[[174.7933111,-36.8546076],[174.7944594,-36.8546076],[174.7944594,-36.8536067],[174.7933111,-36.8536067],[174.7933111,-36.8546076]]]}},{"type":"Feature","id":"B0832","properties":{"z":"Z053","k":"residential","h":19.1,"dh":0.0,"td":0.8,"t0":0.0,"g":0,"cbd":0,"d":2.941},"geometry":{"type":"Polygon","coordinates":[[[174.7950749,-36.8545075],[174.7960549,-36.8545075],[174.7960549,-36.8537067],[174.7950749,-36.8537067],[174.7950749,-36.8545075]]]}},{"type":"Feature","id":"B0833","properties":{"z":"Z053","k":"park","h":0.0,"dh":0.0,"td":0.0,"t0":0.0,"g":0,"cbd":0,"d":2.766},"geometry":{"type":"Polygon","coordinates":[[[174.7934183,-36.8531826],[174.7943522,-36.8531826],[174.7943522,-36.8523435],[174.7934183,-36.8523435],[174.7934183,-36.8531826]]]}},{"type":"Feature","id":"B0834","properties":{"z":"Z053","k":"park","h":0.0,"dh":0.0,"td":0.0,"t0":0.0,"g":0,"cbd":0,"d":2.913},"geometry":{"type":"Polygon","coordinates":[[[174.7951062,-36.8531365],[174.7960236,-36.8531365],[174.7960236,-36.8523896],[174.7951062,-36.8523896],[174.7951062,-36.8531365]]]}},{"type":"Feature","id":"B0835","properties":{"z":"Z053","k":"residential","h":17.8,"dh":0.0,"td":0.9,"t0":0.0,"g":0,"cbd":0,"d":3.188},"geometry":{"type":"Polygon","coordinates":[[[174.7978844,-36.854588],[174.7988948,-36.854588],[174.7988948,-36.8536263],[174.7978844,-36.8536263],[174.7978844,-36.854588]]]}},{"type":"Feature","id":"B0836","properties":{"z":"Z053","k":"residential","h":16.3,"dh":3.9,"td":0.0,"t0":0.0,"g":0,"cbd":0,"d":3.334},"geometry":{"type":"Polygon","coordinates":[[[174.7995071,-36.8544648],[174.8006314,-36.8544648],[174.8006314,-36.8537495],[174.7995071,-36.8537495],[174.7995071,-36.8544648]]]}},{"type":"Feature","id":"B0837","properties":{"z":"Z053","k":"park","h":0.0,"dh":0.0,"td":0.0,"t0":0.0,"g":0,"cbd":0,"d":3.162},"geometry":{"type":"Polygon","coordinates":[[[174.7977755,-36.8531517],[174.7990036,-36.8531517],[174.7990036,-36.8523744],[174.7977755,-36.8523744],[174.7977755,-36.8531517]]]}},{"type":"Feature","id":"B0838","properties":{"z":"Z053","k":"park","h":0.0,"dh":0.0,"td":0.0,"t0":0.0,"g":0,"cbd":0,"d":3.31},"geometry":{"type":"Polygon","coordinates":[[[174.799548,-36.8531408],[174.8005905,-36.8531408],[174.8005905,-36.8523853],[174.799548,-36.8523853],[174.799548,-36.8531408]]]}},{"type":"Feature","id":"B0839","properties":{"z":"Z054","k":"industrial","h":16.8,"dh":0.0,"td":0.0,"t0":0.0,"g":0,"cbd":0,"d":3.726},"geometry":{"type":"Polygon","coordinates":[[[174.7259256,-36.8648426],[174.7271359,-36.8648426],[174.7271359,-36.8640553],[174.7259256,-36.8640553],[174.7259256,-36.8648426]]]}},{"type":"Feature","id":"B0840","properties":{"z":"Z054","k":"industrial","h":12.6,"dh":0.0,"td":0.0,"t0":0.0,"g":0,"cbd":0,"d":3.595},"geometry":{"type":"Polygon","coordinates":[[[174.7277602,-36.8648217],[174.7286607,-36.8648217],[174.7286607,-36.8640762],[174.7277602,-36.8640762],[174.7277602,-36.8648217]]]}},{"type":"Feature","id":"B0841","properties":{"z":"Z054","k":"park","h":0.0,"dh":0.0,"td":0.0,"t0":0.0,"g":0,"cbd":0,"d":3.657},"geometry":{"type":"Polygon","coordinates":[[[174.7260356,-36.8635257],[174.7270259,-36.8635257],[174.7270259,-36.862684],[174.7260356,-36.862684],[174.7260356,-36.8635257]]]}},{"type":"Feature","id":"B0842","properties":{"z":"Z054","k":"industrial","h":14.6,"dh":0.0,"td":0.0,"t0":0.0,"g":0,"cbd":0,"d":3.523},"geometry":{"type":"Polygon","coordinates":[[[174.7277585,-36.8636082],[174.7286623,-36.8636082],[174.7286623,-36.8626015],[174.7277585,-36.8626015],[174.7277585,-36.8636082]]]}},{"type":"Feature","id":"B0843","properties":{"z":"Z054","k":"industrial","h":15.4,"dh":0.0,"td":0.0,"t0":0.0,"g":0,"cbd":0,"d":3.378},"geometry":{"type":"Polygon","coordinates":[[[174.7303939,-36.8648147],[174.7316763,-36.8648147],[174.7316763,-36.8640832],[174.7303939,-36.8640832],[174.7303939,-36.8648147]]]}},{"type":"Feature","id":"B0844","properties":{"z":"Z054","k":"park","h":0.0,"dh":0.0,"td":0.0,"t0":0.0,"g":0,"cbd":0,"d":3.252},"geometry":{"type":"Polygon","coordinates":[[[174.7320698,-36.8648882],[174.7333597,-36.8648882],[174.7333597,-36.8640097],[174.7320698,-36.8640097],[174.7320698,-36.8648882]]]}},{"type":"Feature","id":"B0845","properties":{"z":"Z054","k":"industrial","h":17.3,"dh":9.9,"td":0.0,"t0":0.0,"g":0,"cbd":0,"d":3.302},"geometry":{"type":"Polygon","coordinates":[[[174.7305627,-36.863513],[174.7315075,-36.863513],[174.7315075,-36.8626967],[174.7305627,-36.8626967],[174.7305627,-36.863513]]]}},{"type":"Feature","id":"B0846","properties":{"z":"Z054","k":"industrial","h":11.5,"dh":0.0,"td":0.8,"t0":0.0,"g":0,"cbd":0,"d":3.173},"geometry":{"type":"Polygon","coordinates":[[[174.73219,-36.8636225],[174.7332395,-36.8636225],[174.7332395,-36.8625872],[174.73219,-36.8625872],[174.73219,-36.8636225]]]}},{"type":"Feature","id":"B0847","properties":{"z":"Z054","k":"industrial","h":17.5,"dh":12.1,"td":0.0,"t0":0.0,"g":0,"cbd":0,"d":3.552},"geometry":{"type":"Polygon","coordinates":[[[174.7259366,-36.8613579],[174.7271249,-36.8613579],[174.7271249,-36.860331],[174.7259366,-36.860331],[174.7259366,-36.8613579]]]}},{"type":"Feature","id":"B0848","properties":{"z":"Z054","k":"industrial","h":17.0,"dh":12.7,"td":1.5,"t0":0.0,"g":0,"cbd":0,"d":3.415},"geometry":{"type":"Polygon","coordinates":[[[174.7276809,-36.861343],[174.72874,-36.861343],[174.72874,-36.8603459],[174.7276809,-36.8603459],[174.7276809,-36.861343]]]}},{"type":"Feature","id":"B0849","properties":{"z":"Z054","k":"park","h":0.0,"dh":0.0,"td":0.0,"t0":0.0,"g":0,"cbd":0,"d":3.497},"geometry":{"type":"Polygon","coordinates":[[[174.7260546,-36.8598995],[174.7270069,-36.8598995],[174.7270069,-36.8591012],[174.7260546,-36.8591012],[174.7260546,-36.8598995]]]}},{"type":"Feature","id":"B0850","properties":{"z":"Z054","k":"industrial","h":8.3,"dh":5.6,"td":0.0,"t0":0.0,"g":0,"cbd":0,"d":3.357},"geometry":{"type":"Polygon","coordinates":[[[174.7277041,-36.859939],[174.7287167,-36.859939],[174.7287167,-36.8590617],[174.7277041,-36.8590617],[174.7277041,-36.859939]]]}},{"type":"Feature","id":"B0851","properties":{"z":"Z054","k":"industrial","h":13.8,"dh":0.0,"td":0.0,"t0":0.0,"g":0,"cbd":0,"d":3.186},"geometry":{"type":"Polygon","coordinates":[[[174.73044,-36.8613251],[174.7316302,-36.8613251],[174.7316302,-36.8603638],[174.73044,-36.8603638],[174.73044,-36.8613251]]]}},{"type":"Feature","id":"B0852","properties":{"z":"Z054","k":"park","h":0.0,"dh":0.0,"td":0.0,"t0":0.0,"g":0,"cbd":0,"d":3.051},"geometry":{"type":"Polygon","coordinates":[[[174.7322692,-36.8613291],[174.7331603,-36.8613291],[174.7331603,-36.8603598],[174.7322692,-36.8603598],[174.7322692,-36.8613291]]]}},{"type":"Feature","id":"B0853","properties":{"z":"Z054","k":"industrial","h":11.3,"dh":0.0,"td":0.0,"t0":0.0,"g":0,"cbd":0,"d":3.124},"geometry":{"type":"Polygon","coordinates":[[[174.7304529,-36.8599688],[174.7316173,-36.8599688],[174.7316173,-36.859032],[174.7304529,-36.859032],[174.7304529,-36.8599688]]]}},{"type":"Feature","id":"B0854","properties":{"z":"Z054","k":"industrial","h":10.1,"dh":0.0,"td":0.0,"t0":0.0,"g":0,"cbd":0,"d":2.987},"geometry":{"type":"Polygon","coordinates":[[[174.7322089,-36.8598998],[174.7332206,-36.8598998],[174.7332206,-36.8591009],[174.7322089,-36.8591009],[174.7322089,-36.8598998]]]}},{"type":"Feature","id":"B0855","properties":{"z":"Z055","k":"residential","h":17.8,"dh":4.9,"td":1.5,"t0":0.0,"g":0,"cbd":0,"d":3.087},"geometry":{"type":"Polygon","coordinates":[[[174.7344604,-36.8649414],[174.7354398,-36.8649414],[174.7354398,-36.8639565],[174.7344604,-36.8639565],[174.7344604,-36.8649414]]]}},{"type":"Feature","id":"B0856","properties":{"z":"Z055","k":"residential","h":14.0,"dh":0.0,"td":0.0,"t0":0.0,"g":0,"cbd":0,"d":2.966},"geometry":{"type":"Polygon","coordinates":[[[174.7361338,-36.8648619],[174.7371257,-36.8648619],[174.7371257,-36.864036],[174.7361338,-36.864036],[174.7361338,-36.8648619]]]}},{"type":"Feature","id":"B0857","properties":{"z":"Z055","k":"residential","h":14.7,"dh":0.0,"td":0.0,"t0":0.0,"g":0,"cbd":0,"d":3.004},"geometry":{"type":"Polygon","coordinates":[[[174.7344217,-36.8635434],[174.7354784,-36.8635434],[174.7354784,-36.8626664],[174.7344217,-36.8626664],[174.7344217,-36.8635434]]]}},{"type":"Feature","id":"B0858","properties":{"z":"Z055","k":"residential","h":13.0,"dh":2.1,"td":0.0,"t0":0.0,"g":0,"cbd":0,"d":2.879},"geometry":{"type":"Polygon","coordinates":[[[174.7360956,-36.8635652],[174.7371638,-36.8635652],[174.7371638,-36.8626445],[174.7360956,-36.8626445],[174.7360956,-36.8635652]]]}},{"type":"Feature","id":"B0859","properties":{"z":"Z055","k":"residential","h":22.8,"dh":0.0,"td":1.8,"t0":7.55,"g":0,"cbd":0,"d":2.768},"geometry":{"type":"Polygon","coordinates":[[[174.738886,-36.8648949],[174.7400228,-36.8648949],[174.7400228,-36.864003],[174.738886,-36.864003],[174.738886,-36.8648949]]]}},{"type":"Feature","id":"B0860","properties":{"z":"Z055","k":"residential","h":18.5,"dh":0.0,"td":0.0,"t0":0.0,"g":0,"cbd":0,"d":2.655},"geometry":{"type":"Polygon","coordinates":[[[174.7405509,-36.8649596],[174.7417172,-36.8649596],[174.7417172,-36.8639384],[174.7405509,-36.8639384],[174.7405509,-36.8649596]]]}},{"type":"Feature","id":"B0861","properties":{"z":"Z055","k":"residential","h":18.0,"dh":9.1,"td":0.0,"t0":0.0,"g":0,"cbd":0,"d":2.675},"geometry":{"type":"Polygon","coordinates":[[[174.7389014,-36.863561],[174.7400074,-36.863561],[174.7400074,-36.8626487],[174.7389014,-36.8626487],[174.7389014,-36.863561]]]}},{"type":"Feature","id":"B0862","properties":{"z":"Z055","k":"park","h":0.0,"dh":0.0,"td":0.0,"t0":0.0,"g":0,"cbd":0,"d":2.558},"geometry":{"type":"Polygon","coordinates":[[[174.7406319,-36.8635491],[174.7416363,-36.8635491],[174.7416363,-36.8626606],[174.7406319,-36.8626606],[174.7406319,-36.8635491]]]}},{"type":"Feature","id":"B0863","properties":{"z":"Z055","k":"park","h":0.0,"dh":0.0,"td":0.0,"t0":0.0,"g":0,"cbd":0,"d":2.875},"geometry":{"type":"Polygon","coordinates":[[[174.7343125,-36.8612436],[174.7355877,-36.8612436],[174.7355877,-36.8604454],[174.7343125,-36.8604454],[174.7343125,-36.8612436]]]}},{"type":"Feature","id":"B0864","properties":{"z":"Z055","k":"residential","h":19.0,"dh":9.6,"td":0.0,"t0":0.0,"g":0,"cbd":0,"d":2.745},"geometry":{"type":"Polygon","coordinates":[[[174.7361469,-36.8612545],[174.7371125,-36.8612545],[174.7371125,-36.8604344],[174.7361469,-36.8604344],[174.7361469,-36.8612545]]]}},{"type":"Feature","id":"B0865","properties":{"z":"Z055","k":"residential","h":9.2,"dh":0.0,"td":0.7,"t0":0.0,"g":0,"cbd":0,"d":2.807},"geometry":{"type":"Polygon","coordinates":[[[174.7343516,-36.8598669],[174.7355486,-36.8598669],[174.7355486,-36.8591339],[174.7343516,-36.8591339],[174.7343516,-36.8598669]]]}},{"type":"Feature","id":"B0866","properties":{"z":"Z055","k":"residential","h":12.0,"dh":0.0,"td":0.0,"t0":0.0,"g":0,"cbd":0,"d":2.673},"geometry":{"type":"Polygon","coordinates":[[[174.7361478,-36.8599905],[174.7371116,-36.8599905],[174.7371116,-36.8590102],[174.7361478,-36.8590102],[174.7361478,-36.8599905]]]}},{"type":"Feature","id":"B0867","properties":{"z":"Z055","k":"residential","h":25.0,"dh":0.0,"td":2.2,"t0":1.93,"g":0,"cbd":0,"d":2.53},"geometry":{"type":"Polygon","coordinates":[[[174.7388272,-36.8612968],[174.7400816,-36.8612968],[174.7400816,-36.8603922],[174.7388272,-36.8603922],[174.7388272,-36.8612968]]]}},{"type":"Feature","id":"B0868","properties":{"z":"Z055","k":"residential","h":11.7,"dh":0.0,"td":1.1,"t0":0.0,"g":0,"cbd":0,"d":2.406},"geometry":{"type":"Polygon","coordinates":[[[174.7406118,-36.8612156],[174.7416563,-36.8612156],[174.7416563,-36.8604733],[174.7406118,-36.8604733],[174.7406118,-36.8612156]]]}},{"type":"Feature","id":"B0869","properties":{"z":"Z055","k":"park","h":0.0,"dh":0.0,"td":0.0,"t0":0.0,"g":0,"cbd":0,"d":2.452},"geometry":{"type":"Polygon","coordinates":[[[174.738895,-36.8598703],[174.7400138,-36.8598703],[174.7400138,-36.8591305],[174.738895,-36.8591305],[174.738895,-36.8598703]]]}},{"type":"Feature","id":"B0870","properties":{"z":"Z055","k":"residential","h":13.1,"dh":0.0,"td":0.0,"t0":0.0,"g":0,"cbd":0,"d":2.323},"geometry":{"type":"Polygon","coordinates":[[[174.7405237,-36.8599988],[174.7417444,-36.8599988],[174.7417444,-36.8590019],[174.7405237,-36.8590019],[174.7405237,-36.8599988]]]}},{"type":"Feature","id":"B0871","properties":{"z":"Z056","k":"mixed","h":17.6,"dh":0.0,"td":0.0,"t0":0.0,"g":0,"cbd":0,"d":2.511},"geometry":{"type":"Polygon","coordinates":[[[174.7428013,-36.864841],[174.7439375,-36.864841],[174.7439375,-36.8640569],[174.7428013,-36.8640569],[174.7428013,-36.864841]]]}},{"type":"Feature","id":"B0872","properties":{"z":"Z056","k":"mixed","h":13.0,"dh":0.0,"td":0.0,"t0":0.0,"g":0,"cbd":0,"d":2.407},"geometry":{"type":"Polygon","coordinates":[[[174.74454,-36.8649061],[174.7455581,-36.8649061],[174.7455581,-36.8639918],[174.74454,-36.8639918],[174.74454,-36.8649061]]]}},{"type":"Feature","id":"B0873","properties":{"z":"Z056","k":"mixed","h":16.5,"dh":9.5,"td":0.0,"t0":0.0,"g":0,"cbd":0,"d":2.407},"geometry":{"type":"Polygon","coordinates":[[[174.7428282,-36.8635909],[174.7439106,-36.8635909],[174.7439106,-36.8626188],[174.7428282,-36.8626188],[174.7428282,-36.8635909]]]}},{"type":"Feature","id":"B0874","properties":{"z":"Z056","k":"mixed","h":25.9,"dh":0.0,"td":2.8,"t0":0.0,"g":0,"cbd":0,"d":2.299},"geometry":{"type":"Polygon","coordinates":[[[174.7444132,-36.8635821],[174.7456849,-36.8635821],[174.7456849,-36.8626276],[174.7444132,-36.8626276],[174.7444132,-36.8635821]]]}},{"type":"Feature","id":"B0875","properties":{"z":"Z056","k":"mixed","h":24.2,"dh":4.3,"td":3.2,"t0":0.0,"g":0,"cbd":0,"d":2.245},"geometry":{"type":"Polygon","coordinates":[[[174.7472952,-36.8648383],[174.7484522,-36.8648383],[174.7484522,-36.8640596],[174.7472952,-36.8640596],[174.7472952,-36.8648383]]]}},{"type":"Feature","id":"B0876","properties":{"z":"Z056","k":"mixed","h":20.0,"dh":0.0,"td":0.0,"t0":0.0,"g":0,"cbd":0,"d":2.157},"geometry":{"type":"Polygon","coordinates":[[[174.7490125,-36.8648331],[174.7500942,-36.8648331],[174.7500942,-36.8640648],[174.7490125,-36.8640648],[174.7490125,-36.8648331]]]}},{"type":"Feature","id":"B0877","properties":{"z":"Z056","k":"lowrise","h":10.6,"dh":0.0,"td":0.0,"t0":0.0,"g":1,"cbd":0,"d":2.129},"geometry":{"type":"Polygon","coordinates":[[[174.7472331,-36.8634626],[174.7485143,-36.8634626],[174.7485143,-36.8627471],[174.7472331,-36.8627471],[174.7472331,-36.8634626]]]}},{"type":"Feature","id":"B0878","properties":{"z":"Z056","k":"mixed","h":26.7,"dh":19.8,"td":9.5,"t0":0.0,"g":0,"cbd":0,"d":2.035},"geometry":{"type":"Polygon","coordinates":[[[174.7490699,-36.8634631],[174.7500368,-36.8634631],[174.7500368,-36.8627466],[174.7490699,-36.8627466],[174.7490699,-36.8634631]]]}},{"type":"Feature","id":"B0879","properties":{"z":"Z056","k":"mixed","h":28.4,"dh":0.0,"td":0.0,"t0":0.0,"g":0,"cbd":0,"d":2.245},"geometry":{"type":"Polygon","coordinates":[[[174.7427916,-36.8613338],[174.7439471,-36.8613338],[174.7439471,-36.8603551],[174.7427916,-36.8603551],[174.7427916,-36.8613338]]]}},{"type":"Feature","id":"B0880","properties":{"z":"Z056","k":"lowrise","h":7.1,"dh":0.0,"td":0.0,"t0":0.0,"g":1,"cbd":0,"d":2.129},"geometry":{"type":"Polygon","coordinates":[[[174.7445045,-36.861335],[174.7455935,-36.861335],[174.7455935,-36.860354],[174.7445045,-36.860354],[174.7445045,-36.861335]]]}},{"type":"Feature","id":"B0881","properties":{"z":"Z056","k":"park","h":0.0,"dh":0.0,"td":0.0,"t0":0.0,"g":0,"cbd":0,"d":2.157},"geometry":{"type":"Polygon","coordinates":[[[174.7429042,-36.8599431],[174.7438346,-36.8599431],[174.7438346,-36.8590576],[174.7429042,-36.8590576],[174.7429042,-36.8599431]]]}},{"type":"Feature","id":"B0882","properties":{"z":"Z056","k":"mixed","h":15.6,"dh":5.1,"td":0.0,"t0":0.0,"g":0,"cbd":0,"d":2.035},"geometry":{"type":"Polygon","coordinates":[[[174.7445708,-36.8600176],[174.7455273,-36.8600176],[174.7455273,-36.8589832],[174.7445708,-36.8589832],[174.7445708,-36.8600176]]]}},{"type":"Feature","id":"B0883","properties":{"z":"Z056","k":"mixed","h":30.9,"dh":0.0,"td":3.8,"t0":0.0,"g":0,"cbd":0,"d":1.943},"geometry":{"type":"Polygon","coordinates":[[[174.7473661,-36.8613468],[174.7483813,-36.8613468],[174.7483813,-36.8603422],[174.7473661,-36.8603422],[174.7473661,-36.8613468]]]}},{"type":"Feature","id":"B0884","properties":{"z":"Z056","k":"mixed","h":23.8,"dh":0.0,"td":0.0,"t0":0.0,"g":0,"cbd":0,"d":1.841},"geometry":{"type":"Polygon","coordinates":[[[174.7489373,-36.8612981],[174.7501694,-36.8612981],[174.7501694,-36.8603909],[174.7489373,-36.8603909],[174.7489373,-36.8612981]]]}},{"type":"Feature","id":"B0885","properties":{"z":"Z056","k":"mixed","h":35.2,"dh":0.0,"td":0.0,"t0":0.0,"g":0,"cbd":0,"d":1.841},"geometry":{"type":"Polygon","coordinates":[[[174.7472418,-36.859966],[174.7485057,-36.859966],[174.7485057,-36.8590347],[174.7472418,-36.8590347],[174.7472418,-36.859966]]]}},{"type":"Feature","id":"B0886","properties":{"z":"Z056","k":"mixed","h":18.6,"dh":0.0,"td":0.0,"t0":0.0,"g":0,"cbd":0,"d":1.732},"geometry":{"type":"Polygon","coordinates":[[[174.7490217,-36.8600012],[174.7500851,-36.8600012],[174.7500851,-36.8589996],[174.7490217,-36.8589996],[174.7490217,-36.8600012]]]}},{"type":"Feature","id":"B0887","properties":{"z":"Z057","k":"mixed","h":28.7,"dh":17.4,"td":0.0,"t0":0.0,"g":0,"cbd":0,"d":2.05},"geometry":{"type":"Polygon","coordinates":[[[174.7511594,-36.8648524],[174.752418,-36.8648524],[174.752418,-36.8640455],[174.7511594,-36.8640455],[174.7511594,-36.8648524]]]}},{"type":"Feature","id":"B0888","properties":{"z":"Z057","k":"mixed","h":30.9,"dh":0.0,"td":6.0,"t0":0.0,"g":0,"cbd":0,"d":1.98},"geometry":{"type":"Polygon","coordinates":[[[174.7528951,-36.8649124],[174.7540416,-36.8649124],[174.7540416,-36.8639855],[174.7528951,-36.8639855],[174.7528951,-36.8649124]]]}},{"type":"Feature","id":"B0889","properties":{"z":"Z057","k":"mixed","h":29.1,"dh":0.0,"td":0.0,"t0":0.0,"g":0,"cbd":0,"d":1.922},"geometry":{"type":"Polygon","coordinates":[[[174.7512928,-36.863479],[174.7522846,-36.863479],[174.7522846,-36.8627307],[174.7512928,-36.8627307],[174.7512928,-36.863479]]]}},{"type":"Feature","id":"B0890","properties":{"z":"Z057","k":"office","h":62.6,"dh":0.0,"td":17.9,"t0":2.46,"g":0,"cbd":0,"d":1.847},"geometry":{"type":"Polygon","coordinates":[[[174.7528932,-36.8635798],[174.7540435,-36.8635798],[174.7540435,-36.8626299],[174.7528932,-36.8626299],[174.7528932,-36.8635798]]]}},{"type":"Feature","id":"B0891","properties":{"z":"Z057","k":"mixed","h":26.8,"dh":0.0,"td":6.6,"t0":7.9,"g":0,"cbd":0,"d":1.882},"geometry":{"type":"Polygon","coordinates":[[[174.7557523,-36.8648775],[174.7568338,-36.8648775],[174.7568338,-36.8640204],[174.7557523,-36.8640204],[174.7557523,-36.8648775]]]}},{"type":"Feature","id":"B0892","properties":{"z":"Z057","k":"lowrise","h":5.1,"dh":0.0,"td":0.0,"t0":0.0,"g":1,"cbd":0,"d":1.838},"geometry":{"type":"Polygon","coordinates":[[[174.7574551,-36.8648357],[174.7584903,-36.8648357],[174.7584903,-36.8640622],[174.7574551,-36.8640622],[174.7574551,-36.8648357]]]}},{"type":"Feature","id":"B0893","properties":{"z":"Z057","k":"mixed","h":35.4,"dh":0.0,"td":0.0,"t0":0.0,"g":0,"cbd":0,"d":1.742},"geometry":{"type":"Polygon","coordinates":[[[174.7556752,-36.8635378],[174.7569108,-36.8635378],[174.7569108,-36.8626719],[174.7556752,-36.8626719],[174.7556752,-36.8635378]]]}},{"type":"Feature","id":"B0894","properties":{"z":"Z057","k":"mixed","h":36.6,"dh":0.0,"td":0.0,"t0":0.0,"g":0,"cbd":0,"d":1.694},"geometry":{"type":"Polygon","coordinates":[[[174.7574844,-36.8635125],[174.7584609,-36.8635125],[174.7584609,-36.8626972],[174.7574844,-36.8626972],[174.7574844,-36.8635125]]]}},{"type":"Feature","id":"B0895","properties":{"z":"Z057","k":"mixed","h":37.8,"dh":26.1,"td":0.0,"t0":0.0,"g":0,"cbd":0,"d":1.715},"geometry":{"type":"Polygon","coordinates":[[[174.7512802,-36.8612901],[174.7522972,-36.8612901],[174.7522972,-36.8603988],[174.7512802,-36.8603988],[174.7512802,-36.8612901]]]}},{"type":"Feature","id":"B0896","properties":{"z":"Z057","k":"mixed","h":27.6,"dh":0.0,"td":0.0,"t0":0.0,"g":0,"cbd":0,"d":1.63},"geometry":{"type":"Polygon","coordinates":[[[174.7529195,-36.8612241],[174.7540173,-36.8612241],[174.7540173,-36.8604649],[174.7529195,-36.8604649],[174.7529195,-36.8612241]]]}},{"type":"Feature","id":"B0897","properties":{"z":"Z057","k":"mixed","h":20.7,"dh":0.0,"td":0.0,"t0":0.0,"g":0,"cbd":0,"d":1.597},"geometry":{"type":"Polygon","coordinates":[[[174.7512727,-36.8600131],[174.7523047,-36.8600131],[174.7523047,-36.8589876],[174.7512727,-36.8589876],[174.7512727,-36.8600131]]]}},{"type":"Feature","id":"B0898","properties":{"z":"Z057","k":"mixed","h":38.9,"dh":0.0,"td":0.0,"t0":0.0,"g":0,"cbd":0,"d":1.506},"geometry":{"type":"Polygon","coordinates":[[[174.7528344,-36.8598702],[174.7541023,-36.8598702],[174.7541023,-36.8591306],[174.7528344,-36.8591306],[174.7528344,-36.8598702]]]}},{"type":"Feature","id":"B0899","properties":{"z":"Z057","k":"lowrise","h":6.1,"dh":0.0,"td":0.0,"t0":0.0,"g":1,"cbd":0,"d":1.509},"geometry":{"type":"Polygon","coordinates":[[[174.7558447,-36.8612065],[174.7567414,-36.8612065],[174.7567414,-36.8604825],[174.7558447,-36.8604825],[174.7558447,-36.8612065]]]}},{"type":"Feature","id":"B0900","properties":{"z":"Z057","k":"mixed","h":29.1,"dh":0.0,"td":0.0,"t0":4.96,"g":0,"cbd":0,"d":1.454},"geometry":{"type":"Polygon","coordinates":[[[174.7575209,-36.861328],[174.7584245,-36.861328],[174.7584245,-36.8603609],[174.7575209,-36.8603609],[174.7575209,-36.861328]]]}},{"type":"Feature","id":"B0901","properties":{"z":"Z057","k":"office","h":51.8,"dh":0.0,"td":0.0,"t0":0.0,"g":0,"cbd":0,"d":1.374},"geometry":{"type":"Polygon","coordinates":[[[174.755759,-36.8599218],[174.7568271,-36.8599218],[174.7568271,-36.859079],[174.755759,-36.859079],[174.755759,-36.8599218]]]}},{"type":"Feature","id":"B0902","properties":{"z":"Z057","k":"lowrise","h":12.3,"dh":0.0,"td":0.0,"t0":0.0,"g":1,"cbd":0,"d":1.313},"geometry":{"type":"Polygon","coordinates":[[[174.7573817,-36.860014],[174.7585637,-36.860014],[174.7585637,-36.8589868],[174.7573817,-36.8589868],[174.7573817,-36.860014]]]}},{"type":"Feature","id":"B0903","properties":{"z":"Z058","k":"lowrise","h":5.1,"dh":0.0,"td":0.0,"t0":0.0,"g":1,"cbd":0,"d":1.797},"geometry":{"type":"Polygon","coordinates":[[[174.7595942,-36.8649243],[174.7608218,-36.8649243],[174.7608218,-36.8639736],[174.7595942,-36.8639736],[174.7595942,-36.8649243]]]}},{"type":"Feature","id":"B0904","properties":{"z":"Z058","k":"mixed","h":23.6,"dh":0.0,"td":0.0,"t0":0.0,"g":0,"cbd":0,"d":1.78},"geometry":{"type":"Polygon","coordinates":[[[174.7614121,-36.8649133],[174.7623632,-36.8649133],[174.7623632,-36.8639847],[174.7614121,-36.8639847],[174.7614121,-36.8649133]]]}},{"type":"Feature","id":"B0905","properties":{"z":"Z058","k":"mixed","h":38.3,"dh":14.3,"td":0.0,"t0":0.0,"g":0,"cbd":0,"d":1.649},"geometry":{"type":"Polygon","coordinates":[[[174.7597287,-36.8636147],[174.7606874,-36.8636147],[174.7606874,-36.862595],[174.7597287,-36.862595],[174.7597287,-36.8636147]]]}},{"type":"Feature","id":"B0906","properties":{"z":"Z058","k":"mixed","h":18.5,"dh":0.0,"td":0.0,"t0":0.0,"g":0,"cbd":0,"d":1.631},"geometry":{"type":"Polygon","coordinates":[[[174.7613482,-36.8634667],[174.7624272,-36.8634667],[174.7624272,-36.862743],[174.7613482,-36.862743],[174.7613482,-36.8634667]]]}},{"type":"Feature","id":"B0907","properties":{"z":"Z058","k":"lowrise","h":11.0,"dh":0.0,"td":0.0,"t0":0.0,"g":1,"cbd":0,"d":1.402},"geometry":{"type":"Polygon","coordinates":[[[174.7597532,-36.8613226],[174.7606628,-36.8613226],[174.7606628,-36.8603664],[174.7597532,-36.8603664],[174.7597532,-36.8613226]]]}},{"type":"Feature","id":"B0908","properties":{"z":"Z058","k":"office","h":54.0,"dh":0.0,"td":0.0,"t0":0.0,"g":0,"cbd":0,"d":1.38},"geometry":{"type":"Polygon","coordinates":[[[174.7612672,-36.8613518],[174.7625081,-36.8613518],[174.7625081,-36.8603371],[174.7612672,-36.8603371],[174.7612672,-36.8613518]]]}},{"type":"Feature","id":"B0909","properties":{"z":"Z058","k":"office","h":70.3,"dh":0.0,"td":0.0,"t0":0.0,"g":0,"cbd":0,"d":1.255},"geometry":{"type":"Polygon","coordinates":[[[174.759668,-36.8599751],[174.760748,-36.8599751],[174.760748,-36.8590256],[174.759668,-36.8590256],[174.759668,-36.8599751]]]}},{"type":"Feature","id":"B0910","properties":{"z":"Z058","k":"lowrise","h":9.6,"dh":0.0,"td":0.0,"t0":0.0,"g":1,"cbd":0,"d":1.231},"geometry":{"type":"Polygon","coordinates":[[[174.7613531,-36.8598801],[174.7624222,-36.8598801],[174.7624222,-36.8591206],[174.7613531,-36.8591206],[174.7613531,-36.8598801]]]}},{"type":"Feature","id":"B0911","properties":{"z":"Z059","k":"park","h":0.0,"dh":0.0,"td":0.0,"t0":0.0,"g":0,"cbd":0,"d":1.882},"geometry":{"type":"Polygon","coordinates":[[[174.7698392,-36.8649403],[174.7707747,-36.8649403],[174.7707747,-36.8639576],[174.7698392,-36.8639576],[174.7698392,-36.8649403]]]}},{"type":"Feature","id":"B0912","properties":{"z":"Z059","k":"mixed","h":22.1,"dh":0.0,"td":6.3,"t0":0.0,"g":0,"cbd":0,"d":1.742},"geometry":{"type":"Polygon","coordinates":[[[174.7697322,-36.863622],[174.7708817,-36.863622],[174.7708817,-36.8625877],[174.7697322,-36.8625877],[174.7697322,-36.863622]]]}},{"type":"Feature","id":"B0913","properties":{"z":"Z059","k":"mixed","h":34.2,"dh":0.0,"td":5.9,"t0":0.0,"g":0,"cbd":0,"d":1.98},"geometry":{"type":"Polygon","coordinates":[[[174.7725038,-36.8649323],[174.7737595,-36.8649323],[174.7737595,-36.8639656],[174.7725038,-36.8639656],[174.7725038,-36.8649323]]]}},{"type":"Feature","id":"B0914","properties":{"z":"Z059","k":"lowrise","h":10.3,"dh":0.0,"td":0.0,"t0":0.0,"g":1,"cbd":0,"d":2.05},"geometry":{"type":"Polygon","coordinates":[[[174.774306,-36.8649156],[174.7753166,-36.8649156],[174.7753166,-36.8639823],[174.774306,-36.8639823],[174.774306,-36.8649156]]]}},{"type":"Feature","id":"B0915","properties":{"z":"Z059","k":"mixed","h":32.5,"dh":0.0,"td":0.0,"t0":0.0,"g":0,"cbd":0,"d":1.847},"geometry":{"type":"Polygon","coordinates":[[[174.7725581,-36.8636039],[174.7737052,-36.8636039],[174.7737052,-36.8626058],[174.7725581,-36.8626058],[174.7725581,-36.8636039]]]}},{"type":"Feature","id":"B0916","properties":{"z":"Z059","k":"mixed","h":25.9,"dh":0.0,"td":3.7,"t0":0.0,"g":0,"cbd":0,"d":1.922},"geometry":{"type":"Polygon","coordinates":[[[174.7742487,-36.8635943],[174.7753739,-36.8635943],[174.7753739,-36.8626154],[174.7742487,-36.8626154],[174.7742487,-36.8635943]]]}},{"type":"Feature","id":"B0917","properties":{"z":"Z059","k":"office","h":45.8,"dh":0.0,"td":0.0,"t0":0.0,"g":0,"cbd":0,"d":1.454},"geometry":{"type":"Polygon","coordinates":[[[174.7681076,-36.8612425],[174.769147,-36.8612425],[174.769147,-36.8604465],[174.7681076,-36.8604465],[174.7681076,-36.8612425]]]}},{"type":"Feature","id":"B0918","properties":{"z":"Z059","k":"office","h":46.0,"dh":0.0,"td":0.0,"t0":3.3,"g":0,"cbd":0,"d":1.509},"geometry":{"type":"Polygon","coordinates":[[[174.7697917,-36.8612213],[174.7708222,-36.8612213],[174.7708222,-36.8604677],[174.7697917,-36.8604677],[174.7697917,-36.8612213]]]}},{"type":"Feature","id":"B0919","properties":{"z":"Z059","k":"lowrise","h":5.3,"dh":0.0,"td":0.0,"t0":0.0,"g":1,"cbd":0,"d":1.313},"geometry":{"type":"Polygon","coordinates":[[[174.7681076,-36.8598667],[174.769147,-36.8598667],[174.769147,-36.859134],[174.7681076,-36.859134],[174.7681076,-36.8598667]]]}},{"type":"Feature","id":"B0920","properties":{"z":"Z059","k":"mixed","h":37.3,"dh":0.0,"td":0.0,"t0":0.0,"g":0,"cbd":0,"d":1.374},"geometry":{"type":"Polygon","coordinates":[[[174.7698339,-36.8599522],[174.77078,-36.8599522],[174.77078,-36.8590486],[174.7698339,-36.8590486],[174.7698339,-36.8599522]]]}},{"type":"Feature","id":"B0921","properties":{"z":"Z059","k":"office","h":68.1,"dh":0.0,"td":0.0,"t0":3.24,"g":0,"cbd":0,"d":1.63},"geometry":{"type":"Polygon","coordinates":[[[174.7724823,-36.8613234],[174.773781,-36.8613234],[174.773781,-36.8603655],[174.7724823,-36.8603655],[174.7724823,-36.8613234]]]}},{"type":"Feature","id":"B0922","properties":{"z":"Z059","k":"mixed","h":30.3,"dh":0.0,"td":0.0,"t0":0.0,"g":0,"cbd":0,"d":1.715},"geometry":{"type":"Polygon","coordinates":[[[174.7741837,-36.8612357],[174.7754389,-36.8612357],[174.7754389,-36.8604532],[174.7741837,-36.8604532],[174.7741837,-36.8612357]]]}},{"type":"Feature","id":"B0923","properties":{"z":"Z059","k":"lowrise","h":12.1,"dh":0.0,"td":2.5,"t0":0.0,"g":0,"cbd":0,"d":1.506},"geometry":{"type":"Polygon","coordinates":[[[174.7726714,-36.8598988],[174.7735919,-36.8598988],[174.7735919,-36.8591019],[174.7726714,-36.8591019],[174.7726714,-36.8598988]]]}},{"type":"Feature","id":"B0924","properties":{"z":"Z059","k":"lowrise","h":13.3,"dh":0.0,"td":0.0,"t0":0.0,"g":1,"cbd":0,"d":1.597},"geometry":{"type":"Polygon","coordinates":[[[174.7742712,-36.8600174],[174.7753514,-36.8600174],[174.7753514,-36.8589834],[174.7742712,-36.8589834],[174.7742712,-36.8600174]]]}},{"type":"Feature","id":"B0925","properties":{"z":"Z060","k":"lowrise","h":9.0,"dh":0.0,"td":0.0,"t0":7.32,"g":1,"cbd":0,"d":2.157},"geometry":{"type":"Polygon","coordinates":[[[174.7765466,-36.8648352],[174.7775466,-36.8648352],[174.7775466,-36.8640627],[174.7765466,-36.8640627],[174.7765466,-36.8648352]]]}},{"type":"Feature","id":"B0926","properties":{"z":"Z060","k":"mixed","h":11.3,"dh":0.0,"td":0.0,"t0":0.0,"g":0,"cbd":0,"d":2.245},"geometry":{"type":"Polygon","coordinates":[[[174.7782534,-36.8649493],[174.7791991,-36.8649493],[174.7791991,-36.8639486],[174.7782534,-36.8639486],[174.7782534,-36.8649493]]]}},{"type":"Feature","id":"B0927","properties":{"z":"Z060","k":"mixed","h":39.4,"dh":0.0,"td":6.0,"t0":6.63,"g":0,"cbd":0,"d":2.035},"geometry":{"type":"Polygon","coordinates":[[[174.7765167,-36.8634617],[174.7775766,-36.8634617],[174.7775766,-36.862748],[174.7765167,-36.862748],[174.7765167,-36.8634617]]]}},{"type":"Feature","id":"B0928","properties":{"z":"Z060","k":"mixed","h":14.4,"dh":0.0,"td":0.0,"t0":0.0,"g":0,"cbd":0,"d":2.129},"geometry":{"type":"Polygon","coordinates":[[[174.7782806,-36.8636151],[174.7791719,-36.8636151],[174.7791719,-36.8625946],[174.7782806,-36.8625946],[174.7782806,-36.8636151]]]}},{"type":"Feature","id":"B0929","properties":{"z":"Z060","k":"mixed","h":23.6,"dh":0.0,"td":0.0,"t0":0.0,"g":0,"cbd":0,"d":2.407},"geometry":{"type":"Polygon","coordinates":[[[174.7810595,-36.8649135],[174.7820424,-36.8649135],[174.7820424,-36.8639844],[174.7810595,-36.8639844],[174.7810595,-36.8649135]]]}},{"type":"Feature","id":"B0930","properties":{"z":"Z060","k":"lowrise","h":5.8,"dh":0.0,"td":0.0,"t0":0.0,"g":1,"cbd":0,"d":2.511},"geometry":{"type":"Polygon","coordinates":[[[174.782733,-36.8648743],[174.7837283,-36.8648743],[174.7837283,-36.8640236],[174.782733,-36.8640236],[174.782733,-36.8648743]]]}},{"type":"Feature","id":"B0931","properties":{"z":"Z060","k":"mixed","h":25.9,"dh":0.0,"td":0.0,"t0":0.0,"g":0,"cbd":0,"d":2.299},"geometry":{"type":"Polygon","coordinates":[[[174.7810282,-36.863591],[174.7820737,-36.863591],[174.7820737,-36.8626187],[174.7810282,-36.8626187],[174.7810282,-36.863591]]]}},{"type":"Feature","id":"B0932","properties":{"z":"Z060","k":"mixed","h":21.7,"dh":0.0,"td":0.0,"t0":0.0,"g":0,"cbd":0,"d":2.407},"geometry":{"type":"Polygon","coordinates":[[[174.7826361,-36.8636005],[174.7838251,-36.8636005],[174.7838251,-36.8626092],[174.7826361,-36.8626092],[174.7826361,-36.8636005]]]}},{"type":"Feature","id":"B0933","properties":{"z":"Z060","k":"mixed","h":26.1,"dh":0.0,"td":0.0,"t0":0.0,"g":0,"cbd":0,"d":1.841},"geometry":{"type":"Polygon","coordinates":[[[174.7764087,-36.8613147],[174.7776845,-36.8613147],[174.7776845,-36.8603743],[174.7764087,-36.8603743],[174.7764087,-36.8613147]]]}},{"type":"Feature","id":"B0934","properties":{"z":"Z060","k":"park","h":0.0,"dh":0.0,"td":0.0,"t0":0.0,"g":0,"cbd":0,"d":1.943},"geometry":{"type":"Polygon","coordinates":[[[174.7782386,-36.8613041],[174.779214,-36.8613041],[174.779214,-36.8603849],[174.7782386,-36.8603849],[174.7782386,-36.8613041]]]}},{"type":"Feature","id":"B0935","properties":{"z":"Z060","k":"lowrise","h":10.6,"dh":0.0,"td":0.0,"t0":0.0,"g":1,"cbd":0,"d":1.732},"geometry":{"type":"Polygon","coordinates":[[[174.7765993,-36.8598895],[174.7774939,-36.8598895],[174.7774939,-36.8591113],[174.7765993,-36.8591113],[174.7765993,-36.8598895]]]}},{"type":"Feature","id":"B0936","properties":{"z":"Z060","k":"mixed","h":20.4,"dh":0.0,"td":2.2,"t0":0.0,"g":0,"cbd":0,"d":1.841},"geometry":{"type":"Polygon","coordinates":[[[174.7781186,-36.8600202],[174.779334,-36.8600202],[174.779334,-36.8589805],[174.7781186,-36.8589805],[174.7781186,-36.8600202]]]}},{"type":"Feature","id":"B0937","properties":{"z":"Z060","k":"lowrise","h":12.7,"dh":0.0,"td":0.0,"t0":0.0,"g":1,"cbd":0,"d":2.129},"geometry":{"type":"Polygon","coordinates":[[[174.781074,-36.8612425],[174.7820279,-36.8612425],[174.7820279,-36.8604464],[174.781074,-36.8604464],[174.781074,-36.8612425]]]}},{"type":"Feature","id":"B0938","properties":{"z":"Z060","k":"mixed","h":13.4,"dh":0.0,"td":0.0,"t0":0.0,"g":0,"cbd":0,"d":2.245},"geometry":{"type":"Polygon","coordinates":[[[174.7826057,-36.8612818],[174.7838555,-36.8612818],[174.7838555,-36.8604072],[174.7826057,-36.8604072],[174.7826057,-36.8612818]]]}},{"type":"Feature","id":"B0939","properties":{"z":"Z060","k":"park","h":0.0,"dh":0.0,"td":0.0,"t0":0.0,"g":0,"cbd":0,"d":2.035},"geometry":{"type":"Polygon","coordinates":[[[174.7810291,-36.8599581],[174.7820728,-36.8599581],[174.7820728,-36.8590427],[174.7810291,-36.8590427],[174.7810291,-36.8599581]]]}},{"type":"Feature","id":"B0940","properties":{"z":"Z060","k":"lowrise","h":11.5,"dh":0.0,"td":0.0,"t0":0.0,"g":1,"cbd":0,"d":2.157},"geometry":{"type":"Polygon","coordinates":[[[174.7825838,-36.859882],[174.7838774,-36.859882],[174.7838774,-36.8591188],[174.7825838,-36.8591188],[174.7825838,-36.859882]]]}},{"type":"Feature","id":"B0941","properties":{"z":"Z061","k":"residential","h":11.2,"dh":0.0,"td":0.0,"t0":0.0,"g":0,"cbd":0,"d":2.655},"geometry":{"type":"Polygon","coordinates":[[[174.784988,-36.8649061],[174.7859438,-36.8649061],[174.7859438,-36.8639918],[174.784988,-36.8639918],[174.784988,-36.8649061]]]}},{"type":"Feature","id":"B0942","properties":{"z":"Z061","k":"residential","h":9.4,"dh":0.0,"td":0.0,"t0":0.0,"g":0,"cbd":0,"d":2.768},"geometry":{"type":"Polygon","coordinates":[[[174.7865162,-36.8648373],[174.787775,-36.8648373],[174.787775,-36.8640606],[174.7865162,-36.8640606],[174.7865162,-36.8648373]]]}},{"type":"Feature","id":"B0943","properties":{"z":"Z061","k":"residential","h":14.9,"dh":2.9,"td":0.0,"t0":0.0,"g":0,"cbd":0,"d":2.558},"geometry":{"type":"Polygon","coordinates":[[[174.7849924,-36.8635006],[174.7859395,-36.8635006],[174.7859395,-36.8627092],[174.7849924,-36.8627092],[174.7849924,-36.8635006]]]}},{"type":"Feature","id":"B0944","properties":{"z":"Z061","k":"park","h":0.0,"dh":0.0,"td":0.0,"t0":0.0,"g":0,"cbd":0,"d":2.675},"geometry":{"type":"Polygon","coordinates":[[[174.7866788,-36.8635165],[174.7876124,-36.8635165],[174.7876124,-36.8626932],[174.7866788,-36.8626932],[174.7866788,-36.8635165]]]}},{"type":"Feature","id":"B0945","properties":{"z":"Z061","k":"residential","h":7.9,"dh":0.0,"td":0.7,"t0":0.0,"g":0,"cbd":0,"d":2.966},"geometry":{"type":"Polygon","coordinates":[[[174.7893654,-36.8648713],[174.7905751,-36.8648713],[174.7905751,-36.8640266],[174.7893654,-36.8640266],[174.7893654,-36.8648713]]]}},{"type":"Feature","id":"B0946","properties":{"z":"Z061","k":"residential","h":11.8,"dh":0.0,"td":0.0,"t0":0.0,"g":0,"cbd":0,"d":3.087},"geometry":{"type":"Polygon","coordinates":[[[174.7910495,-36.8648717],[174.7922503,-36.8648717],[174.7922503,-36.8640262],[174.7910495,-36.8640262],[174.7910495,-36.8648717]]]}},{"type":"Feature","id":"B0947","properties":{"z":"Z061","k":"residential","h":14.4,"dh":0.0,"td":0.0,"t0":0.0,"g":0,"cbd":0,"d":2.879},"geometry":{"type":"Polygon","coordinates":[[[174.7894938,-36.8634616],[174.7904467,-36.8634616],[174.7904467,-36.8627481],[174.7894938,-36.8627481],[174.7894938,-36.8634616]]]}},{"type":"Feature","id":"B0948","properties":{"z":"Z061","k":"residential","h":13.1,"dh":0.0,"td":0.0,"t0":0.0,"g":0,"cbd":0,"d":3.004},"geometry":{"type":"Polygon","coordinates":[[[174.791157,-36.8635893],[174.7921428,-36.8635893],[174.7921428,-36.8626204],[174.791157,-36.8626204],[174.791157,-36.8635893]]]}},{"type":"Feature","id":"B0949","properties":{"z":"Z061","k":"residential","h":18.0,"dh":0.0,"td":2.7,"t0":0.0,"g":0,"cbd":0,"d":2.406},"geometry":{"type":"Polygon","coordinates":[[[174.784917,-36.8612941],[174.7860149,-36.8612941],[174.7860149,-36.8603949],[174.784917,-36.8603949],[174.784917,-36.8612941]]]}},{"type":"Feature","id":"B0950","properties":{"z":"Z061","k":"residential","h":12.7,"dh":0.0,"td":0.8,"t0":0.0,"g":0,"cbd":0,"d":2.53},"geometry":{"type":"Polygon","coordinates":[[[174.786598,-36.8612091],[174.7876932,-36.8612091],[174.7876932,-36.8604799],[174.786598,-36.8604799],[174.786598,-36.8612091]]]}},{"type":"Feature","id":"B0951","properties":{"z":"Z061","k":"residential","h":14.6,"dh":0.0,"td":0.0,"t0":0.0,"g":0,"cbd":0,"d":2.323},"geometry":{"type":"Polygon","coordinates":[[[174.7849159,-36.860009],[174.786016,-36.860009],[174.786016,-36.8589918],[174.7849159,-36.8589918],[174.7849159,-36.860009]]]}},{"type":"Feature","id":"B0952","properties":{"z":"Z061","k":"residential","h":21.1,"dh":0.0,"td":0.0,"t0":0.0,"g":0,"cbd":0,"d":2.452},"geometry":{"type":"Polygon","coordinates":[[[174.7865231,-36.8600176],[174.7877681,-36.8600176],[174.7877681,-36.8589832],[174.7865231,-36.8589832],[174.7865231,-36.8600176]]]}},{"type":"Feature","id":"B0953","properties":{"z":"Z061","k":"park","h":0.0,"dh":0.0,"td":0.0,"t0":0.0,"g":0,"cbd":0,"d":2.745},"geometry":{"type":"Polygon","coordinates":[[[174.7894222,-36.861233],[174.7905184,-36.861233],[174.7905184,-36.860456],[174.7894222,-36.860456],[174.7894222,-36.861233]]]}},{"type":"Feature","id":"B0954","properties":{"z":"Z061","k":"residential","h":12.6,"dh":0.0,"td":0.0,"t0":0.0,"g":0,"cbd":0,"d":2.875},"geometry":{"type":"Polygon","coordinates":[[[174.7910272,-36.8613306],[174.7922726,-36.8613306],[174.7922726,-36.8603583],[174.7910272,-36.8603583],[174.7910272,-36.8613306]]]}},{"type":"Feature","id":"B0955","properties":{"z":"Z061","k":"residential","h":27.7,"dh":0.0,"td":0.0,"t0":8.18,"g":0,"cbd":0,"d":2.673},"geometry":{"type":"Polygon","coordinates":[[[174.7895194,-36.8599144],[174.7904211,-36.8599144],[174.7904211,-36.8590864],[174.7895194,-36.8590864],[174.7895194,-36.8599144]]]}},{"type":"Feature","id":"B0956","properties":{"z":"Z061","k":"residential","h":15.8,"dh":0.0,"td":1.8,"t0":0.0,"g":0,"cbd":0,"d":2.807},"geometry":{"type":"Polygon","coordinates":[[[174.7910136,-36.8598973],[174.7922863,-36.8598973],[174.7922863,-36.8591035],[174.7910136,-36.8591035],[174.7910136,-36.8598973]]]}},{"type":"Feature","id":"B0957","properties":{"z":"Z062","k":"residential","h":19.6,"dh":0.0,"td":0.8,"t0":0.0,"g":0,"cbd":0,"d":3.252},"geometry":{"type":"Polygon","coordinates":[[[174.7932812,-36.8649244],[174.7944893,-36.8649244],[174.7944893,-36.8639735],[174.7932812,-36.8639735],[174.7932812,-36.8649244]]]}},{"type":"Feature","id":"B0958","properties":{"z":"Z062","k":"residential","h":9.0,"dh":0.0,"td":0.0,"t0":0.0,"g":0,"cbd":0,"d":3.378},"geometry":{"type":"Polygon","coordinates":[[[174.7950767,-36.8648512],[174.7960531,-36.8648512],[174.7960531,-36.8640467],[174.7950767,-36.8640467],[174.7950767,-36.8648512]]]}},{"type":"Feature","id":"B0959","properties":{"z":"Z062","k":"residential","h":16.9,"dh":0.0,"td":0.0,"t0":2.23,"g":0,"cbd":0,"d":3.173},"geometry":{"type":"Polygon","coordinates":[[[174.7934195,-36.863546],[174.794351,-36.863546],[174.794351,-36.8626637],[174.7934195,-36.8626637],[174.7934195,-36.863546]]]}},{"type":"Feature","id":"B0960","properties":{"z":"Z062","k":"residential","h":13.3,"dh":0.0,"td":0.0,"t0":0.0,"g":0,"cbd":0,"d":3.302},"geometry":{"type":"Polygon","coordinates":[[[174.7950933,-36.8636001],[174.7960365,-36.8636001],[174.7960365,-36.8626096],[174.7950933,-36.8626096],[174.7950933,-36.8636001]]]}},{"type":"Feature","id":"B0961","properties":{"z":"Z062","k":"residential","h":22.9,"dh":0.0,"td":0.4,"t0":7.54,"g":0,"cbd":0,"d":3.595},"geometry":{"type":"Polygon","coordinates":[[[174.7978447,-36.8648683],[174.7989344,-36.8648683],[174.7989344,-36.8640296],[174.7978447,-36.8640296],[174.7978447,-36.8648683]]]}},{"type":"Feature","id":"B0962","properties":{"z":"Z062","k":"residential","h":13.3,"dh":0.0,"td":0.4,"t0":0.0,"g":0,"cbd":0,"d":3.726},"geometry":{"type":"Polygon","coordinates":[[[174.799525,-36.8648728],[174.8006134,-36.8648728],[174.8006134,-36.8640251],[174.799525,-36.8640251],[174.799525,-36.8648728]]]}},{"type":"Feature","id":"B0963","properties":{"z":"Z062","k":"residential","h":8.4,"dh":0.0,"td":0.0,"t0":0.0,"g":0,"cbd":0,"d":3.523},"geometry":{"type":"Polygon","coordinates":[[[174.7979337,-36.8634724],[174.7988455,-36.8634724],[174.7988455,-36.8627373],[174.7979337,-36.8627373],[174.7979337,-36.8634724]]]}},{"type":"Feature","id":"B0964","properties":{"z":"Z062","k":"residential","h":19.4,"dh":8.2,"td":0.0,"t0":0.0,"g":0,"cbd":0,"d":3.657},"geometry":{"type":"Polygon","coordinates":[[[174.7996063,-36.8636022],[174.8005322,-36.8636022],[174.8005322,-36.8626075],[174.7996063,-36.8626075],[174.7996063,-36.8636022]]]}},{"type":"Feature","id":"B0965","properties":{"z":"Z062","k":"residential","h":19.8,"dh":11.9,"td":0.0,"t0":0.0,"g":0,"cbd":0,"d":3.051},"geometry":{"type":"Polygon","coordinates":[[[174.7933976,-36.8613339],[174.7943729,-36.8613339],[174.7943729,-36.860355],[174.7933976,-36.860355],[174.7933976,-36.8613339]]]}},{"type":"Feature","id":"B0966","properties":{"z":"Z062","k":"residential","h":10.4,"dh":4.0,"td":0.0,"t0":0.0,"g":0,"cbd":0,"d":3.186},"geometry":{"type":"Polygon","coordinates":[[[174.7951062,-36.8613278],[174.7960236,-36.8613278],[174.7960236,-36.8603612],[174.7951062,-36.8603612],[174.7951062,-36.8613278]]]}},{"type":"Feature","id":"B0967","properties":{"z":"Z062","k":"park","h":0.0,"dh":0.0,"td":0.0,"t0":0.0,"g":0,"cbd":0,"d":2.987},"geometry":{"type":"Polygon","coordinates":[[[174.7933085,-36.859902],[174.794462,-36.859902],[174.794462,-36.8590988],[174.7933085,-36.8590988],[174.7933085,-36.859902]]]}},{"type":"Feature","id":"B0968","properties":{"z":"Z062","k":"park","h":0.0,"dh":0.0,"td":0.0,"t0":0.0,"g":0,"cbd":0,"d":3.124},"geometry":{"type":"Polygon","coordinates":[[[174.7950215,-36.8599314],[174.7961083,-36.8599314],[174.7961083,-36.8590694],[174.7950215,-36.8590694],[174.7950215,-36.8599314]]]}},{"type":"Feature","id":"B0969","properties":{"z":"Z062","k":"residential","h":17.7,"dh":3.2,"td":0.8,"t0":0.0,"g":0,"cbd":0,"d":3.415},"geometry":{"type":"Polygon","coordinates":[[[174.7978594,-36.8612909],[174.7989198,-36.8612909],[174.7989198,-36.8603981],[174.7978594,-36.8603981],[174.7978594,-36.8612909]]]}},{"type":"Feature","id":"B0970","properties":{"z":"Z062","k":"residential","h":9.0,"dh":0.0,"td":0.0,"t0":0.0,"g":0,"cbd":0,"d":3.552},"geometry":{"type":"Polygon","coordinates":[[[174.7996194,-36.8612044],[174.800519,-36.8612044],[174.800519,-36.8604846],[174.7996194,-36.8604846],[174.7996194,-36.8612044]]]}},{"type":"Feature","id":"B0971","properties":{"z":"Z062","k":"residential","h":9.1,"dh":0.0,"td":0.2,"t0":0.0,"g":0,"cbd":0,"d":3.357},"geometry":{"type":"Polygon","coordinates":[[[174.7978634,-36.860001],[174.7989158,-36.860001],[174.7989158,-36.8589997],[174.7978634,-36.8589997],[174.7978634,-36.860001]]]}},{"type":"Feature","id":"B0972","properties":{"z":"Z062","k":"residential","h":18.2,"dh":0.0,"td":0.0,"t0":0.0,"g":0,"cbd":0,"d":3.497},"geometry":{"type":"Polygon","coordinates":[[[174.7996203,-36.8599772],[174.8005182,-36.8599772],[174.8005182,-36.8590235],[174.7996203,-36.8590235],[174.7996203,-36.8599772]]]}},{"type":"Feature","id":"B0973","properties":{"z":"Z063","k":"residential","h":15.0,"dh":4.3,"td":0.0,"t0":0.0,"g":0,"cbd":0,"d":4.136},"geometry":{"type":"Polygon","coordinates":[[[174.7260065,-36.8717056],[174.727055,-36.8717056],[174.727055,-36.870667],[174.7260065,-36.870667],[174.7260065,-36.8717056]]]}},{"type":"Feature","id":"B0974","properties":{"z":"Z063","k":"residential","h":17.3,"dh":0.0,"td":0.0,"t0":0.0,"g":0,"cbd":0,"d":4.019},"geometry":{"type":"Polygon","coordinates":[[[174.7275767,-36.8716889],[174.7288441,-36.8716889],[174.7288441,-36.8706837],[174.7275767,-36.8706837],[174.7275767,-36.8716889]]]}},{"type":"Feature","id":"B0975","properties":{"z":"Z063","k":"residential","h":12.0,"dh":0.0,"td":0.0,"t0":0.0,"g":0,"cbd":0,"d":4.046},"geometry":{"type":"Polygon","coordinates":[[[174.72593,-36.8702688],[174.7271315,-36.8702688],[174.7271315,-36.8694155],[174.72593,-36.8694155],[174.72593,-36.8702688]]]}},{"type":"Feature","id":"B0976","properties":{"z":"Z063","k":"residential","h":17.5,"dh":0.0,"td":0.0,"t0":4.81,"g":0,"cbd":0,"d":3.926},"geometry":{"type":"Polygon","coordinates":[[[174.7275978,-36.8702661],[174.7288231,-36.8702661],[174.7288231,-36.8694183],[174.7275978,-36.8694183],[174.7275978,-36.8702661]]]}},{"type":"Feature","id":"B0977","properties":{"z":"Z063","k":"residential","h":11.0,"dh":0.0,"td":0.2,"t0":0.0,"g":0,"cbd":0,"d":3.826},"geometry":{"type":"Polygon","coordinates":[[[174.7305547,-36.8716292],[174.7315155,-36.8716292],[174.7315155,-36.8707434],[174.7305547,-36.8707434],[174.7305547,-36.8716292]]]}},{"type":"Feature","id":"B0978","properties":{"z":"Z063","k":"residential","h":17.8,"dh":0.0,"td":0.4,"t0":0.0,"g":0,"cbd":0,"d":3.715},"geometry":{"type":"Polygon","coordinates":[[[174.732168,-36.8716477],[174.7332616,-36.8716477],[174.7332616,-36.8707249],[174.732168,-36.8707249],[174.732168,-36.8716477]]]}},{"type":"Feature","id":"B0979","properties":{"z":"Z063","k":"residential","h":11.6,"dh":0.0,"td":0.0,"t0":0.0,"g":0,"cbd":0,"d":3.729},"geometry":{"type":"Polygon","coordinates":[[[174.7303901,-36.8702207],[174.7316801,-36.8702207],[174.7316801,-36.8694637],[174.7303901,-36.8694637],[174.7303901,-36.8702207]]]}},{"type":"Feature","id":"B0980","properties":{"z":"Z063","k":"residential","h":8.8,"dh":4.7,"td":0.0,"t0":0.0,"g":0,"cbd":0,"d":3.615},"geometry":{"type":"Polygon","coordinates":[[[174.7322274,-36.8702498],[174.7332021,-36.8702498],[174.7332021,-36.8694346],[174.7322274,-36.8694346],[174.7322274,-36.8702498]]]}},{"type":"Feature","id":"B0981","properties":{"z":"Z063","k":"residential","h":13.3,"dh":0.0,"td":0.0,"t0":0.0,"g":0,"cbd":0,"d":3.904},"geometry":{"type":"Polygon","coordinates":[[[174.7260718,-36.8680103],[174.7269897,-36.8680103],[174.7269897,-36.8671533],[174.7260718,-36.8671533],[174.7260718,-36.8680103]]]}},{"type":"Feature","id":"B0982","properties":{"z":"Z063","k":"residential","h":9.9,"dh":0.0,"td":0.0,"t0":0.0,"g":0,"cbd":0,"d":3.779},"geometry":{"type":"Polygon","coordinates":[[[174.7276612,-36.8681017],[174.7287597,-36.8681017],[174.7287597,-36.8670619],[174.7276612,-36.8670619],[174.7276612,-36.8681017]]]}},{"type":"Feature","id":"B0983","properties":{"z":"Z063","k":"park","h":0.0,"dh":0.0,"td":0.0,"t0":0.0,"g":0,"cbd":0,"d":3.825},"geometry":{"type":"Polygon","coordinates":[[[174.7260384,-36.8667435],[174.7270232,-36.8667435],[174.7270232,-36.8657319],[174.7260384,-36.8657319],[174.7260384,-36.8667435]]]}},{"type":"Feature","id":"B0984","properties":{"z":"Z063","k":"residential","h":13.7,"dh":0.0,"td":0.0,"t0":0.0,"g":0,"cbd":0,"d":3.697},"geometry":{"type":"Polygon","coordinates":[[[174.7277052,-36.8666592],[174.7287156,-36.8666592],[174.7287156,-36.8658162],[174.7277052,-36.8658162],[174.7277052,-36.8666592]]]}},{"type":"Feature","id":"B0985","properties":{"z":"Z063","k":"residential","h":14.2,"dh":0.0,"td":0.0,"t0":0.0,"g":0,"cbd":0,"d":3.574},"geometry":{"type":"Polygon","coordinates":[[[174.7303941,-36.8680815],[174.7316761,-36.8680815],[174.7316761,-36.8670822],[174.7303941,-36.8670822],[174.7303941,-36.8680815]]]}},{"type":"Feature","id":"B0986","properties":{"z":"Z063","k":"park","h":0.0,"dh":0.0,"td":0.0,"t0":0.0,"g":0,"cbd":0,"d":3.455},"geometry":{"type":"Polygon","coordinates":[[[174.7321981,-36.8679684],[174.7332314,-36.8679684],[174.7332314,-36.8671952],[174.7321981,-36.8671952],[174.7321981,-36.8679684]]]}},{"type":"Feature","id":"B0987","properties":{"z":"Z063","k":"residential","h":9.3,"dh":1.7,"td":0.0,"t0":0.0,"g":0,"cbd":0,"d":3.487},"geometry":{"type":"Polygon","coordinates":[[[174.7304808,-36.8666238],[174.7315894,-36.8666238],[174.7315894,-36.8658516],[174.7304808,-36.8658516],[174.7304808,-36.8666238]]]}},{"type":"Feature","id":"B0988","properties":{"z":"Z063","k":"residential","h":8.8,"dh":0.0,"td":0.3,"t0":0.0,"g":0,"cbd":0,"d":3.365},"geometry":{"type":"Polygon","coordinates":[[[174.7322619,-36.8666557],[174.7331676,-36.8666557],[174.7331676,-36.8658197],[174.7322619,-36.8658197],[174.7322619,-36.8666557]]]}},{"type":"Feature","id":"B0989","properties":{"z":"Z064","k":"residential","h":18.6,"dh":0.0,"td":0.0,"t0":0.0,"g":0,"cbd":0,"d":3.572},"geometry":{"type":"Polygon","coordinates":[[[174.7343095,-36.8715979],[174.7355907,-36.8715979],[174.7355907,-36.8707747],[174.7343095,-36.8707747],[174.7343095,-36.8715979]]]}},{"type":"Feature","id":"B0990","properties":{"z":"Z064","k":"park","h":0.0,"dh":0.0,"td":0.0,"t0":0.0,"g":0,"cbd":0,"d":3.467},"geometry":{"type":"Polygon","coordinates":[[[174.7361733,-36.8716251],[174.7370862,-36.8716251],[174.7370862,-36.8707475],[174.7361733,-36.8707475],[174.7361733,-36.8716251]]]}},{"type":"Feature","id":"B0991","properties":{"z":"Z064","k":"residential","h":14.1,"dh":0.0,"td":0.0,"t0":0.0,"g":0,"cbd":0,"d":3.467},"geometry":{"type":"Polygon","coordinates":[[[174.7344456,-36.8703338],[174.7354546,-36.8703338],[174.7354546,-36.8693506],[174.7344456,-36.8693506],[174.7344456,-36.8703338]]]}},{"type":"Feature","id":"B0992","properties":{"z":"Z064","k":"residential","h":12.7,"dh":5.6,"td":0.0,"t0":0.0,"g":0,"cbd":0,"d":3.36},"geometry":{"type":"Polygon","coordinates":[[[174.7361264,-36.8702863],[174.737133,-36.8702863],[174.737133,-36.8693981],[174.7361264,-36.8693981],[174.7361264,-36.8702863]]]}},{"type":"Feature","id":"B0993","properties":{"z":"Z064","k":"residential","h":10.8,"dh":4.8,"td":0.0,"t0":0.0,"g":0,"cbd":0,"d":3.3},"geometry":{"type":"Polygon","coordinates":[[[174.7388181,-36.8716616],[174.7400908,-36.8716616],[174.7400908,-36.870711],[174.7388181,-36.870711],[174.7388181,-36.8716616]]]}},{"type":"Feature","id":"B0994","properties":{"z":"Z064","k":"residential","h":15.2,"dh":0.0,"td":0.8,"t0":0.0,"g":0,"cbd":0,"d":3.206},"geometry":{"type":"Polygon","coordinates":[[[174.7406447,-36.8716986],[174.7416234,-36.8716986],[174.7416234,-36.870674],[174.7406447,-36.870674],[174.7406447,-36.8716986]]]}},{"type":"Feature","id":"B0995","properties":{"z":"Z064","k":"residential","h":14.6,"dh":0.0,"td":0.0,"t0":0.0,"g":0,"cbd":0,"d":3.187},"geometry":{"type":"Polygon","coordinates":[[[174.7388309,-36.8703111],[174.7400779,-36.8703111],[174.7400779,-36.8693732],[174.7388309,-36.8693732],[174.7388309,-36.8703111]]]}},{"type":"Feature","id":"B0996","properties":{"z":"Z064","k":"residential","h":8.1,"dh":0.0,"td":0.6,"t0":0.0,"g":0,"cbd":0,"d":3.089},"geometry":{"type":"Polygon","coordinates":[[[174.7405982,-36.8703588],[174.74167,-36.8703588],[174.74167,-36.8693256],[174.7405982,-36.8693256],[174.7405982,-36.8703588]]]}},{"type":"Feature","id":"B0997","properties":{"z":"Z064","k":"residential","h":15.0,"dh":0.0,"td":0.0,"t0":0.0,"g":0,"cbd":0,"d":3.3},"geometry":{"type":"Polygon","coordinates":[[[174.7343585,-36.8679689],[174.7355417,-36.8679689],[174.7355417,-36.8671948],[174.7343585,-36.8671948],[174.7343585,-36.8679689]]]}},{"type":"Feature","id":"B0998","properties":{"z":"Z064","k":"residential","h":12.6,"dh":0.0,"td":0.0,"t0":0.0,"g":0,"cbd":0,"d":3.187},"geometry":{"type":"Polygon","coordinates":[[[174.7361362,-36.8679631],[174.7371233,-36.8679631],[174.7371233,-36.8672006],[174.7361362,-36.8672006],[174.7361362,-36.8679631]]]}},{"type":"Feature","id":"B0999","properties":{"z":"Z064","k":"residential","h":8.4,"dh":0.0,"td":0.0,"t0":0.0,"g":0,"cbd":0,"d":3.206},"geometry":{"type":"Polygon","coordinates":[[[174.7344013,-36.8666677],[174.7354989,-36.8666677],[174.7354989,-36.8658077],[174.7344013,-36.8658077],[174.7344013,-36.8666677]]]}},{"type":"Feature","id":"B1000","properties":{"z":"Z064","k":"residential","h":11.8,"dh":0.0,"td":0.6,"t0":0.0,"g":0,"cbd":0,"d":3.089},"geometry":{"type":"Polygon","coordinates":[[[174.7360331,-36.8667211],[174.7372264,-36.8667211],[174.7372264,-36.8657544],[174.7360331,-36.8657544],[174.7360331,-36.8667211]]]}},{"type":"Feature","id":"B1001","properties":{"z":"Z064","k":"park","h":0.0,"dh":0.0,"td":0.0,"t0":0.0,"g":0,"cbd":0,"d":3.004},"geometry":{"type":"Polygon","coordinates":[[[174.7388259,-36.8680426],[174.740083,-36.8680426],[174.740083,-36.867121],[174.7388259,-36.867121],[174.7388259,-36.8680426]]]}},{"type":"Feature","id":"B1002","properties":{"z":"Z064","k":"residential","h":12.2,"dh":8.0,"td":0.0,"t0":0.0,"g":0,"cbd":0,"d":2.9},"geometry":{"type":"Polygon","coordinates":[[[174.7405877,-36.8679437],[174.7416804,-36.8679437],[174.7416804,-36.86722],[174.7405877,-36.86722],[174.7405877,-36.8679437]]]}},{"type":"Feature","id":"B1003","properties":{"z":"Z064","k":"residential","h":12.5,"dh":0.0,"td":0.0,"t0":0.0,"g":0,"cbd":0,"d":2.9},"geometry":{"type":"Polygon","coordinates":[[[174.7388185,-36.8666005],[174.7400903,-36.8666005],[174.7400903,-36.8658749],[174.7388185,-36.8658749],[174.7388185,-36.8666005]]]}},{"type":"Feature","id":"B1004","properties":{"z":"Z064","k":"park","h":0.0,"dh":0.0,"td":0.0,"t0":0.0,"g":0,"cbd":0,"d":2.792},"geometry":{"type":"Polygon","coordinates":[[[174.7406691,-36.8667039],[174.741599,-36.8667039],[174.741599,-36.8657715],[174.7406691,-36.8657715],[174.7406691,-36.8667039]]]}},{"type":"Feature","id":"B1005","properties":{"z":"Z065","k":"residential","h":8.5,"dh":0.0,"td":0.0,"t0":0.0,"g":0,"cbd":0,"d":3.087},"geometry":{"type":"Polygon","coordinates":[[[174.7428803,-36.8715993],[174.7438585,-36.8715993],[174.7438585,-36.8707732],[174.7428803,-36.8707732],[174.7428803,-36.8715993]]]}},{"type":"Feature","id":"B1006","properties":{"z":"Z065","k":"residential","h":8.4,"dh":5.1,"td":0.0,"t0":0.0,"g":0,"cbd":0,"d":3.004},"geometry":{"type":"Polygon","coordinates":[[[174.7446002,-36.8716743],[174.7454978,-36.8716743],[174.7454978,-36.8706983],[174.7446002,-36.8706983],[174.7446002,-36.8716743]]]}},{"type":"Feature","id":"B1007","properties":{"z":"Z065","k":"residential","h":16.5,"dh":0.0,"td":0.0,"t0":0.0,"g":0,"cbd":0,"d":2.966},"geometry":{"type":"Polygon","coordinates":[[[174.7428901,-36.8702316],[174.7438486,-36.8702316],[174.7438486,-36.8694528],[174.7428901,-36.8694528],[174.7428901,-36.8702316]]]}},{"type":"Feature","id":"B1008","properties":{"z":"Z065","k":"residential","h":11.7,"dh":0.0,"td":0.0,"t0":0.0,"g":0,"cbd":0,"d":2.879},"geometry":{"type":"Polygon","coordinates":[[[174.7445373,-36.8703329],[174.7455608,-36.8703329],[174.7455608,-36.8693515],[174.7445373,-36.8693515],[174.7445373,-36.8703329]]]}},{"type":"Feature","id":"B1009","properties":{"z":"Z065","k":"residential","h":8.6,"dh":0.0,"td":0.0,"t0":0.0,"g":0,"cbd":0,"d":2.875},"geometry":{"type":"Polygon","coordinates":[[[174.7472358,-36.8716963],[174.7485116,-36.8716963],[174.7485116,-36.8706762],[174.7472358,-36.8706762],[174.7472358,-36.8716963]]]}},{"type":"Feature","id":"B1010","properties":{"z":"Z065","k":"residential","h":13.5,"dh":0.0,"td":0.0,"t0":0.0,"g":0,"cbd":0,"d":2.807},"geometry":{"type":"Polygon","coordinates":[[[174.7490135,-36.8716022],[174.7500933,-36.8716022],[174.7500933,-36.8707704],[174.7490135,-36.8707704],[174.7490135,-36.8716022]]]}},{"type":"Feature","id":"B1011","properties":{"z":"Z065","k":"residential","h":20.8,"dh":0.0,"td":0.0,"t0":8.01,"g":0,"cbd":0,"d":2.745},"geometry":{"type":"Polygon","coordinates":[[[174.7472528,-36.8703382],[174.7484947,-36.8703382],[174.7484947,-36.8693462],[174.7472528,-36.8693462],[174.7472528,-36.8703382]]]}},{"type":"Feature","id":"B1012","properties":{"z":"Z065","k":"park","h":0.0,"dh":0.0,"td":0.0,"t0":0.0,"g":0,"cbd":0,"d":2.673},"geometry":{"type":"Polygon","coordinates":[[[174.7489126,-36.8702549],[174.7501942,-36.8702549],[174.7501942,-36.8694295],[174.7489126,-36.8694295],[174.7489126,-36.8702549]]]}},{"type":"Feature","id":"B1013","properties":{"z":"Z065","k":"residential","h":13.2,"dh":0.0,"td":1.6,"t0":0.0,"g":0,"cbd":0,"d":2.768},"geometry":{"type":"Polygon","coordinates":[[[174.7427731,-36.8680323],[174.7439657,-36.8680323],[174.7439657,-36.8671313],[174.7427731,-36.8671313],[174.7427731,-36.8680323]]]}},{"type":"Feature","id":"B1014","properties":{"z":"Z065","k":"residential","h":16.7,"dh":0.0,"td":0.0,"t0":6.07,"g":0,"cbd":0,"d":2.675},"geometry":{"type":"Polygon","coordinates":[[[174.7444383,-36.8680801],[174.7456598,-36.8680801],[174.7456598,-36.8670835],[174.7444383,-36.8670835],[174.7444383,-36.8680801]]]}},{"type":"Feature","id":"B1015","properties":{"z":"Z065","k":"residential","h":14.7,"dh":0.0,"td":0.0,"t0":0.0,"g":0,"cbd":0,"d":2.655},"geometry":{"type":"Polygon","coordinates":[[[174.7427813,-36.8666863],[174.7439574,-36.8666863],[174.7439574,-36.8657891],[174.7427813,-36.8657891],[174.7427813,-36.8666863]]]}},{"type":"Feature","id":"B1016","properties":{"z":"Z065","k":"residential","h":17.3,"dh":3.8,"td":1.5,"t0":0.0,"g":0,"cbd":0,"d":2.558},"geometry":{"type":"Polygon","coordinates":[[[174.7444592,-36.8666824],[174.7456389,-36.8666824],[174.7456389,-36.865793],[174.7444592,-36.865793],[174.7444592,-36.8666824]]]}},{"type":"Feature","id":"B1017","properties":{"z":"Z065","k":"residential","h":19.9,"dh":0.0,"td":2.6,"t0":0.0,"g":0,"cbd":0,"d":2.53},"geometry":{"type":"Polygon","coordinates":[[[174.7472615,-36.8679925],[174.7484859,-36.8679925],[174.7484859,-36.8671711],[174.7472615,-36.8671711],[174.7472615,-36.8679925]]]}},{"type":"Feature","id":"B1018","properties":{"z":"Z065","k":"residential","h":17.2,"dh":0.0,"td":0.0,"t0":0.0,"g":0,"cbd":0,"d":2.452},"geometry":{"type":"Polygon","coordinates":[[[174.7490229,-36.8680605],[174.7500839,-36.8680605],[174.7500839,-36.8671032],[174.7490229,-36.8671032],[174.7490229,-36.8680605]]]}},{"type":"Feature","id":"B1019","properties":{"z":"Z065","k":"residential","h":13.3,"dh":0.0,"td":0.0,"t0":0.0,"g":0,"cbd":0,"d":2.406},"geometry":{"type":"Polygon","coordinates":[[[174.7472425,-36.8666976],[174.7485049,-36.8666976],[174.7485049,-36.8657778],[174.7472425,-36.8657778],[174.7472425,-36.8666976]]]}},{"type":"Feature","id":"B1020","properties":{"z":"Z065","k":"residential","h":12.0,"dh":0.0,"td":0.0,"t0":0.0,"g":0,"cbd":0,"d":2.323},"geometry":{"type":"Polygon","coordinates":[[[174.7489804,-36.8666964],[174.7501263,-36.8666964],[174.7501263,-36.865779],[174.7489804,-36.865779],[174.7489804,-36.8666964]]]}},{"type":"Feature","id":"B1021","properties":{"z":"Z066","k":"residential","h":37.1,"dh":0.0,"td":0.0,"t0":1.97,"g":0,"cbd":0,"d":2.726},"geometry":{"type":"Polygon","coordinates":[[[174.7513364,-36.8715472],[174.752241,-36.8715472],[174.752241,-36.8708254],[174.7513364,-36.8708254],[174.7513364,-36.8715472]]]}},{"type":"Feature","id":"B1022","properties":{"z":"Z066","k":"residential","h":13.2,"dh":0.0,"td":1.7,"t0":0.0,"g":0,"cbd":0,"d":2.673},"geometry":{"type":"Polygon","coordinates":[[[174.7529456,-36.871604],[174.7539911,-36.871604],[174.7539911,-36.8707686],[174.7529456,-36.8707686],[174.7529456,-36.871604]]]}},{"type":"Feature","id":"B1023","properties":{"z":"Z066","k":"residential","h":15.4,"dh":0.0,"td":0.0,"t0":0.0,"g":0,"cbd":0,"d":2.588},"geometry":{"type":"Polygon","coordinates":[[[174.7512574,-36.8702174],[174.75232,-36.8702174],[174.75232,-36.869467],[174.7512574,-36.869467],[174.7512574,-36.8702174]]]}},{"type":"Feature","id":"B1024","properties":{"z":"Z066","k":"park","h":0.0,"dh":0.0,"td":0.0,"t0":0.0,"g":0,"cbd":0,"d":2.532},"geometry":{"type":"Polygon","coordinates":[[[174.752933,-36.8703085],[174.7540037,-36.8703085],[174.7540037,-36.8693758],[174.752933,-36.8693758],[174.752933,-36.8703085]]]}},{"type":"Feature","id":"B1025","properties":{"z":"Z066","k":"residential","h":10.5,"dh":0.0,"td":1.2,"t0":0.0,"g":0,"cbd":0,"d":2.601},"geometry":{"type":"Polygon","coordinates":[[[174.7557436,-36.87162],[174.7568425,-36.87162],[174.7568425,-36.8707526],[174.7557436,-36.8707526],[174.7557436,-36.87162]]]}},{"type":"Feature","id":"B1026","properties":{"z":"Z066","k":"residential","h":14.4,"dh":0.0,"td":0.0,"t0":0.0,"g":0,"cbd":0,"d":2.57},"geometry":{"type":"Polygon","coordinates":[[[174.7573292,-36.8716929],[174.7586162,-36.8716929],[174.7586162,-36.8706796],[174.7573292,-36.8706796],[174.7573292,-36.8716929]]]}},{"type":"Feature","id":"B1027","properties":{"z":"Z066","k":"residential","h":8.7,"dh":0.0,"td":0.7,"t0":0.0,"g":0,"cbd":0,"d":2.456},"geometry":{"type":"Polygon","coordinates":[[[174.7557581,-36.8702929],[174.7568279,-36.8702929],[174.7568279,-36.8693915],[174.7557581,-36.8693915],[174.7557581,-36.8702929]]]}},{"type":"Feature","id":"B1028","properties":{"z":"Z066","k":"residential","h":16.3,"dh":9.6,"td":3.4,"t0":0.0,"g":0,"cbd":0,"d":2.423},"geometry":{"type":"Polygon","coordinates":[[[174.7575157,-36.8702232],[174.7584297,-36.8702232],[174.7584297,-36.8694611],[174.7575157,-36.8694611],[174.7575157,-36.8702232]]]}},{"type":"Feature","id":"B1029","properties":{"z":"Z066","k":"park","h":0.0,"dh":0.0,"td":0.0,"t0":0.0,"g":0,"cbd":0,"d":2.359},"geometry":{"type":"Polygon","coordinates":[[[174.7511421,-36.8680985],[174.7524353,-36.8680985],[174.7524353,-36.8670652],[174.7511421,-36.8670652],[174.7511421,-36.8680985]]]}},{"type":"Feature","id":"B1030","properties":{"z":"Z066","k":"residential","h":26.1,"dh":0.0,"td":0.0,"t0":8.19,"g":0,"cbd":0,"d":2.298},"geometry":{"type":"Polygon","coordinates":[[[174.7529534,-36.8680006],[174.7539833,-36.8680006],[174.7539833,-36.867163],[174.7529534,-36.867163],[174.7529534,-36.8680006]]]}},{"type":"Feature","id":"B1031","properties":{"z":"Z066","k":"residential","h":11.9,"dh":0.0,"td":2.2,"t0":0.0,"g":0,"cbd":0,"d":2.225},"geometry":{"type":"Polygon","coordinates":[[[174.7511472,-36.8666197],[174.7524302,-36.8666197],[174.7524302,-36.8658557],[174.7511472,-36.8658557],[174.7511472,-36.8666197]]]}},{"type":"Feature","id":"B1032","properties":{"z":"Z066","k":"residential","h":19.7,"dh":0.0,"td":0.0,"t0":0.0,"g":0,"cbd":0,"d":2.16},"geometry":{"type":"Polygon","coordinates":[[[174.7528541,-36.8666438],[174.7540826,-36.8666438],[174.7540826,-36.8658317],[174.7528541,-36.8658317],[174.7528541,-36.8666438]]]}},{"type":"Feature","id":"B1033","properties":{"z":"Z066","k":"residential","h":17.6,"dh":0.0,"td":0.0,"t0":0.0,"g":0,"cbd":0,"d":2.214},"geometry":{"type":"Polygon","coordinates":[[[174.7558278,-36.8679655],[174.7567582,-36.8679655],[174.7567582,-36.8671982],[174.7558278,-36.8671982],[174.7558278,-36.8679655]]]}},{"type":"Feature","id":"B1034","properties":{"z":"Z066","k":"residential","h":21.4,"dh":0.0,"td":0.0,"t0":0.0,"g":0,"cbd":0,"d":2.177},"geometry":{"type":"Polygon","coordinates":[[[174.7573925,-36.867966],[174.7585529,-36.867966],[174.7585529,-36.8671976],[174.7573925,-36.8671976],[174.7573925,-36.867966]]]}},{"type":"Feature","id":"B1035","properties":{"z":"Z066","k":"residential","h":10.1,"dh":6.6,"td":4.1,"t0":0.0,"g":0,"cbd":0,"d":2.071},"geometry":{"type":"Polygon","coordinates":[[[174.7557783,-36.8666687],[174.7568078,-36.8666687],[174.7568078,-36.8658068],[174.7557783,-36.8658068],[174.7557783,-36.8666687]]]}},{"type":"Feature","id":"B1036","properties":{"z":"Z066","k":"residential","h":20.7,"dh":0.0,"td":0.0,"t0":0.0,"g":0,"cbd":0,"d":2.031},"geometry":{"type":"Polygon","coordinates":[[[174.7573691,-36.8667358],[174.7585763,-36.8667358],[174.7585763,-36.8657396],[174.7573691,-36.8657396],[174.7573691,-36.8667358]]]}},{"type":"Feature","id":"B1037","properties":{"z":"Z067","k":"residential","h":13.4,"dh":0.0,"td":0.0,"t0":0.0,"g":0,"cbd":0,"d":2.54},"geometry":{"type":"Polygon","coordinates":[[[174.7596629,-36.8716172],[174.7607532,-36.8716172],[174.7607532,-36.8707554],[174.7596629,-36.8707554],[174.7596629,-36.8716172]]]}},{"type":"Feature","id":"B1038","properties":{"z":"Z067","k":"residential","h":9.3,"dh":0.0,"td":0.0,"t0":0.0,"g":0,"cbd":0,"d":2.529},"geometry":{"type":"Polygon","coordinates":[[[174.761395,-36.8716167],[174.7623803,-36.8716167],[174.7623803,-36.8707559],[174.761395,-36.8707559],[174.761395,-36.8716167]]]}},{"type":"Feature","id":"B1039","properties":{"z":"Z067","k":"residential","h":14.8,"dh":0.0,"td":0.0,"t0":0.0,"g":0,"cbd":0,"d":2.392},"geometry":{"type":"Polygon","coordinates":[[[174.7595958,-36.8702384],[174.7608202,-36.8702384],[174.7608202,-36.869446],[174.7595958,-36.869446],[174.7595958,-36.8702384]]]}},{"type":"Feature","id":"B1040","properties":{"z":"Z067","k":"residential","h":20.1,"dh":0.0,"td":0.0,"t0":0.0,"g":0,"cbd":0,"d":2.379},"geometry":{"type":"Polygon","coordinates":[[[174.7613879,-36.8702882],[174.7623875,-36.8702882],[174.7623875,-36.8693962],[174.7613879,-36.8693962],[174.7613879,-36.8702882]]]}},{"type":"Feature","id":"B1041","properties":{"z":"Z067","k":"residential","h":14.5,"dh":0.0,"td":0.0,"t0":0.0,"g":0,"cbd":0,"d":2.529},"geometry":{"type":"Polygon","coordinates":[[[174.7642083,-36.8716467],[174.7652164,-36.8716467],[174.7652164,-36.8707259],[174.7642083,-36.8707259],[174.7642083,-36.8716467]]]}},{"type":"Feature","id":"B1042","properties":{"z":"Z067","k":"park","h":0.0,"dh":0.0,"td":0.0,"t0":0.0,"g":0,"cbd":0,"d":2.379},"geometry":{"type":"Polygon","coordinates":[[[174.7640754,-36.8703284],[174.7653493,-36.8703284],[174.7653493,-36.8693559],[174.7640754,-36.8693559],[174.7640754,-36.8703284]]]}},{"type":"Feature","id":"B1043","properties":{"z":"Z067","k":"residential","h":11.8,"dh":0.0,"td":2.1,"t0":0.0,"g":0,"cbd":0,"d":2.142},"geometry":{"type":"Polygon","coordinates":[[[174.7595666,-36.8680571],[174.7608495,-36.8680571],[174.7608495,-36.8671065],[174.7595666,-36.8671065],[174.7595666,-36.8680571]]]}},{"type":"Feature","id":"B1044","properties":{"z":"Z067","k":"residential","h":10.6,"dh":0.0,"td":0.0,"t0":0.0,"g":0,"cbd":0,"d":2.128},"geometry":{"type":"Polygon","coordinates":[[[174.7612609,-36.868016],[174.7625145,-36.868016],[174.7625145,-36.8671476],[174.7612609,-36.8671476],[174.7612609,-36.868016]]]}},{"type":"Feature","id":"B1045","properties":{"z":"Z067","k":"residential","h":13.1,"dh":5.2,"td":3.4,"t0":0.0,"g":0,"cbd":0,"d":1.994},"geometry":{"type":"Polygon","coordinates":[[[174.759746,-36.8666575],[174.76067,-36.8666575],[174.76067,-36.865818],[174.759746,-36.865818],[174.759746,-36.8666575]]]}},{"type":"Feature","id":"B1046","properties":{"z":"Z067","k":"residential","h":22.8,"dh":0.0,"td":0.0,"t0":0.0,"g":0,"cbd":0,"d":1.979},"geometry":{"type":"Polygon","coordinates":[[[174.761418,-36.8666653],[174.7623573,-36.8666653],[174.7623573,-36.8658101],[174.761418,-36.8658101],[174.761418,-36.8666653]]]}},{"type":"Feature","id":"B1047","properties":{"z":"Z067","k":"park","h":0.0,"dh":0.0,"td":0.0,"t0":0.0,"g":0,"cbd":0,"d":2.128},"geometry":{"type":"Polygon","coordinates":[[[174.7641719,-36.8679917],[174.7652527,-36.8679917],[174.7652527,-36.867172],[174.7641719,-36.867172],[174.7641719,-36.8679917]]]}},{"type":"Feature","id":"B1048","properties":{"z":"Z068","k":"residential","h":8.9,"dh":0.0,"td":0.0,"t0":0.0,"g":0,"cbd":0,"d":2.673},"geometry":{"type":"Polygon","coordinates":[[[174.772483,-36.871686],[174.7737803,-36.871686],[174.7737803,-36.8706865],[174.772483,-36.8706865],[174.772483,-36.871686]]]}},{"type":"Feature","id":"B1049","properties":{"z":"Z068","k":"residential","h":19.4,"dh":0.0,"td":1.4,"t0":0.0,"g":0,"cbd":0,"d":2.726},"geometry":{"type":"Polygon","coordinates":[[[174.7743608,-36.8715669],[174.7752618,-36.8715669],[174.7752618,-36.8708057],[174.7743608,-36.8708057],[174.7743608,-36.8715669]]]}},{"type":"Feature","id":"B1050","properties":{"z":"Z068","k":"residential","h":12.2,"dh":0.0,"td":1.8,"t0":0.0,"g":0,"cbd":0,"d":2.532},"geometry":{"type":"Polygon","coordinates":[[[174.772527,-36.87033],[174.7737363,-36.87033],[174.7737363,-36.8693544],[174.772527,-36.8693544],[174.772527,-36.87033]]]}},{"type":"Feature","id":"B1051","properties":{"z":"Z068","k":"residential","h":16.9,"dh":0.0,"td":1.4,"t0":0.0,"g":0,"cbd":0,"d":2.588},"geometry":{"type":"Polygon","coordinates":[[[174.7742662,-36.8702578],[174.7753564,-36.8702578],[174.7753564,-36.8694266],[174.7742662,-36.8694266],[174.7742662,-36.8702578]]]}},{"type":"Feature","id":"B1052","properties":{"z":"Z068","k":"residential","h":13.6,"dh":0.0,"td":2.1,"t0":0.0,"g":0,"cbd":0,"d":2.214},"geometry":{"type":"Polygon","coordinates":[[[174.7697875,-36.8680118],[174.7708264,-36.8680118],[174.7708264,-36.8671518],[174.7697875,-36.8671518],[174.7697875,-36.8680118]]]}},{"type":"Feature","id":"B1053","properties":{"z":"Z068","k":"residential","h":23.5,"dh":0.0,"td":4.4,"t0":0.0,"g":0,"cbd":0,"d":2.071},"geometry":{"type":"Polygon","coordinates":[[[174.7697105,-36.8667238],[174.7709034,-36.8667238],[174.7709034,-36.8657516],[174.7697105,-36.8657516],[174.7697105,-36.8667238]]]}},{"type":"Feature","id":"B1054","properties":{"z":"Z068","k":"residential","h":10.1,"dh":0.0,"td":2.1,"t0":0.0,"g":0,"cbd":0,"d":2.298},"geometry":{"type":"Polygon","coordinates":[[[174.7724833,-36.8679476],[174.77378,-36.8679476],[174.77378,-36.867216],[174.7724833,-36.867216],[174.7724833,-36.8679476]]]}},{"type":"Feature","id":"B1055","properties":{"z":"Z068","k":"residential","h":20.5,"dh":0.0,"td":0.0,"t0":0.0,"g":0,"cbd":0,"d":2.359},"geometry":{"type":"Polygon","coordinates":[[[174.77429,-36.86809],[174.7753326,-36.86809],[174.7753326,-36.8670736],[174.77429,-36.8670736],[174.77429,-36.86809]]]}},{"type":"Feature","id":"B1056","properties":{"z":"Z068","k":"residential","h":21.0,"dh":0.0,"td":0.0,"t0":0.0,"g":0,"cbd":0,"d":2.16},"geometry":{"type":"Polygon","coordinates":[[[174.7724961,-36.8666194],[174.7737672,-36.8666194],[174.7737672,-36.865856],[174.7724961,-36.865856],[174.7724961,-36.8666194]]]}},{"type":"Feature","id":"B1057","properties":{"z":"Z068","k":"residential","h":19.4,"dh":0.0,"td":0.0,"t0":0.0,"g":0,"cbd":0,"d":2.225},"geometry":{"type":"Polygon","coordinates":[[[174.7743669,-36.8665993],[174.7752557,-36.8665993],[174.7752557,-36.8658762],[174.7743669,-36.8658762],[174.7743669,-36.8665993]]]}},{"type":"Feature","id":"B1058","properties":{"z":"Z069","k":"residential","h":18.3,"dh":0.0,"td":0.0,"t0":0.0,"g":0,"cbd":0,"d":2.807},"geometry":{"type":"Polygon","coordinates":[[[174.7764411,-36.8716633],[174.7776521,-36.8716633],[174.7776521,-36.8707092],[174.7764411,-36.8707092],[174.7764411,-36.8716633]]]}},{"type":"Feature","id":"B1059","properties":{"z":"Z069","k":"residential","h":19.8,"dh":6.0,"td":0.0,"t0":0.0,"g":0,"cbd":0,"d":2.875},"geometry":{"type":"Polygon","coordinates":[[[174.778214,-36.8717053],[174.7792386,-36.8717053],[174.7792386,-36.8706672],[174.778214,-36.8706672],[174.778214,-36.8717053]]]}},{"type":"Feature","id":"B1060","properties":{"z":"Z069","k":"residential","h":18.9,"dh":0.0,"td":0.0,"t0":0.0,"g":0,"cbd":0,"d":2.673},"geometry":{"type":"Polygon","coordinates":[[[174.7764033,-36.8702302],[174.77769,-36.8702302],[174.77769,-36.8694542],[174.7764033,-36.8694542],[174.7764033,-36.8702302]]]}},{"type":"Feature","id":"B1061","properties":{"z":"Z069","k":"residential","h":9.1,"dh":5.9,"td":1.9,"t0":0.0,"g":0,"cbd":0,"d":2.745},"geometry":{"type":"Polygon","coordinates":[[[174.7782728,-36.8702723],[174.7791797,-36.8702723],[174.7791797,-36.8694121],[174.7782728,-36.8694121],[174.7782728,-36.8702723]]]}},{"type":"Feature","id":"B1062","properties":{"z":"Z069","k":"residential","h":11.5,"dh":0.0,"td":0.0,"t0":0.0,"g":0,"cbd":0,"d":3.004},"geometry":{"type":"Polygon","coordinates":[[[174.7810411,-36.8716748],[174.7820608,-36.8716748],[174.7820608,-36.8706978],[174.7810411,-36.8706978],[174.7810411,-36.8716748]]]}},{"type":"Feature","id":"B1063","properties":{"z":"Z069","k":"residential","h":9.1,"dh":0.0,"td":0.4,"t0":0.0,"g":0,"cbd":0,"d":3.087},"geometry":{"type":"Polygon","coordinates":[[[174.7827006,-36.8715922],[174.7837606,-36.8715922],[174.7837606,-36.8707804],[174.7827006,-36.8707804],[174.7827006,-36.8715922]]]}},{"type":"Feature","id":"B1064","properties":{"z":"Z069","k":"park","h":0.0,"dh":0.0,"td":0.0,"t0":0.0,"g":0,"cbd":0,"d":2.879},"geometry":{"type":"Polygon","coordinates":[[[174.7809991,-36.8703601],[174.7821028,-36.8703601],[174.7821028,-36.8693243],[174.7809991,-36.8693243],[174.7809991,-36.8703601]]]}},{"type":"Feature","id":"B1065","properties":{"z":"Z069","k":"residential","h":9.2,"dh":0.0,"td":0.0,"t0":0.0,"g":0,"cbd":0,"d":2.966},"geometry":{"type":"Polygon","coordinates":[[[174.7826735,-36.8703403],[174.7837877,-36.8703403],[174.7837877,-36.8693441],[174.7826735,-36.8693441],[174.7826735,-36.8703403]]]}},{"type":"Feature","id":"B1066","properties":{"z":"Z069","k":"residential","h":21.2,"dh":0.0,"td":0.0,"t0":0.0,"g":0,"cbd":0,"d":2.452},"geometry":{"type":"Polygon","coordinates":[[[174.7766017,-36.8679999],[174.7774915,-36.8679999],[174.7774915,-36.8671637],[174.7766017,-36.8671637],[174.7766017,-36.8679999]]]}},{"type":"Feature","id":"B1067","properties":{"z":"Z069","k":"residential","h":17.0,"dh":0.0,"td":0.0,"t0":0.0,"g":0,"cbd":0,"d":2.53},"geometry":{"type":"Polygon","coordinates":[[[174.7781414,-36.8679942],[174.7793111,-36.8679942],[174.7793111,-36.8671695],[174.7781414,-36.8671695],[174.7781414,-36.8679942]]]}},{"type":"Feature","id":"B1068","properties":{"z":"Z069","k":"residential","h":19.4,"dh":8.5,"td":4.3,"t0":0.0,"g":0,"cbd":0,"d":2.323},"geometry":{"type":"Polygon","coordinates":[[[174.7765723,-36.8667402],[174.777521,-36.8667402],[174.777521,-36.8657352],[174.7765723,-36.8657352],[174.7765723,-36.8667402]]]}},{"type":"Feature","id":"B1069","properties":{"z":"Z069","k":"residential","h":16.2,"dh":0.0,"td":1.2,"t0":0.0,"g":0,"cbd":0,"d":2.406},"geometry":{"type":"Polygon","coordinates":[[[174.7781582,-36.8666825],[174.7792943,-36.8666825],[174.7792943,-36.8657929],[174.7781582,-36.8657929],[174.7781582,-36.8666825]]]}},{"type":"Feature","id":"B1070","properties":{"z":"Z069","k":"park","h":0.0,"dh":0.0,"td":0.0,"t0":0.0,"g":0,"cbd":0,"d":2.675},"geometry":{"type":"Polygon","coordinates":[[[174.7810765,-36.8679499],[174.7820254,-36.8679499],[174.7820254,-36.8672138],[174.7810765,-36.8672138],[174.7810765,-36.8679499]]]}},{"type":"Feature","id":"B1071","properties":{"z":"Z069","k":"residential","h":20.1,"dh":6.0,"td":0.0,"t0":0.0,"g":0,"cbd":0,"d":2.768},"geometry":{"type":"Polygon","coordinates":[[[174.782655,-36.8679524],[174.7838062,-36.8679524],[174.7838062,-36.8672112],[174.782655,-36.8672112],[174.782655,-36.8679524]]]}},{"type":"Feature","id":"B1072","properties":{"z":"Z069","k":"residential","h":16.8,"dh":0.0,"td":1.1,"t0":0.0,"g":0,"cbd":0,"d":2.558},"geometry":{"type":"Polygon","coordinates":[[[174.780904,-36.866716],[174.7821979,-36.866716],[174.7821979,-36.8657594],[174.780904,-36.8657594],[174.780904,-36.866716]]]}},{"type":"Feature","id":"B1073","properties":{"z":"Z069","k":"residential","h":8.4,"dh":0.0,"td":1.1,"t0":0.0,"g":0,"cbd":0,"d":2.655},"geometry":{"type":"Polygon","coordinates":[[[174.7826018,-36.8666256],[174.7838594,-36.8666256],[174.7838594,-36.8658498],[174.7826018,-36.8658498],[174.7826018,-36.8666256]]]}},{"type":"Feature","id":"B1074","properties":{"z":"Z070","k":"residential","h":10.3,"dh":2.1,"td":0.0,"t0":0.0,"g":0,"cbd":0,"d":3.206},"geometry":{"type":"Polygon","coordinates":[[[174.7848326,-36.8716988],[174.7860992,-36.8716988],[174.7860992,-36.8706737],[174.7848326,-36.8706737],[174.7848326,-36.8716988]]]}},{"type":"Feature","id":"B1075","properties":{"z":"Z070","k":"residential","h":10.4,"dh":0.0,"td":0.0,"t0":0.0,"g":0,"cbd":0,"d":3.3},"geometry":{"type":"Polygon","coordinates":[[[174.7865257,-36.8715963],[174.7877655,-36.8715963],[174.7877655,-36.8707763],[174.7865257,-36.8707763],[174.7865257,-36.8715963]]]}},{"type":"Feature","id":"B1076","properties":{"z":"Z070","k":"park","h":0.0,"dh":0.0,"td":0.0,"t0":0.0,"g":0,"cbd":0,"d":3.089},"geometry":{"type":"Polygon","coordinates":[[[174.7849588,-36.8702596],[174.7859731,-36.8702596],[174.7859731,-36.8694248],[174.7849588,-36.8694248],[174.7849588,-36.8702596]]]}},{"type":"Feature","id":"B1077","properties":{"z":"Z070","k":"residential","h":14.8,"dh":0.0,"td":0.7,"t0":0.0,"g":0,"cbd":0,"d":3.187},"geometry":{"type":"Polygon","coordinates":[[[174.7866788,-36.8702334],[174.7876124,-36.8702334],[174.7876124,-36.8694509],[174.7866788,-36.8694509],[174.7866788,-36.8702334]]]}},{"type":"Feature","id":"B1078","properties":{"z":"Z070","k":"residential","h":18.2,"dh":0.0,"td":0.0,"t0":0.0,"g":0,"cbd":0,"d":3.467},"geometry":{"type":"Polygon","coordinates":[[[174.7893643,-36.8717057],[174.7905762,-36.8717057],[174.7905762,-36.8706668],[174.7893643,-36.8706668],[174.7893643,-36.8717057]]]}},{"type":"Feature","id":"B1079","properties":{"z":"Z070","k":"residential","h":16.0,"dh":0.0,"td":0.0,"t0":0.0,"g":0,"cbd":0,"d":3.572},"geometry":{"type":"Polygon","coordinates":[[[174.7911196,-36.8716304],[174.7921802,-36.8716304],[174.7921802,-36.8707422],[174.7911196,-36.8707422],[174.7911196,-36.8716304]]]}},{"type":"Feature","id":"B1080","properties":{"z":"Z070","k":"residential","h":11.9,"dh":0.0,"td":0.0,"t0":0.0,"g":0,"cbd":0,"d":3.36},"geometry":{"type":"Polygon","coordinates":[[[174.7893449,-36.8703196],[174.7905957,-36.8703196],[174.7905957,-36.8693648],[174.7893449,-36.8693648],[174.7893449,-36.8703196]]]}},{"type":"Feature","id":"B1081","properties":{"z":"Z070","k":"residential","h":9.5,"dh":0.0,"td":0.0,"t0":0.0,"g":0,"cbd":0,"d":3.467},"geometry":{"type":"Polygon","coordinates":[[[174.7910766,-36.8702466],[174.7922233,-36.8702466],[174.7922233,-36.8694378],[174.7910766,-36.8694378],[174.7910766,-36.8702466]]]}},{"type":"Feature","id":"B1082","properties":{"z":"Z070","k":"park","h":0.0,"dh":0.0,"td":0.0,"t0":0.0,"g":0,"cbd":0,"d":2.9},"geometry":{"type":"Polygon","coordinates":[[[174.7849821,-36.8680491],[174.7859498,-36.8680491],[174.7859498,-36.8671145],[174.7849821,-36.8671145],[174.7849821,-36.8680491]]]}},{"type":"Feature","id":"B1083","properties":{"z":"Z070","k":"residential","h":13.4,"dh":0.0,"td":0.0,"t0":0.0,"g":0,"cbd":0,"d":3.004},"geometry":{"type":"Polygon","coordinates":[[[174.7866623,-36.8680333],[174.7876289,-36.8680333],[174.7876289,-36.8671303],[174.7866623,-36.8671303],[174.7866623,-36.8680333]]]}},{"type":"Feature","id":"B1084","properties":{"z":"Z070","k":"park","h":0.0,"dh":0.0,"td":0.0,"t0":0.0,"g":0,"cbd":0,"d":2.792},"geometry":{"type":"Polygon","coordinates":[[[174.7848522,-36.8666968],[174.7860797,-36.8666968],[174.7860797,-36.8657786],[174.7848522,-36.8657786],[174.7848522,-36.8666968]]]}},{"type":"Feature","id":"B1085","properties":{"z":"Z070","k":"residential","h":13.6,"dh":0.0,"td":1.1,"t0":0.0,"g":0,"cbd":0,"d":2.9},"geometry":{"type":"Polygon","coordinates":[[[174.786537,-36.8667016],[174.7877542,-36.8667016],[174.7877542,-36.8657738],[174.786537,-36.8657738],[174.786537,-36.8667016]]]}},{"type":"Feature","id":"B1086","properties":{"z":"Z070","k":"residential","h":16.9,"dh":0.0,"td":0.0,"t0":0.0,"g":0,"cbd":0,"d":3.187},"geometry":{"type":"Polygon","coordinates":[[[174.789388,-36.8680981],[174.7905525,-36.8680981],[174.7905525,-36.8670655],[174.789388,-36.8670655],[174.789388,-36.8680981]]]}},{"type":"Feature","id":"B1087","properties":{"z":"Z070","k":"residential","h":14.3,"dh":0.0,"td":0.0,"t0":0.0,"g":0,"cbd":0,"d":3.3},"geometry":{"type":"Polygon","coordinates":[[[174.7910301,-36.8679421],[174.7922698,-36.8679421],[174.7922698,-36.8672216],[174.7910301,-36.8672216],[174.7910301,-36.8679421]]]}},{"type":"Feature","id":"B1088","properties":{"z":"Z070","k":"park","h":0.0,"dh":0.0,"td":0.0,"t0":0.0,"g":0,"cbd":0,"d":3.089},"geometry":{"type":"Polygon","coordinates":[[[174.7893501,-36.86666],[174.7905904,-36.86666],[174.7905904,-36.8658154],[174.7893501,-36.8658154],[174.7893501,-36.86666]]]}},{"type":"Feature","id":"B1089","properties":{"z":"Z070","k":"residential","h":16.8,"dh":8.1,"td":0.8,"t0":0.0,"g":0,"cbd":0,"d":3.206},"geometry":{"type":"Polygon","coordinates":[[[174.7912007,-36.8666343],[174.7920991,-36.8666343],[174.7920991,-36.8658411],[174.7912007,-36.8658411],[174.7912007,-36.8666343]]]}},{"type":"Feature","id":"B1090","properties":{"z":"Z071","k":"residential","h":11.0,"dh":4.2,"td":0.0,"t0":0.0,"g":0,"cbd":0,"d":3.715},"geometry":{"type":"Polygon","coordinates":[[[174.7932711,-36.8715542],[174.7944994,-36.8715542],[174.7944994,-36.8708183],[174.7932711,-36.8708183],[174.7932711,-36.8715542]]]}},{"type":"Feature","id":"B1091","properties":{"z":"Z071","k":"residential","h":28.8,"dh":0.0,"td":0.0,"t0":1.74,"g":0,"cbd":0,"d":3.826},"geometry":{"type":"Polygon","coordinates":[[[174.7949352,-36.871576],[174.7961946,-36.871576],[174.7961946,-36.8707966],[174.7949352,-36.8707966],[174.7949352,-36.871576]]]}},{"type":"Feature","id":"B1092","properties":{"z":"Z071","k":"residential","h":10.1,"dh":5.9,"td":0.4,"t0":0.0,"g":0,"cbd":0,"d":3.615},"geometry":{"type":"Polygon","coordinates":[[[174.7933931,-36.8703295],[174.7943774,-36.8703295],[174.7943774,-36.8693548],[174.7933931,-36.8693548],[174.7933931,-36.8703295]]]}},{"type":"Feature","id":"B1093","properties":{"z":"Z071","k":"residential","h":26.1,"dh":0.0,"td":0.7,"t0":5.8,"g":0,"cbd":0,"d":3.729},"geometry":{"type":"Polygon","coordinates":[[[174.794968,-36.8702359],[174.7961618,-36.8702359],[174.7961618,-36.8694485],[174.794968,-36.8694485],[174.794968,-36.8702359]]]}},{"type":"Feature","id":"B1094","properties":{"z":"Z071","k":"residential","h":15.5,"dh":0.0,"td":0.0,"t0":0.0,"g":0,"cbd":0,"d":4.019},"geometry":{"type":"Polygon","coordinates":[[[174.7979251,-36.8716467],[174.7988541,-36.8716467],[174.7988541,-36.8707258],[174.7979251,-36.8707258],[174.7979251,-36.8716467]]]}},{"type":"Feature","id":"B1095","properties":{"z":"Z071","k":"residential","h":12.6,"dh":0.0,"td":0.2,"t0":0.0,"g":0,"cbd":0,"d":4.136},"geometry":{"type":"Polygon","coordinates":[[[174.7995204,-36.8717011],[174.800618,-36.8717011],[174.800618,-36.8706715],[174.7995204,-36.8706715],[174.7995204,-36.8717011]]]}},{"type":"Feature","id":"B1096","properties":{"z":"Z071","k":"residential","h":9.0,"dh":0.0,"td":0.0,"t0":0.0,"g":0,"cbd":0,"d":3.926},"geometry":{"type":"Polygon","coordinates":[[[174.7979226,-36.8702869],[174.7988565,-36.8702869],[174.7988565,-36.8693975],[174.7979226,-36.8693975],[174.7979226,-36.8702869]]]}},{"type":"Feature","id":"B1097","properties":{"z":"Z071","k":"residential","h":15.5,"dh":0.0,"td":0.0,"t0":0.0,"g":0,"cbd":0,"d":4.046},"geometry":{"type":"Polygon","coordinates":[[[174.7994538,-36.8702034],[174.8006846,-36.8702034],[174.8006846,-36.869481],[174.7994538,-36.869481],[174.7994538,-36.8702034]]]}},{"type":"Feature","id":"B1098","properties":{"z":"Z071","k":"residential","h":14.5,"dh":0.0,"td":0.0,"t0":0.0,"g":0,"cbd":0,"d":3.455},"geometry":{"type":"Polygon","coordinates":[[[174.7934192,-36.8679923],[174.7943513,-36.8679923],[174.7943513,-36.8671713],[174.7934192,-36.8671713],[174.7934192,-36.8679923]]]}},{"type":"Feature","id":"B1099","properties":{"z":"Z071","k":"park","h":0.0,"dh":0.0,"td":0.0,"t0":0.0,"g":0,"cbd":0,"d":3.574},"geometry":{"type":"Polygon","coordinates":[[[174.7950383,-36.8680707],[174.7960915,-36.8680707],[174.7960915,-36.867093],[174.7950383,-36.867093],[174.7950383,-36.8680707]]]}},{"type":"Feature","id":"B1100","properties":{"z":"Z071","k":"residential","h":10.7,"dh":0.0,"td":0.0,"t0":0.0,"g":0,"cbd":0,"d":3.365},"geometry":{"type":"Polygon","coordinates":[[[174.793381,-36.8666377],[174.7943895,-36.8666377],[174.7943895,-36.8658377],[174.793381,-36.8658377],[174.793381,-36.8666377]]]}},{"type":"Feature","id":"B1101","properties":{"z":"Z071","k":"park","h":0.0,"dh":0.0,"td":0.0,"t0":0.0,"g":0,"cbd":0,"d":3.487},"geometry":{"type":"Polygon","coordinates":[[[174.7949332,-36.8666297],[174.7961966,-36.8666297],[174.7961966,-36.8658457],[174.7949332,-36.8658457],[174.7949332,-36.8666297]]]}},{"type":"Feature","id":"B1102","properties":{"z":"Z071","k":"park","h":0.0,"dh":0.0,"td":0.0,"t0":0.0,"g":0,"cbd":0,"d":3.779},"geometry":{"type":"Polygon","coordinates":[[[174.7978687,-36.8680136],[174.7989104,-36.8680136],[174.7989104,-36.86715],[174.7978687,-36.86715],[174.7978687,-36.8680136]]]}},{"type":"Feature","id":"B1103","properties":{"z":"Z071","k":"residential","h":8.5,"dh":5.8,"td":0.0,"t0":0.0,"g":0,"cbd":0,"d":3.904},"geometry":{"type":"Polygon","coordinates":[[[174.7995058,-36.8679915],[174.8006327,-36.8679915],[174.8006327,-36.8671721],[174.7995058,-36.8671721],[174.7995058,-36.8679915]]]}},{"type":"Feature","id":"B1104","properties":{"z":"Z071","k":"park","h":0.0,"dh":0.0,"td":0.0,"t0":0.0,"g":0,"cbd":0,"d":3.697},"geometry":{"type":"Polygon","coordinates":[[[174.7978103,-36.8667234],[174.7989689,-36.8667234],[174.7989689,-36.865752],[174.7978103,-36.865752],[174.7978103,-36.8667234]]]}},{"type":"Feature","id":"B1105","properties":{"z":"Z071","k":"residential","h":19.0,"dh":0.0,"td":0.0,"t0":0.0,"g":0,"cbd":0,"d":3.825},"geometry":{"type":"Polygon","coordinates":[[[174.7994645,-36.8666886],[174.8006739,-36.8666886],[174.8006739,-36.8657868],[174.7994645,-36.8657868],[174.7994645,-36.8666886]]]}},{"type":"Feature","id":"B1106","properties":{"z":"Z072","k":"park","h":0.0,"dh":0.0,"td":0.0,"t0":0.0,"g":0,"cbd":0,"d":4.632},"geometry":{"type":"Polygon","coordinates":[[[174.7258807,-36.8783746],[174.7271809,-36.8783746],[174.7271809,-36.8774727],[174.7258807,-36.8774727],[174.7258807,-36.8783746]]]}},{"type":"Feature","id":"B1107","properties":{"z":"Z072","k":"park","h":0.0,"dh":0.0,"td":0.0,"t0":0.0,"g":0,"cbd":0,"d":4.528},"geometry":{"type":"Polygon","coordinates":[[[174.7275876,-36.87831],[174.7288332,-36.87831],[174.7288332,-36.8775372],[174.7275876,-36.8775372],[174.7275876,-36.87831]]]}},{"type":"Feature","id":"B1108","properties":{"z":"Z072","k":"industrial","h":7.0,"dh":0.0,"td":0.0,"t0":0.0,"g":0,"cbd":0,"d":4.528},"geometry":{"type":"Polygon","coordinates":[[[174.7259426,-36.8770127],[174.7271189,-36.8770127],[174.7271189,-36.8761463],[174.7259426,-36.8761463],[174.7259426,-36.8770127]]]}},{"type":"Feature","id":"B1109","properties":{"z":"Z072","k":"park","h":0.0,"dh":0.0,"td":0.0,"t0":0.0,"g":0,"cbd":0,"d":4.421},"geometry":{"type":"Polygon","coordinates":[[[174.7276373,-36.8769343],[174.7287835,-36.8769343],[174.7287835,-36.8762247],[174.7276373,-36.8762247],[174.7276373,-36.8769343]]]}},{"type":"Feature","id":"B1110","properties":{"z":"Z072","k":"industrial","h":17.1,"dh":0.0,"td":0.0,"t0":0.0,"g":0,"cbd":0,"d":4.358},"geometry":{"type":"Polygon","coordinates":[[[174.7304222,-36.8784315],[174.731648,-36.8784315],[174.731648,-36.8774157],[174.7304222,-36.8774157],[174.7304222,-36.8784315]]]}},{"type":"Feature","id":"B1111","properties":{"z":"Z072","k":"industrial","h":9.4,"dh":0.0,"td":0.0,"t0":0.0,"g":0,"cbd":0,"d":4.26},"geometry":{"type":"Polygon","coordinates":[[[174.7322668,-36.8783268],[174.7331627,-36.8783268],[174.7331627,-36.8775204],[174.7322668,-36.8775204],[174.7322668,-36.8783268]]]}},{"type":"Feature","id":"B1112","properties":{"z":"Z072","k":"industrial","h":11.0,"dh":0.0,"td":0.0,"t0":0.0,"g":0,"cbd":0,"d":4.246},"geometry":{"type":"Polygon","coordinates":[[[174.7304036,-36.8770301],[174.7316666,-36.8770301],[174.7316666,-36.8761289],[174.7304036,-36.8761289],[174.7304036,-36.8770301]]]}},{"type":"Feature","id":"B1113","properties":{"z":"Z072","k":"industrial","h":13.4,"dh":0.0,"td":0.0,"t0":0.0,"g":0,"cbd":0,"d":4.147},"geometry":{"type":"Polygon","coordinates":[[[174.7321435,-36.876982],[174.733286,-36.876982],[174.733286,-36.8761771],[174.7321435,-36.8761771],[174.7321435,-36.876982]]]}},{"type":"Feature","id":"B1114","properties":{"z":"Z072","k":"industrial","h":7.7,"dh":0.0,"td":0.0,"t0":0.0,"g":0,"cbd":0,"d":4.358},"geometry":{"type":"Polygon","coordinates":[[[174.7260333,-36.874836],[174.7270282,-36.874836],[174.7270282,-36.8738023],[174.7260333,-36.8738023],[174.7260333,-36.874836]]]}},{"type":"Feature","id":"B1115","properties":{"z":"Z072","k":"industrial","h":7.0,"dh":0.0,"td":0.0,"t0":0.0,"g":0,"cbd":0,"d":4.246},"geometry":{"type":"Polygon","coordinates":[[[174.7277549,-36.8747653],[174.7286659,-36.8747653],[174.7286659,-36.873873],[174.7277549,-36.873873],[174.7277549,-36.8747653]]]}},{"type":"Feature","id":"B1116","properties":{"z":"Z072","k":"industrial","h":8.6,"dh":0.0,"td":0.0,"t0":0.0,"g":0,"cbd":0,"d":4.26},"geometry":{"type":"Polygon","coordinates":[[[174.7259888,-36.8733949],[174.7270727,-36.8733949],[174.7270727,-36.8725552],[174.7259888,-36.8725552],[174.7259888,-36.8733949]]]}},{"type":"Feature","id":"B1117","properties":{"z":"Z072","k":"industrial","h":11.2,"dh":3.6,"td":0.2,"t0":0.0,"g":0,"cbd":0,"d":4.147},"geometry":{"type":"Polygon","coordinates":[[[174.727759,-36.8733839],[174.7286618,-36.8733839],[174.7286618,-36.8725662],[174.727759,-36.8725662],[174.727759,-36.8733839]]]}},{"type":"Feature","id":"B1118","properties":{"z":"Z072","k":"industrial","h":16.4,"dh":0.0,"td":0.2,"t0":0.0,"g":0,"cbd":0,"d":4.065},"geometry":{"type":"Polygon","coordinates":[[[174.7304599,-36.8746945],[174.7316103,-36.8746945],[174.7316103,-36.8739438],[174.7304599,-36.8739438],[174.7304599,-36.8746945]]]}},{"type":"Feature","id":"B1119","properties":{"z":"Z072","k":"park","h":0.0,"dh":0.0,"td":0.0,"t0":0.0,"g":0,"cbd":0,"d":3.96},"geometry":{"type":"Polygon","coordinates":[[[174.7321291,-36.8747023],[174.7333004,-36.8747023],[174.7333004,-36.873936],[174.7321291,-36.873936],[174.7321291,-36.8747023]]]}},{"type":"Feature","id":"B1120","properties":{"z":"Z072","k":"industrial","h":12.6,"dh":0.0,"td":0.0,"t0":0.0,"g":0,"cbd":0,"d":3.96},"geometry":{"type":"Polygon","coordinates":[[[174.7305167,-36.8734392],[174.7315535,-36.8734392],[174.7315535,-36.8725109],[174.7305167,-36.8725109],[174.7305167,-36.8734392]]]}},{"type":"Feature","id":"B1121","properties":{"z":"Z072","k":"industrial","h":8.8,"dh":0.0,"td":0.0,"t0":0.0,"g":0,"cbd":0,"d":3.853},"geometry":{"type":"Polygon","coordinates":[[[174.7322623,-36.8734082],[174.7331672,-36.8734082],[174.7331672,-36.8725419],[174.7322623,-36.8725419],[174.7322623,-36.8734082]]]}},{"type":"Feature","id":"B1122","properties":{"z":"Z073","k":"park","h":0.0,"dh":0.0,"td":0.0,"t0":0.0,"g":0,"cbd":0,"d":4.136},"geometry":{"type":"Polygon","coordinates":[[[174.7344289,-36.8783288],[174.7354712,-36.8783288],[174.7354712,-36.8775184],[174.7344289,-36.8775184],[174.7344289,-36.8783288]]]}},{"type":"Feature","id":"B1123","properties":{"z":"Z073","k":"park","h":0.0,"dh":0.0,"td":0.0,"t0":0.0,"g":0,"cbd":0,"d":4.046},"geometry":{"type":"Polygon","coordinates":[[[174.7360067,-36.8783679],[174.7372528,-36.8783679],[174.7372528,-36.8774794],[174.7360067,-36.8774794],[174.7360067,-36.8783679]]]}},{"type":"Feature","id":"B1124","properties":{"z":"Z073","k":"park","h":0.0,"dh":0.0,"td":0.0,"t0":0.0,"g":0,"cbd":0,"d":4.019},"geometry":{"type":"Polygon","coordinates":[[[174.7343373,-36.8769375],[174.7355629,-36.8769375],[174.7355629,-36.8762216],[174.7343373,-36.8762216],[174.7343373,-36.8769375]]]}},{"type":"Feature","id":"B1125","properties":{"z":"Z073","k":"park","h":0.0,"dh":0.0,"td":0.0,"t0":0.0,"g":0,"cbd":0,"d":3.926},"geometry":{"type":"Polygon","coordinates":[[[174.7360075,-36.8770278],[174.7372519,-36.8770278],[174.7372519,-36.8761313],[174.7360075,-36.8761313],[174.7360075,-36.8770278]]]}},{"type":"Feature","id":"B1126","properties":{"z":"Z073","k":"park","h":0.0,"dh":0.0,"td":0.0,"t0":0.0,"g":0,"cbd":0,"d":3.904},"geometry":{"type":"Polygon","coordinates":[[[174.7389298,-36.8784061],[174.739979,-36.8784061],[174.739979,-36.8774412],[174.7389298,-36.8774412],[174.7389298,-36.8784061]]]}},{"type":"Feature","id":"B1127","properties":{"z":"Z073","k":"park","h":0.0,"dh":0.0,"td":0.0,"t0":0.0,"g":0,"cbd":0,"d":3.825},"geometry":{"type":"Polygon","coordinates":[[[174.7406157,-36.8782907],[174.7416524,-36.8782907],[174.7416524,-36.8775565],[174.7406157,-36.8775565],[174.7406157,-36.8782907]]]}},{"type":"Feature","id":"B1128","properties":{"z":"Z073","k":"park","h":0.0,"dh":0.0,"td":0.0,"t0":0.0,"g":0,"cbd":0,"d":3.779},"geometry":{"type":"Polygon","coordinates":[[[174.7389522,-36.8770034],[174.7399566,-36.8770034],[174.7399566,-36.8761556],[174.7389522,-36.8761556],[174.7389522,-36.8770034]]]}},{"type":"Feature","id":"B1129","properties":{"z":"Z073","k":"park","h":0.0,"dh":0.0,"td":0.0,"t0":0.0,"g":0,"cbd":0,"d":3.697},"geometry":{"type":"Polygon","coordinates":[[[174.7405711,-36.8770979],[174.741697,-36.8770979],[174.741697,-36.8760611],[174.7405711,-36.8760611],[174.7405711,-36.8770979]]]}},{"type":"Feature","id":"B1130","properties":{"z":"Z073","k":"residential","h":7.0,"dh":0.0,"td":0.0,"t0":0.0,"g":0,"cbd":0,"d":3.826},"geometry":{"type":"Polygon","coordinates":[[[174.7344082,-36.8747839],[174.735492,-36.8747839],[174.735492,-36.8738544],[174.7344082,-36.8738544],[174.7344082,-36.8747839]]]}},{"type":"Feature","id":"B1131","properties":{"z":"Z073","k":"park","h":0.0,"dh":0.0,"td":0.0,"t0":0.0,"g":0,"cbd":0,"d":3.729},"geometry":{"type":"Polygon","coordinates":[[[174.7360829,-36.8746998],[174.7371766,-36.8746998],[174.7371766,-36.8739385],[174.7360829,-36.8739385],[174.7360829,-36.8746998]]]}},{"type":"Feature","id":"B1132","properties":{"z":"Z073","k":"park","h":0.0,"dh":0.0,"td":0.0,"t0":0.0,"g":0,"cbd":0,"d":3.715},"geometry":{"type":"Polygon","coordinates":[[[174.7343464,-36.8734932],[174.7355537,-36.8734932],[174.7355537,-36.8724569],[174.7343464,-36.8724569],[174.7343464,-36.8734932]]]}},{"type":"Feature","id":"B1133","properties":{"z":"Z073","k":"residential","h":7.0,"dh":0.0,"td":0.0,"t0":0.0,"g":0,"cbd":0,"d":3.615},"geometry":{"type":"Polygon","coordinates":[[[174.7360734,-36.8733371],[174.7371861,-36.8733371],[174.7371861,-36.872613],[174.7360734,-36.872613],[174.7360734,-36.8733371]]]}},{"type":"Feature","id":"B1134","properties":{"z":"Z073","k":"park","h":0.0,"dh":0.0,"td":0.0,"t0":0.0,"g":0,"cbd":0,"d":3.574},"geometry":{"type":"Polygon","coordinates":[[[174.738839,-36.8746943],[174.7400698,-36.8746943],[174.7400698,-36.873944],[174.738839,-36.873944],[174.738839,-36.8746943]]]}},{"type":"Feature","id":"B1135","properties":{"z":"Z073","k":"residential","h":7.0,"dh":0.0,"td":0.0,"t0":0.0,"g":0,"cbd":0,"d":3.487},"geometry":{"type":"Polygon","coordinates":[[[174.7405238,-36.8747604],[174.7417444,-36.8747604],[174.7417444,-36.8738779],[174.7405238,-36.8738779],[174.7405238,-36.8747604]]]}},{"type":"Feature","id":"B1136","properties":{"z":"Z073","k":"park","h":0.0,"dh":0.0,"td":0.0,"t0":0.0,"g":0,"cbd":0,"d":3.455},"geometry":{"type":"Polygon","coordinates":[[[174.7388082,-36.8734559],[174.7401006,-36.8734559],[174.7401006,-36.8724942],[174.7388082,-36.8724942],[174.7388082,-36.8734559]]]}},{"type":"Feature","id":"B1137","properties":{"z":"Z073","k":"park","h":0.0,"dh":0.0,"td":0.0,"t0":0.0,"g":0,"cbd":0,"d":3.365},"geometry":{"type":"Polygon","coordinates":[[[174.7406594,-36.8734784],[174.7416088,-36.8734784],[174.7416088,-36.8724717],[174.7406594,-36.8724717],[174.7406594,-36.8734784]]]}},{"type":"Feature","id":"B1138","properties":{"z":"Z074","k":"residential","h":8.1,"dh":2.4,"td":0.0,"t0":0.0,"g":0,"cbd":0,"d":3.726},"geometry":{"type":"Polygon","coordinates":[[[174.7429027,-36.8782826],[174.7438361,-36.8782826],[174.7438361,-36.8775646],[174.7429027,-36.8775646],[174.7429027,-36.8782826]]]}},{"type":"Feature","id":"B1139","properties":{"z":"Z074","k":"residential","h":8.3,"dh":0.0,"td":0.0,"t0":0.0,"g":0,"cbd":0,"d":3.657},"geometry":{"type":"Polygon","coordinates":[[[174.7445179,-36.8784223],[174.7455802,-36.8784223],[174.7455802,-36.877425],[174.7445179,-36.877425],[174.7445179,-36.8784223]]]}},{"type":"Feature","id":"B1140","properties":{"z":"Z074","k":"residential","h":9.9,"dh":0.0,"td":0.0,"t0":0.0,"g":0,"cbd":0,"d":3.595},"geometry":{"type":"Polygon","coordinates":[[[174.7429216,-36.8770656],[174.7438172,-36.8770656],[174.7438172,-36.8760935],[174.7429216,-36.8760935],[174.7429216,-36.8770656]]]}},{"type":"Feature","id":"B1141","properties":{"z":"Z074","k":"residential","h":19.2,"dh":11.5,"td":0.0,"t0":0.0,"g":0,"cbd":0,"d":3.523},"geometry":{"type":"Polygon","coordinates":[[[174.7445085,-36.8770477],[174.7455896,-36.8770477],[174.7455896,-36.8761114],[174.7445085,-36.8761114],[174.7445085,-36.8770477]]]}},{"type":"Feature","id":"B1142","properties":{"z":"Z074","k":"residential","h":14.6,"dh":0.0,"td":0.2,"t0":0.0,"g":0,"cbd":0,"d":3.552},"geometry":{"type":"Polygon","coordinates":[[[174.7473971,-36.878333],[174.7483503,-36.878333],[174.7483503,-36.8775142],[174.7473971,-36.8775142],[174.7473971,-36.878333]]]}},{"type":"Feature","id":"B1143","properties":{"z":"Z074","k":"residential","h":19.0,"dh":0.0,"td":0.0,"t0":0.0,"g":0,"cbd":0,"d":3.497},"geometry":{"type":"Polygon","coordinates":[[[174.7490939,-36.8784333],[174.7500129,-36.8784333],[174.7500129,-36.8774139],[174.7490939,-36.8774139],[174.7490939,-36.8784333]]]}},{"type":"Feature","id":"B1144","properties":{"z":"Z074","k":"park","h":0.0,"dh":0.0,"td":0.0,"t0":0.0,"g":0,"cbd":0,"d":3.415},"geometry":{"type":"Polygon","coordinates":[[[174.7473469,-36.877063],[174.7484006,-36.877063],[174.7484006,-36.8760961],[174.7473469,-36.8760961],[174.7473469,-36.877063]]]}},{"type":"Feature","id":"B1145","properties":{"z":"Z074","k":"park","h":0.0,"dh":0.0,"td":0.0,"t0":0.0,"g":0,"cbd":0,"d":3.357},"geometry":{"type":"Polygon","coordinates":[[[174.7490569,-36.8770251],[174.7500498,-36.8770251],[174.7500498,-36.876134],[174.7490569,-36.876134],[174.7490569,-36.8770251]]]}},{"type":"Feature","id":"B1146","properties":{"z":"Z074","k":"residential","h":18.3,"dh":0.0,"td":0.0,"t0":0.0,"g":0,"cbd":0,"d":3.378},"geometry":{"type":"Polygon","coordinates":[[[174.7428349,-36.8747955],[174.7439039,-36.8747955],[174.7439039,-36.8738428],[174.7428349,-36.8738428],[174.7428349,-36.8747955]]]}},{"type":"Feature","id":"B1147","properties":{"z":"Z074","k":"residential","h":17.1,"dh":0.0,"td":0.3,"t0":0.0,"g":0,"cbd":0,"d":3.302},"geometry":{"type":"Polygon","coordinates":[[[174.7444923,-36.8747679],[174.7456058,-36.8747679],[174.7456058,-36.8738704],[174.7444923,-36.8738704],[174.7444923,-36.8747679]]]}},{"type":"Feature","id":"B1148","properties":{"z":"Z074","k":"residential","h":19.8,"dh":0.0,"td":0.0,"t0":0.0,"g":0,"cbd":0,"d":3.252},"geometry":{"type":"Polygon","coordinates":[[[174.742861,-36.8733668],[174.7438778,-36.8733668],[174.7438778,-36.8725833],[174.742861,-36.8725833],[174.742861,-36.8733668]]]}},{"type":"Feature","id":"B1149","properties":{"z":"Z074","k":"residential","h":10.9,"dh":0.0,"td":0.3,"t0":0.0,"g":0,"cbd":0,"d":3.173},"geometry":{"type":"Polygon","coordinates":[[[174.7444279,-36.8733444],[174.7456702,-36.8733444],[174.7456702,-36.8726057],[174.7444279,-36.8726057],[174.7444279,-36.8733444]]]}},{"type":"Feature","id":"B1150","properties":{"z":"Z074","k":"residential","h":13.3,"dh":0.0,"td":0.0,"t0":1.97,"g":0,"cbd":0,"d":3.186},"geometry":{"type":"Polygon","coordinates":[[[174.7473541,-36.8747206],[174.7483934,-36.8747206],[174.7483934,-36.8739177],[174.7473541,-36.8739177],[174.7473541,-36.8747206]]]}},{"type":"Feature","id":"B1151","properties":{"z":"Z074","k":"residential","h":7.6,"dh":0.0,"td":0.5,"t0":0.0,"g":0,"cbd":0,"d":3.124},"geometry":{"type":"Polygon","coordinates":[[[174.7490114,-36.8748017],[174.7500953,-36.8748017],[174.7500953,-36.8738366],[174.7490114,-36.8738366],[174.7490114,-36.8748017]]]}},{"type":"Feature","id":"B1152","properties":{"z":"Z074","k":"residential","h":15.5,"dh":0.0,"td":1.2,"t0":0.0,"g":0,"cbd":0,"d":3.051},"geometry":{"type":"Polygon","coordinates":[[[174.7473287,-36.8734062],[174.7484187,-36.8734062],[174.7484187,-36.8725439],[174.7473287,-36.8725439],[174.7473287,-36.8734062]]]}},{"type":"Feature","id":"B1153","properties":{"z":"Z074","k":"residential","h":19.6,"dh":0.0,"td":0.0,"t0":0.0,"g":0,"cbd":0,"d":2.987},"geometry":{"type":"Polygon","coordinates":[[[174.7489693,-36.8733429],[174.7501374,-36.8733429],[174.7501374,-36.8726072],[174.7489693,-36.8726072],[174.7489693,-36.8733429]]]}},{"type":"Feature","id":"B1154","properties":{"z":"Z075","k":"industrial","h":14.5,"dh":0.0,"td":0.0,"t0":0.0,"g":0,"cbd":0,"d":3.432},"geometry":{"type":"Polygon","coordinates":[[[174.7511506,-36.8783546],[174.7524268,-36.8783546],[174.7524268,-36.8774926],[174.7511506,-36.8774926],[174.7511506,-36.8783546]]]}},{"type":"Feature","id":"B1155","properties":{"z":"Z075","k":"industrial","h":12.4,"dh":0.0,"td":0.4,"t0":0.0,"g":0,"cbd":0,"d":3.391},"geometry":{"type":"Polygon","coordinates":[[[174.7529592,-36.8782943],[174.7539775,-36.8782943],[174.7539775,-36.8775529],[174.7529592,-36.8775529],[174.7529592,-36.8782943]]]}},{"type":"Feature","id":"B1156","properties":{"z":"Z075","k":"industrial","h":12.2,"dh":4.6,"td":0.0,"t0":0.0,"g":0,"cbd":0,"d":3.29},"geometry":{"type":"Polygon","coordinates":[[[174.7512735,-36.8770742],[174.7523039,-36.8770742],[174.7523039,-36.8760848],[174.7512735,-36.8760848],[174.7512735,-36.8770742]]]}},{"type":"Feature","id":"B1157","properties":{"z":"Z075","k":"industrial","h":11.7,"dh":0.0,"td":0.0,"t0":0.0,"g":0,"cbd":0,"d":3.246},"geometry":{"type":"Polygon","coordinates":[[[174.7528369,-36.8769375],[174.7540998,-36.8769375],[174.7540998,-36.8762215],[174.7528369,-36.8762215],[174.7528369,-36.8769375]]]}},{"type":"Feature","id":"B1158","properties":{"z":"Z075","k":"industrial","h":12.8,"dh":0.0,"td":0.0,"t0":0.0,"g":0,"cbd":0,"d":3.334},"geometry":{"type":"Polygon","coordinates":[[[174.7556789,-36.8783636],[174.7569072,-36.8783636],[174.7569072,-36.8774837],[174.7556789,-36.8774837],[174.7556789,-36.8783636]]]}},{"type":"Feature","id":"B1159","properties":{"z":"Z075","k":"industrial","h":15.0,"dh":0.0,"td":0.7,"t0":0.0,"g":0,"cbd":0,"d":3.31},"geometry":{"type":"Polygon","coordinates":[[[174.7573398,-36.8783352],[174.7586055,-36.8783352],[174.7586055,-36.8775121],[174.7573398,-36.8775121],[174.7573398,-36.8783352]]]}},{"type":"Feature","id":"B1160","properties":{"z":"Z075","k":"industrial","h":11.7,"dh":0.0,"td":0.0,"t0":0.0,"g":0,"cbd":0,"d":3.188},"geometry":{"type":"Polygon","coordinates":[[[174.755644,-36.8769632],[174.756942,-36.8769632],[174.756942,-36.8761958],[174.755644,-36.8761958],[174.755644,-36.8769632]]]}},{"type":"Feature","id":"B1161","properties":{"z":"Z075","k":"industrial","h":16.9,"dh":0.0,"td":0.0,"t0":0.0,"g":0,"cbd":0,"d":3.162},"geometry":{"type":"Polygon","coordinates":[[[174.7574523,-36.8770908],[174.7584931,-36.8770908],[174.7584931,-36.8760683],[174.7574523,-36.8760683],[174.7574523,-36.8770908]]]}},{"type":"Feature","id":"B1162","properties":{"z":"Z075","k":"industrial","h":9.2,"dh":0.0,"td":0.0,"t0":0.0,"g":0,"cbd":0,"d":3.052},"geometry":{"type":"Polygon","coordinates":[[[174.7513346,-36.8746767],[174.7522428,-36.8746767],[174.7522428,-36.8739616],[174.7513346,-36.8739616],[174.7513346,-36.8746767]]]}},{"type":"Feature","id":"B1163","properties":{"z":"Z075","k":"park","h":0.0,"dh":0.0,"td":0.0,"t0":0.0,"g":0,"cbd":0,"d":3.005},"geometry":{"type":"Polygon","coordinates":[[[174.7530014,-36.8748276],[174.7539353,-36.8748276],[174.7539353,-36.8738107],[174.7530014,-36.8738107],[174.7530014,-36.8748276]]]}},{"type":"Feature","id":"B1164","properties":{"z":"Z075","k":"industrial","h":11.5,"dh":0.0,"td":0.0,"t0":0.0,"g":0,"cbd":0,"d":2.911},"geometry":{"type":"Polygon","coordinates":[[[174.7511618,-36.873444],[174.7524156,-36.873444],[174.7524156,-36.8725061],[174.7511618,-36.8725061],[174.7511618,-36.873444]]]}},{"type":"Feature","id":"B1165","properties":{"z":"Z075","k":"industrial","h":13.6,"dh":3.4,"td":0.0,"t0":0.0,"g":0,"cbd":0,"d":2.862},"geometry":{"type":"Polygon","coordinates":[[[174.7529052,-36.8733888],[174.7540315,-36.8733888],[174.7540315,-36.8725613],[174.7529052,-36.8725613],[174.7529052,-36.8733888]]]}},{"type":"Feature","id":"B1166","properties":{"z":"Z075","k":"park","h":0.0,"dh":0.0,"td":0.0,"t0":0.0,"g":0,"cbd":0,"d":2.941},"geometry":{"type":"Polygon","coordinates":[[[174.7557871,-36.8747132],[174.7567989,-36.8747132],[174.7567989,-36.8739251],[174.7557871,-36.8739251],[174.7557871,-36.8747132]]]}},{"type":"Feature","id":"B1167","properties":{"z":"Z075","k":"industrial","h":29.6,"dh":0.0,"td":0.0,"t0":6.5,"g":0,"cbd":0,"d":2.913},"geometry":{"type":"Polygon","coordinates":[[[174.7574505,-36.8748356],[174.7584949,-36.8748356],[174.7584949,-36.8738027],[174.7574505,-36.8738027],[174.7574505,-36.8748356]]]}},{"type":"Feature","id":"B1168","properties":{"z":"Z075","k":"industrial","h":17.7,"dh":0.0,"td":0.0,"t0":0.0,"g":0,"cbd":0,"d":2.795},"geometry":{"type":"Polygon","coordinates":[[[174.7557186,-36.8734408],[174.7568675,-36.8734408],[174.7568675,-36.8725092],[174.7557186,-36.8725092],[174.7557186,-36.8734408]]]}},{"type":"Feature","id":"B1169","properties":{"z":"Z075","k":"industrial","h":17.9,"dh":0.0,"td":0.0,"t0":0.0,"g":0,"cbd":0,"d":2.766},"geometry":{"type":"Polygon","coordinates":[[[174.7574141,-36.8734439],[174.7585313,-36.8734439],[174.7585313,-36.8725062],[174.7574141,-36.8725062],[174.7574141,-36.8734439]]]}},{"type":"Feature","id":"B1170","properties":{"z":"Z076","k":"residential","h":7.8,"dh":0.0,"td":0.0,"t0":0.0,"g":0,"cbd":0,"d":3.287},"geometry":{"type":"Polygon","coordinates":[[[174.7597238,-36.8782832],[174.7606922,-36.8782832],[174.7606922,-36.8775641],[174.7597238,-36.8775641],[174.7597238,-36.8782832]]]}},{"type":"Feature","id":"B1171","properties":{"z":"Z076","k":"park","h":0.0,"dh":0.0,"td":0.0,"t0":0.0,"g":0,"cbd":0,"d":3.278},"geometry":{"type":"Polygon","coordinates":[[[174.7613177,-36.8784427],[174.7624576,-36.8784427],[174.7624576,-36.8774045],[174.7613177,-36.8774045],[174.7613177,-36.8784427]]]}},{"type":"Feature","id":"B1172","properties":{"z":"Z076","k":"residential","h":12.0,"dh":0.0,"td":0.0,"t0":3.7,"g":0,"cbd":0,"d":3.138},"geometry":{"type":"Polygon","coordinates":[[[174.7596314,-36.8770997],[174.7607847,-36.8770997],[174.7607847,-36.8760593],[174.7596314,-36.8760593],[174.7596314,-36.8770997]]]}},{"type":"Feature","id":"B1173","properties":{"z":"Z076","k":"park","h":0.0,"dh":0.0,"td":0.0,"t0":0.0,"g":0,"cbd":0,"d":3.128},"geometry":{"type":"Polygon","coordinates":[[[174.7613767,-36.877019],[174.7623986,-36.877019],[174.7623986,-36.8761401],[174.7613767,-36.8761401],[174.7613767,-36.877019]]]}},{"type":"Feature","id":"B1174","properties":{"z":"Z076","k":"park","h":0.0,"dh":0.0,"td":0.0,"t0":0.0,"g":0,"cbd":0,"d":3.278},"geometry":{"type":"Polygon","coordinates":[[[174.7642342,-36.8783179],[174.7651905,-36.8783179],[174.7651905,-36.8775294],[174.7642342,-36.8775294],[174.7642342,-36.8783179]]]}},{"type":"Feature","id":"B1175","properties":{"z":"Z076","k":"park","h":0.0,"dh":0.0,"td":0.0,"t0":0.0,"g":0,"cbd":0,"d":3.128},"geometry":{"type":"Polygon","coordinates":[[[174.7641645,-36.8770211],[174.7652602,-36.8770211],[174.7652602,-36.876138],[174.7641645,-36.876138],[174.7641645,-36.8770211]]]}},{"type":"Feature","id":"B1176","properties":{"z":"Z076","k":"park","h":0.0,"dh":0.0,"td":0.0,"t0":0.0,"g":0,"cbd":0,"d":2.887},"geometry":{"type":"Polygon","coordinates":[[[174.7596271,-36.8747109],[174.7607889,-36.8747109],[174.7607889,-36.8739274],[174.7596271,-36.8739274],[174.7596271,-36.8747109]]]}},{"type":"Feature","id":"B1177","properties":{"z":"Z076","k":"residential","h":9.4,"dh":0.0,"td":0.0,"t0":0.0,"g":0,"cbd":0,"d":2.877},"geometry":{"type":"Polygon","coordinates":[[[174.7613769,-36.8747769],[174.7623984,-36.8747769],[174.7623984,-36.8738614],[174.7613769,-36.8738614],[174.7613769,-36.8747769]]]}},{"type":"Feature","id":"B1178","properties":{"z":"Z076","k":"park","h":0.0,"dh":0.0,"td":0.0,"t0":0.0,"g":0,"cbd":0,"d":2.738},"geometry":{"type":"Polygon","coordinates":[[[174.759683,-36.8734897],[174.7607331,-36.8734897],[174.7607331,-36.8724604],[174.759683,-36.8724604],[174.759683,-36.8734897]]]}},{"type":"Feature","id":"B1179","properties":{"z":"Z076","k":"residential","h":7.3,"dh":0.0,"td":0.0,"t0":0.0,"g":0,"cbd":0,"d":2.727},"geometry":{"type":"Polygon","coordinates":[[[174.7614296,-36.8734847],[174.7623457,-36.8734847],[174.7623457,-36.8724654],[174.7614296,-36.8724654],[174.7614296,-36.8734847]]]}},{"type":"Feature","id":"B1180","properties":{"z":"Z076","k":"residential","h":9.0,"dh":0.0,"td":0.0,"t0":0.0,"g":0,"cbd":0,"d":2.877},"geometry":{"type":"Polygon","coordinates":[[[174.7641493,-36.8748199],[174.7652754,-36.8748199],[174.7652754,-36.8738184],[174.7641493,-36.8738184],[174.7641493,-36.8748199]]]}},{"type":"Feature","id":"B1181","properties":{"z":"Z076","k":"park","h":0.0,"dh":0.0,"td":0.0,"t0":0.0,"g":0,"cbd":0,"d":2.727},"geometry":{"type":"Polygon","coordinates":[[[174.7641568,-36.873333],[174.7652678,-36.873333],[174.7652678,-36.8726171],[174.7641568,-36.8726171],[174.7641568,-36.873333]]]}},{"type":"Feature","id":"B1182","properties":{"z":"Z077","k":"park","h":0.0,"dh":0.0,"td":0.0,"t0":0.0,"g":0,"cbd":0,"d":3.391},"geometry":{"type":"Polygon","coordinates":[[[174.772558,-36.8783144],[174.7737053,-36.8783144],[174.7737053,-36.8775329],[174.772558,-36.8775329],[174.772558,-36.8783144]]]}},{"type":"Feature","id":"B1183","properties":{"z":"Z077","k":"park","h":0.0,"dh":0.0,"td":0.0,"t0":0.0,"g":0,"cbd":0,"d":3.432},"geometry":{"type":"Polygon","coordinates":[[[174.7742942,-36.8782789],[174.7753284,-36.8782789],[174.7753284,-36.8775683],[174.7742942,-36.8775683],[174.7742942,-36.8782789]]]}},{"type":"Feature","id":"B1184","properties":{"z":"Z077","k":"park","h":0.0,"dh":0.0,"td":0.0,"t0":0.0,"g":0,"cbd":0,"d":3.246},"geometry":{"type":"Polygon","coordinates":[[[174.7724825,-36.8769515],[174.7737808,-36.8769515],[174.7737808,-36.8762075],[174.7724825,-36.8762075],[174.7724825,-36.8769515]]]}},{"type":"Feature","id":"B1185","properties":{"z":"Z077","k":"residential","h":7.0,"dh":0.0,"td":0.0,"t0":0.0,"g":0,"cbd":0,"d":3.29},"geometry":{"type":"Polygon","coordinates":[[[174.7742948,-36.8769623],[174.7753278,-36.8769623],[174.7753278,-36.8761967],[174.7742948,-36.8761967],[174.7742948,-36.8769623]]]}},{"type":"Feature","id":"B1186","properties":{"z":"Z077","k":"park","h":0.0,"dh":0.0,"td":0.0,"t0":0.0,"g":0,"cbd":0,"d":3.005},"geometry":{"type":"Polygon","coordinates":[[[174.7726451,-36.8747468],[174.7736182,-36.8747468],[174.7736182,-36.8738915],[174.7726451,-36.8738915],[174.7726451,-36.8747468]]]}},{"type":"Feature","id":"B1187","properties":{"z":"Z077","k":"residential","h":7.0,"dh":0.0,"td":0.0,"t0":0.0,"g":0,"cbd":0,"d":3.052},"geometry":{"type":"Polygon","coordinates":[[[174.7742231,-36.8747128],[174.7753995,-36.8747128],[174.7753995,-36.8739255],[174.7742231,-36.8739255],[174.7742231,-36.8747128]]]}},{"type":"Feature","id":"B1188","properties":{"z":"Z077","k":"park","h":0.0,"dh":0.0,"td":0.0,"t0":0.0,"g":0,"cbd":0,"d":2.862},"geometry":{"type":"Polygon","coordinates":[[[174.7726144,-36.8734213],[174.7736489,-36.8734213],[174.7736489,-36.8725288],[174.7726144,-36.8725288],[174.7726144,-36.8734213]]]}},{"type":"Feature","id":"B1189","properties":{"z":"Z077","k":"park","h":0.0,"dh":0.0,"td":0.0,"t0":0.0,"g":0,"cbd":0,"d":2.911},"geometry":{"type":"Polygon","coordinates":[[[174.7741995,-36.8734947],[174.7754231,-36.8734947],[174.7754231,-36.8724554],[174.7741995,-36.8724554],[174.7741995,-36.8734947]]]}},{"type":"Feature","id":"B1190","properties":{"z":"Z078","k":"residential","h":11.5,"dh":0.0,"td":0.0,"t0":0.0,"g":0,"cbd":0,"d":3.497},"geometry":{"type":"Polygon","coordinates":[[[174.7765155,-36.8784133],[174.7775778,-36.8784133],[174.7775778,-36.8774339],[174.7765155,-36.8774339],[174.7765155,-36.8784133]]]}},{"type":"Feature","id":"B1191","properties":{"z":"Z078","k":"park","h":0.0,"dh":0.0,"td":0.0,"t0":0.0,"g":0,"cbd":0,"d":3.552},"geometry":{"type":"Polygon","coordinates":[[[174.7782312,-36.8783817],[174.7792214,-36.8783817],[174.7792214,-36.8774655],[174.7782312,-36.8774655],[174.7782312,-36.8783817]]]}},{"type":"Feature","id":"B1192","properties":{"z":"Z078","k":"residential","h":16.0,"dh":11.7,"td":0.0,"t0":0.0,"g":0,"cbd":0,"d":3.357},"geometry":{"type":"Polygon","coordinates":[[[174.7765708,-36.8770085],[174.7775224,-36.8770085],[174.7775224,-36.8761506],[174.7765708,-36.8761506],[174.7765708,-36.8770085]]]}},{"type":"Feature","id":"B1193","properties":{"z":"Z078","k":"residential","h":14.9,"dh":0.0,"td":0.0,"t0":0.0,"g":0,"cbd":0,"d":3.415},"geometry":{"type":"Polygon","coordinates":[[[174.7781604,-36.8769496],[174.7792922,-36.8769496],[174.7792922,-36.8762095],[174.7781604,-36.8762095],[174.7781604,-36.8769496]]]}},{"type":"Feature","id":"B1194","properties":{"z":"Z078","k":"residential","h":14.5,"dh":0.0,"td":0.0,"t0":1.8,"g":0,"cbd":0,"d":3.657},"geometry":{"type":"Polygon","coordinates":[[[174.7810726,-36.8784221],[174.7820293,-36.8784221],[174.7820293,-36.8774252],[174.7810726,-36.8774252],[174.7810726,-36.8784221]]]}},{"type":"Feature","id":"B1195","properties":{"z":"Z078","k":"residential","h":12.1,"dh":0.0,"td":0.1,"t0":0.0,"g":0,"cbd":0,"d":3.726},"geometry":{"type":"Polygon","coordinates":[[[174.7827749,-36.8784154],[174.7836863,-36.8784154],[174.7836863,-36.8774318],[174.7827749,-36.8774318],[174.7827749,-36.8784154]]]}},{"type":"Feature","id":"B1196","properties":{"z":"Z078","k":"park","h":0.0,"dh":0.0,"td":0.0,"t0":0.0,"g":0,"cbd":0,"d":3.523},"geometry":{"type":"Polygon","coordinates":[[[174.7810207,-36.87698],[174.7820812,-36.87698],[174.7820812,-36.8761791],[174.7810207,-36.8761791],[174.7810207,-36.87698]]]}},{"type":"Feature","id":"B1197","properties":{"z":"Z078","k":"park","h":0.0,"dh":0.0,"td":0.0,"t0":0.0,"g":0,"cbd":0,"d":3.595},"geometry":{"type":"Polygon","coordinates":[[[174.7825904,-36.8769891],[174.7838708,-36.8769891],[174.7838708,-36.87617],[174.7825904,-36.87617],[174.7825904,-36.8769891]]]}},{"type":"Feature","id":"B1198","properties":{"z":"Z078","k":"park","h":0.0,"dh":0.0,"td":0.0,"t0":0.0,"g":0,"cbd":0,"d":3.124},"geometry":{"type":"Polygon","coordinates":[[[174.776588,-36.8747251],[174.7775053,-36.8747251],[174.7775053,-36.8739132],[174.776588,-36.8739132],[174.776588,-36.8747251]]]}},{"type":"Feature","id":"B1199","properties":{"z":"Z078","k":"park","h":0.0,"dh":0.0,"td":0.0,"t0":0.0,"g":0,"cbd":0,"d":3.186},"geometry":{"type":"Polygon","coordinates":[[[174.7781609,-36.8748302],[174.7792917,-36.8748302],[174.7792917,-36.8738081],[174.7781609,-36.8738081],[174.7781609,-36.8748302]]]}},{"type":"Feature","id":"B1200","properties":{"z":"Z078","k":"residential","h":17.0,"dh":0.0,"td":0.0,"t0":0.0,"g":0,"cbd":0,"d":2.987},"geometry":{"type":"Polygon","coordinates":[[[174.7764693,-36.87335],[174.777624,-36.87335],[174.777624,-36.8726001],[174.7764693,-36.8726001],[174.7764693,-36.87335]]]}},{"type":"Feature","id":"B1201","properties":{"z":"Z078","k":"residential","h":11.3,"dh":0.0,"td":0.0,"t0":0.0,"g":0,"cbd":0,"d":3.051},"geometry":{"type":"Polygon","coordinates":[[[174.7781789,-36.8734295],[174.7792737,-36.8734295],[174.7792737,-36.8725206],[174.7781789,-36.8725206],[174.7781789,-36.8734295]]]}},{"type":"Feature","id":"B1202","properties":{"z":"Z078","k":"residential","h":11.9,"dh":0.0,"td":0.5,"t0":0.0,"g":0,"cbd":0,"d":3.302},"geometry":{"type":"Polygon","coordinates":[[[174.7809904,-36.8747729],[174.7821115,-36.8747729],[174.7821115,-36.8738654],[174.7809904,-36.8738654],[174.7809904,-36.8747729]]]}},{"type":"Feature","id":"B1203","properties":{"z":"Z078","k":"residential","h":9.8,"dh":0.0,"td":0.3,"t0":0.0,"g":0,"cbd":0,"d":3.378},"geometry":{"type":"Polygon","coordinates":[[[174.7827404,-36.8748203],[174.7837208,-36.8748203],[174.7837208,-36.873818],[174.7827404,-36.873818],[174.7827404,-36.8748203]]]}},{"type":"Feature","id":"B1204","properties":{"z":"Z078","k":"residential","h":17.3,"dh":0.0,"td":0.0,"t0":0.0,"g":0,"cbd":0,"d":3.173},"geometry":{"type":"Polygon","coordinates":[[[174.7809687,-36.8733475],[174.7821332,-36.8733475],[174.7821332,-36.8726026],[174.7809687,-36.8726026],[174.7809687,-36.8733475]]]}},{"type":"Feature","id":"B1205","properties":{"z":"Z078","k":"residential","h":9.9,"dh":0.0,"td":0.5,"t0":0.0,"g":0,"cbd":0,"d":3.252},"geometry":{"type":"Polygon","coordinates":[[[174.7827772,-36.8734802],[174.783684,-36.8734802],[174.783684,-36.8724699],[174.7827772,-36.8724699],[174.7827772,-36.8734802]]]}},{"type":"Feature","id":"B1206","properties":{"z":"Z079","k":"residential","h":8.1,"dh":0.0,"td":0.2,"t0":0.0,"g":0,"cbd":0,"d":3.825},"geometry":{"type":"Polygon","coordinates":[[[174.7849221,-36.8783113],[174.7860097,-36.8783113],[174.7860097,-36.8775359],[174.7849221,-36.8775359],[174.7849221,-36.8783113]]]}},{"type":"Feature","id":"B1207","properties":{"z":"Z079","k":"park","h":0.0,"dh":0.0,"td":0.0,"t0":0.0,"g":0,"cbd":0,"d":3.904},"geometry":{"type":"Polygon","coordinates":[[[174.7866445,-36.8783622],[174.7876467,-36.8783622],[174.7876467,-36.8774851],[174.7866445,-36.8774851],[174.7866445,-36.8783622]]]}},{"type":"Feature","id":"B1208","properties":{"z":"Z079","k":"residential","h":7.0,"dh":0.0,"td":0.0,"t0":0.0,"g":0,"cbd":0,"d":3.697},"geometry":{"type":"Polygon","coordinates":[[[174.7848318,-36.877008],[174.7861001,-36.877008],[174.7861001,-36.876151],[174.7848318,-36.876151],[174.7848318,-36.877008]]]}},{"type":"Feature","id":"B1209","properties":{"z":"Z079","k":"residential","h":7.0,"dh":0.0,"td":0.0,"t0":0.0,"g":0,"cbd":0,"d":3.779},"geometry":{"type":"Polygon","coordinates":[[[174.7865806,-36.8769372],[174.7877106,-36.8769372],[174.7877106,-36.8762219],[174.7865806,-36.8762219],[174.7865806,-36.8769372]]]}},{"type":"Feature","id":"B1210","properties":{"z":"Z079","k":"park","h":0.0,"dh":0.0,"td":0.0,"t0":0.0,"g":0,"cbd":0,"d":4.046},"geometry":{"type":"Polygon","coordinates":[[[174.789466,-36.8783084],[174.7904745,-36.8783084],[174.7904745,-36.8775389],[174.789466,-36.8775389],[174.789466,-36.8783084]]]}},{"type":"Feature","id":"B1211","properties":{"z":"Z079","k":"park","h":0.0,"dh":0.0,"td":0.0,"t0":0.0,"g":0,"cbd":0,"d":4.136},"geometry":{"type":"Polygon","coordinates":[[[174.7911042,-36.8783539],[174.7921956,-36.8783539],[174.7921956,-36.8774933],[174.7911042,-36.8774933],[174.7911042,-36.8783539]]]}},{"type":"Feature","id":"B1212","properties":{"z":"Z079","k":"park","h":0.0,"dh":0.0,"td":0.0,"t0":0.0,"g":0,"cbd":0,"d":3.926},"geometry":{"type":"Polygon","coordinates":[[[174.7893235,-36.8769653],[174.7906171,-36.8769653],[174.7906171,-36.8761937],[174.7893235,-36.8761937],[174.7893235,-36.8769653]]]}},{"type":"Feature","id":"B1213","properties":{"z":"Z079","k":"park","h":0.0,"dh":0.0,"td":0.0,"t0":0.0,"g":0,"cbd":0,"d":4.019},"geometry":{"type":"Polygon","coordinates":[[[174.7910327,-36.8769583],[174.7922672,-36.8769583],[174.7922672,-36.8762008],[174.7910327,-36.8762008],[174.7910327,-36.8769583]]]}},{"type":"Feature","id":"B1214","properties":{"z":"Z079","k":"park","h":0.0,"dh":0.0,"td":0.0,"t0":0.0,"g":0,"cbd":0,"d":3.487},"geometry":{"type":"Polygon","coordinates":[[[174.784969,-36.8747169],[174.7859629,-36.8747169],[174.7859629,-36.8739214],[174.784969,-36.8739214],[174.784969,-36.8747169]]]}},{"type":"Feature","id":"B1215","properties":{"z":"Z079","k":"park","h":0.0,"dh":0.0,"td":0.0,"t0":0.0,"g":0,"cbd":0,"d":3.574},"geometry":{"type":"Polygon","coordinates":[[[174.7866846,-36.8748302],[174.7876066,-36.8748302],[174.7876066,-36.8738081],[174.7866846,-36.8738081],[174.7866846,-36.8748302]]]}},{"type":"Feature","id":"B1216","properties":{"z":"Z079","k":"park","h":0.0,"dh":0.0,"td":0.0,"t0":0.0,"g":0,"cbd":0,"d":3.365},"geometry":{"type":"Polygon","coordinates":[[[174.7848497,-36.87339],[174.7860822,-36.87339],[174.7860822,-36.8725601],[174.7848497,-36.8725601],[174.7848497,-36.87339]]]}},{"type":"Feature","id":"B1217","properties":{"z":"Z079","k":"park","h":0.0,"dh":0.0,"td":0.0,"t0":0.0,"g":0,"cbd":0,"d":3.455},"geometry":{"type":"Polygon","coordinates":[[[174.7865013,-36.8734727],[174.7877899,-36.8734727],[174.7877899,-36.8724774],[174.7865013,-36.8724774],[174.7865013,-36.8734727]]]}},{"type":"Feature","id":"B1218","properties":{"z":"Z079","k":"park","h":0.0,"dh":0.0,"td":0.0,"t0":0.0,"g":0,"cbd":0,"d":3.729},"geometry":{"type":"Polygon","coordinates":[[[174.7894319,-36.874764],[174.7905087,-36.874764],[174.7905087,-36.8738743],[174.7894319,-36.8738743],[174.7894319,-36.874764]]]}},{"type":"Feature","id":"B1219","properties":{"z":"Z079","k":"park","h":0.0,"dh":0.0,"td":0.0,"t0":0.0,"g":0,"cbd":0,"d":3.826},"geometry":{"type":"Polygon","coordinates":[[[174.7910023,-36.874752],[174.7922975,-36.874752],[174.7922975,-36.8738863],[174.7910023,-36.8738863],[174.7910023,-36.874752]]]}},{"type":"Feature","id":"B1220","properties":{"z":"Z079","k":"park","h":0.0,"dh":0.0,"td":0.0,"t0":0.0,"g":0,"cbd":0,"d":3.615},"geometry":{"type":"Polygon","coordinates":[[[174.789339,-36.8734859],[174.7906015,-36.8734859],[174.7906015,-36.8724642],[174.789339,-36.8724642],[174.789339,-36.8734859]]]}},{"type":"Feature","id":"B1221","properties":{"z":"Z079","k":"park","h":0.0,"dh":0.0,"td":0.0,"t0":0.0,"g":0,"cbd":0,"d":3.715},"geometry":{"type":"Polygon","coordinates":[[[174.7910827,-36.8734677],[174.7922171,-36.8734677],[174.7922171,-36.8724824],[174.7910827,-36.8724824],[174.7910827,-36.8734677]]]}},{"type":"Feature","id":"B1222","properties":{"z":"Z080","k":"residential","h":11.5,"dh":6.2,"td":0.0,"t0":0.0,"g":0,"cbd":0,"d":4.26},"geometry":{"type":"Polygon","coordinates":[[[174.793269,-36.8783222],[174.7945015,-36.8783222],[174.7945015,-36.877525],[174.793269,-36.877525],[174.793269,-36.8783222]]]}},{"type":"Feature","id":"B1223","properties":{"z":"Z080","k":"park","h":0.0,"dh":0.0,"td":0.0,"t0":0.0,"g":0,"cbd":0,"d":4.358},"geometry":{"type":"Polygon","coordinates":[[[174.7950147,-36.8782964],[174.7961151,-36.8782964],[174.7961151,-36.8775509],[174.7950147,-36.8775509],[174.7950147,-36.8782964]]]}},{"type":"Feature","id":"B1224","properties":{"z":"Z080","k":"residential","h":17.9,"dh":0.0,"td":0.0,"t0":0.0,"g":0,"cbd":0,"d":4.147},"geometry":{"type":"Polygon","coordinates":[[[174.7933841,-36.8769496],[174.7943863,-36.8769496],[174.7943863,-36.8762094],[174.7933841,-36.8762094],[174.7933841,-36.8769496]]]}},{"type":"Feature","id":"B1225","properties":{"z":"Z080","k":"residential","h":9.2,"dh":0.0,"td":0.0,"t0":0.0,"g":0,"cbd":0,"d":4.246},"geometry":{"type":"Polygon","coordinates":[[[174.7949676,-36.8770946],[174.7961622,-36.8770946],[174.7961622,-36.8760645],[174.7949676,-36.8760645],[174.7949676,-36.8770946]]]}},{"type":"Feature","id":"B1226","properties":{"z":"Z080","k":"park","h":0.0,"dh":0.0,"td":0.0,"t0":0.0,"g":0,"cbd":0,"d":4.528},"geometry":{"type":"Polygon","coordinates":[[[174.7978824,-36.878372],[174.7988968,-36.878372],[174.7988968,-36.8774752],[174.7978824,-36.8774752],[174.7978824,-36.878372]]]}},{"type":"Feature","id":"B1227","properties":{"z":"Z080","k":"residential","h":12.7,"dh":8.7,"td":0.1,"t0":0.0,"g":0,"cbd":0,"d":4.632},"geometry":{"type":"Polygon","coordinates":[[[174.7994947,-36.8783957],[174.8006438,-36.8783957],[174.8006438,-36.8774515],[174.7994947,-36.8774515],[174.7994947,-36.8783957]]]}},{"type":"Feature","id":"B1228","properties":{"z":"Z080","k":"residential","h":12.8,"dh":0.0,"td":0.0,"t0":0.0,"g":0,"cbd":0,"d":4.421},"geometry":{"type":"Polygon","coordinates":[[[174.7978626,-36.8770528],[174.7989166,-36.8770528],[174.7989166,-36.8761063],[174.7978626,-36.8761063],[174.7978626,-36.8770528]]]}},{"type":"Feature","id":"B1229","properties":{"z":"Z080","k":"residential","h":15.5,"dh":0.0,"td":0.0,"t0":0.0,"g":0,"cbd":0,"d":4.528},"geometry":{"type":"Polygon","coordinates":[[[174.7994969,-36.8769853],[174.8006415,-36.8769853],[174.8006415,-36.8761737],[174.7994969,-36.8761737],[174.7994969,-36.8769853]]]}},{"type":"Feature","id":"B1230","properties":{"z":"Z080","k":"park","h":0.0,"dh":0.0,"td":0.0,"t0":0.0,"g":0,"cbd":0,"d":3.96},"geometry":{"type":"Polygon","coordinates":[[[174.7932491,-36.8747493],[174.7945214,-36.8747493],[174.7945214,-36.873889],[174.7932491,-36.873889],[174.7932491,-36.8747493]]]}},{"type":"Feature","id":"B1231","properties":{"z":"Z080","k":"residential","h":16.5,"dh":0.0,"td":0.0,"t0":0.0,"g":0,"cbd":0,"d":4.065},"geometry":{"type":"Polygon","coordinates":[[[174.7950901,-36.8747707],[174.7960396,-36.8747707],[174.7960396,-36.8738676],[174.7950901,-36.8738676],[174.7950901,-36.8747707]]]}},{"type":"Feature","id":"B1232","properties":{"z":"Z080","k":"residential","h":7.8,"dh":0.0,"td":0.0,"t0":0.0,"g":0,"cbd":0,"d":3.853},"geometry":{"type":"Polygon","coordinates":[[[174.7934133,-36.8733477],[174.7943572,-36.8733477],[174.7943572,-36.8726024],[174.7934133,-36.8726024],[174.7934133,-36.8733477]]]}},{"type":"Feature","id":"B1233","properties":{"z":"Z080","k":"residential","h":9.0,"dh":2.3,"td":0.0,"t0":0.0,"g":0,"cbd":0,"d":3.96},"geometry":{"type":"Polygon","coordinates":[[[174.7950828,-36.8733918],[174.796047,-36.8733918],[174.796047,-36.8725583],[174.7950828,-36.8725583],[174.7950828,-36.8733918]]]}},{"type":"Feature","id":"B1234","properties":{"z":"Z080","k":"residential","h":13.5,"dh":0.0,"td":0.0,"t0":0.0,"g":0,"cbd":0,"d":4.246},"geometry":{"type":"Polygon","coordinates":[[[174.7978028,-36.8746843],[174.7989764,-36.8746843],[174.7989764,-36.873954],[174.7978028,-36.873954],[174.7978028,-36.8746843]]]}},{"type":"Feature","id":"B1235","properties":{"z":"Z080","k":"residential","h":18.3,"dh":5.2,"td":0.0,"t0":0.0,"g":0,"cbd":0,"d":4.358},"geometry":{"type":"Polygon","coordinates":[[[174.7995687,-36.8747452],[174.8005697,-36.8747452],[174.8005697,-36.8738931],[174.7995687,-36.8738931],[174.7995687,-36.8747452]]]}},{"type":"Feature","id":"B1236","properties":{"z":"Z080","k":"residential","h":12.3,"dh":0.0,"td":0.0,"t0":0.0,"g":0,"cbd":0,"d":4.147},"geometry":{"type":"Polygon","coordinates":[[[174.7977636,-36.8733888],[174.7990155,-36.8733888],[174.7990155,-36.8725613],[174.7977636,-36.8725613],[174.7977636,-36.8733888]]]}},{"type":"Feature","id":"B1237","properties":{"z":"Z080","k":"residential","h":15.0,"dh":3.3,"td":0.0,"t0":0.0,"g":0,"cbd":0,"d":4.26},"geometry":{"type":"Polygon","coordinates":[[[174.79953,-36.8733322],[174.8006085,-36.8733322],[174.8006085,-36.8726179],[174.79953,-36.8726179],[174.79953,-36.8733322]]]}}]}